TransactionID,Amount,Hour,TimeSinceLastTransaction,V1,V2,V3,V4,V5,MerchantRiskScore,DeviceTransactions,Fraud
1502,17.732455273207034,1,1,-0.5777431421930873,-0.7592317545099526,0.24447060636890713,1.5494199537397775,-1.309482295099386,5,9,No
2587,35.9711850207986,11,1,-1.0791317912974314,2.17784785267261,1.7624482979459097,0.5011765583790927,1.275755411339087,1,5,No
2654,14.486119203376761,0,39,-1.504672551787527,-0.162785921455058,1.8510866644088677,0.3360395309800264,0.903400949726854,3,4,No
1056,144.3173315732438,9,46,0.5473155591213005,0.7632825464756129,-1.352164057051073,0.24730288909645481,-0.18407788074731715,4,3,No
706,12.478924531720878,2,57,1.9614518237636474,-0.1262443794347809,-0.041297315340562746,1.5274523459795106,-0.5491658582980953,3,8,No
107,12.80682132624909,2,28,1.1345324486972188,0.7656955258921091,1.1323159425473455,0.5835250918333419,0.6536827088113185,1,3,No
590,165.85537082518437,2,14,-1.2069982796529997,0.18369683476007076,1.0761736552845853,-1.786664526895518,-0.549076801348817,3,4,No
2469,64.19642921406812,18,21,-0.5942776100361612,1.1904539741519027,1.321292530547531,1.050114674490225,-0.18056115336629774,3,5,No
2414,7.835378631276633,17,38,1.086083841919241,0.9242315183232139,0.01145724149896091,1.0923885674907958,0.3417929633297362,3,8,No
1601,31.34532502022029,19,32,-2.1828153455521377,0.3949362128294486,-0.16080585933565836,-0.4997762731365756,-0.19543728004423777,3,2,No
2465,16.399404778519493,6,13,-0.5231099030498442,0.46841001022675305,-1.06354588495652,0.5117921944358096,0.432679209913578,3,8,No
229,14.108206501257799,18,27,-0.44679740613887026,0.16209180855884073,0.4156659699331173,-0.14171809554383202,-0.3657567190475306,2,4,No
916,105.37313927297285,4,18,-1.2174768528621063,-1.9704332038034176,-0.6151135089253357,0.5262186479523238,-1.0776281570995785,0,5,No
795,5.5471955216546105,1,38,0.29803971486691816,-1.1817815776524143,1.0460323325513625,0.15221814929641217,1.3494526149153527,1,1,No
3022,148.59669094421565,15,53,-0.4058140815748588,-1.1354176604013404,0.8625802830476876,0.5162577339117376,1.8765937431686301,0,9,No
3544,49.627503846824666,19,33,0.25541797148428574,-1.7978434432742112,-0.44291250973272467,0.6107903529668718,-0.10287939069006907,3,2,No
1074,6.7342452536455815,4,7,-0.8962265481699585,-0.3627955837783321,-0.7915103009577013,0.2958912811892453,2.6843766067963357,5,3,No
3352,50.41671816899625,18,41,0.6900557610275667,0.6307084491469476,-0.4630095862817586,0.5260040829109638,-0.6939453002836168,3,2,No
1745,64.7949722500129,2,45,-1.316569171641841,0.3157353654259481,-0.7623447446784509,-0.5707217323111227,-0.704435479401664,1,8,No
1085,36.9806841235048,17,30,-0.5492046314253658,0.18123415437984366,0.5031718775091251,-0.03219813140260729,0.4128565179975563,3,3,No
927,27.94617122346902,23,30,1.2492295337201191,0.5076127650330521,-0.1275084590481573,0.787669309614295,0.7940584645271217,4,6,No
3050,137.49113911980308,12,5,-0.7741194443393375,-2.901082432318823,-0.6756550120598299,0.7167407013381414,0.07539973918813064,1,3,No
1118,23.074533765281505,0,39,0.3314321040365493,0.45743901612307103,2.172706623619921,0.27819002936237136,-1.9122426555188374,0,5,No
643,257.9291621588487,13,6,1.2503598245169982,1.3094803404667223,0.6713569749481262,-0.4226590705071891,0.5977908845295841,1,1,No
4768,225.58942701129527,18,38,0.5508476337887904,0.5235430419727811,1.4894942499858441,1.2788367986853582,-0.5138995185367534,3,5,Yes
502,81.05962394501198,7,51,-1.2873908131155956,0.029724661829022104,-0.2263354330321344,0.09588295927506402,0.19425215315377178,0,8,No
4067,14.525322429499882,13,37,-0.5706339596290583,-0.575801186082556,1.0543764099101958,0.5346781135654385,2.106634583500347,0,1,No
334,12.016523170459429,10,59,0.1442861491324553,-0.7304662589089517,-0.27992782620285456,-0.856115187030605,1.6291980148088911,4,5,No
4685,17.302947770752386,18,28,0.4062748242109769,0.6895033113749636,1.0530851019348697,0.7197465791446734,-0.8017068218587585,2,3,No
487,15.188181663311942,15,15,1.3839625661685588,-0.16819204522695244,0.9198043401919923,-1.7920328558838285,-0.4703630136405947,1,1,No
1963,25.257076475923125,9,20,-1.996703947603627,0.3656094634335926,0.55544086790941,1.2520750212585894,1.429628693983234,4,5,No
394,52.42511506925961,17,53,1.489638090790624,0.6490461289556837,-1.0842796008353577,-0.292671293351856,-0.1286942385447029,5,8,No
4843,11.398734005659438,15,48,1.7465987470498916,-1.443040998520334,0.5300797314277578,-1.19452181860777,1.1531734810192653,3,6,Yes
4867,23.703997966772558,4,45,0.5898885686660713,0.27636298945447546,-0.9550416852775503,-1.0236901815797261,0.7544446926576895,0,6,Yes
1756,62.103123998636256,3,4,-0.49285666370388637,1.103076666789084,0.5092295383162215,1.8484632655514626,1.7043804799670172,3,4,No
2516,18.420871622839623,2,0,-0.9840051137237156,-1.5979913601913418,0.5390596432130327,1.4331239415397288,-0.34530161537568577,4,6,No
3586,252.73386667609233,5,5,0.37307189623110804,-0.7896091052196401,-0.39411001642771426,1.0759070112790377,-2.8385384124566087,1,5,No
4316,31.418217723311496,15,53,0.11836816805876298,0.1483195709177671,0.33422204726513055,-1.0383616561440734,1.507751507945671,3,8,No
4967,41.642222422083115,21,19,0.4144792433147586,1.4119876381542313,2.3817317329351635,-0.91817686421622,1.5161822767533626,3,5,Yes
2100,155.01049991539588,13,58,0.389700890390535,2.342883558076062,0.8725686809157047,0.8347696187281046,0.03798101306933453,5,1,No
3600,133.765941738906,21,20,0.22643250211575472,0.3368322255775625,-0.3217312288559426,2.0972653386314333,1.988744666259444,2,1,No
4122,68.89885547342716,1,55,-0.42602104144152503,-0.38356115658808043,-0.2241569524846145,0.8817571203633842,1.80644507709121,1,3,No
30,50.94878961250708,22,36,-0.9357331991843516,-1.188198689120337,-1.651177759055531,-0.23495070377456886,-1.469665442070305,1,3,No
66,73.21111364541409,22,43,1.7577664666808224,-1.0296025948847793,-0.72539425762824,0.5700341960840228,-1.8560206898867897,5,6,No
839,207.96851030742636,20,31,1.9969673332808837,-0.010464794310462442,0.7062487217573207,0.5204207493003932,-0.5882173516959495,3,7,No
3907,6.7202458318359914,14,36,-0.4226587611088901,-0.7458789697133866,0.3626109034316211,0.4265524967597343,-1.7366700934096848,2,1,No
3774,57.17342719013212,17,1,0.7697099310372209,1.6800668868845343,-1.104608610837818,1.114109541767981,-0.3127783374173304,1,9,No
4636,9.980150537984212,3,48,0.39154559978802006,1.4975687773497086,-0.3943849860996477,-0.9629033968443258,0.6388044166926403,2,8,No
3162,57.20647164407324,22,59,-0.16113202552486916,0.6118392476737115,0.8298812724939856,0.6888110008150006,1.2095680676912657,3,7,No
2660,51.92577663735504,9,12,0.5043778353359186,0.5018451752151066,0.81891659989459,0.6396065150354724,2.000043051616026,2,4,No
4616,173.97248727641326,11,39,-0.4431047026873243,-0.17214535956931853,1.7063170105824161,-0.8135786510885235,1.5624121386871146,1,1,No
4629,16.47340567193125,21,39,1.1619589916409847,-1.151021405206181,-0.8774944675492429,0.38612821092473276,-0.0025419950034390125,1,2,No
2452,22.12785723386951,11,56,-0.3552325339828173,-1.1831787902197832,0.11224096427254499,-0.9168390970588787,0.47812846569247985,3,2,No
2847,18.770337978457334,13,20,-0.8405122889667441,1.9247652817184364,-0.957661114027176,-1.793948680004687,0.04310327611924365,1,1,No
1145,33.60006098299393,15,9,-0.7998235715161989,-1.0968346860906002,1.1317448106059955,-0.178881409766725,-0.1474863899922079,4,4,No
3079,9.404549300276308,18,54,-0.45449115224456677,-2.213901501515942,0.5589704232868418,-0.5561242589404028,0.31904121634133936,2,4,No
1104,55.68220259516054,17,3,-0.24908426083701707,-0.807719976349283,2.601974078158437,0.31862656780524984,0.4642495736715836,5,7,No
169,28.314161967008225,15,36,-2.6669174780328975,-0.06678867882881083,2.083210959059034,1.3261290700366843,-1.8470895859203031,2,2,No
1671,30.285819428283094,8,11,0.5791952359377902,-1.1326537657653448,-0.21056896327294264,-0.5989900460835171,-0.7018198332088703,5,2,No
2571,321.4981617652566,11,1,0.46592648828314914,1.4005242906141917,-0.8111845917461348,1.339647829141671,-0.14739557432084088,1,6,No
2378,16.46073992074229,4,47,-0.7747027921783913,0.18822870450322624,-1.008002501574517,0.886976348237032,0.8618776396898403,5,4,No
4396,42.53374124791611,10,30,0.9442641632988408,-1.1022146017913539,-0.10255021836669004,0.9068023437867944,-0.2130339531881631,2,8,No
4258,101.24812597567708,18,43,0.14752600512732794,-1.9171849761991615,-0.46795293459442144,-1.189432817192722,-0.8396591909943495,4,5,No
3863,10.137494763965105,12,10,-1.0296092037143285,0.33619092142482637,0.48904065749636483,-0.14470985465298405,-0.05210296429333683,1,7,No
24,28.37392296586937,4,22,-1.4802126611248094,1.616281753563726,0.1767876377631527,-0.9051750567435755,-0.6986324146624537,3,6,No
2634,33.292190849195954,19,29,0.5137279937950102,-0.9119233022570424,-0.08623782470029304,0.3710469852597794,1.3330290237912121,3,5,No
3341,23.378813568035756,1,51,0.7573420163106529,0.7078422637714546,0.5801556274167156,-1.2727444417427711,1.134529631249673,4,6,No
2216,33.5789106046704,20,28,-1.1939337601613753,-2.0311008426043244,0.5691315690190213,1.0703728842357088,1.956977313248455,4,1,No
3683,37.9691549138859,19,18,-1.4042820043507525,0.5262274065669381,1.5472750796642005,0.04842075734077664,-0.10328550042325643,4,4,No
4725,42.39805823438662,5,18,2.234189045279947,-0.9619916817485656,0.4629536067940666,-0.7366075397040562,-0.1681738612502927,0,1,No
1908,38.371781415705264,14,48,0.15022928147435283,-0.30194192968056843,-2.037686766302725,-0.4582066254948458,-0.7614565436873741,1,7,No
85,10.015765027929257,23,6,0.15793334883469554,-0.5643132377612419,0.7831365352724501,-0.18739922090398406,-0.9925328074971896,4,8,No
228,216.33856503874372,3,21,-0.45827766831728356,-0.07619567202394918,0.5856056418097813,-1.7598102635364925,-1.6030000815284384,0,5,No
297,44.52246929369164,2,13,0.9010788402376559,-1.8057501257682627,2.6111026783878413,-0.5743441084772188,1.4955440152017352,3,6,No
1002,15.970017589358385,13,13,0.1558250696402078,-0.5963920497834372,-1.3783017360530818,1.3054061967942658,-0.35003271952377785,3,7,No
2139,45.56294761980342,8,6,0.02873303244641783,-0.045466889189501626,0.4172544718659806,-0.5969310688011311,-0.6451357211235694,3,4,No
712,66.79736596407098,9,30,0.786599734660454,-0.1988925368850661,-1.4551974194529833,0.5689556063739339,-0.8090055249116386,2,1,No
2802,87.3396453421805,15,51,0.8009648952398705,0.03869671755062007,0.05588588271138951,-0.32376439479464314,-0.19438422496149219,1,4,No
2528,22.841573253513527,2,36,-1.0110399938149581,0.29448688080660185,-0.11737078075783812,-0.0843172440141746,0.26252951714809775,1,2,No
3753,27.71690301554834,0,51,0.48579941884012473,-1.0238209716850253,-0.7406011268317043,-0.5022461674314488,0.3823550409214328,0,6,No
3322,24.211943902368876,10,42,0.4320585519745339,-0.8792354263799301,-1.9224751858071523,1.6975612470804886,1.4814465003283863,0,2,No
3182,7.403554513965191,23,29,-1.2576363743505876,0.7227510576976323,1.1514860558300648,-0.5943948962587207,-1.0639827021268937,5,8,No
4184,349.2615895160713,5,39,-0.15209864243786073,-2.1744646468998057,-0.07449543636922677,0.03280671093190586,0.741723203612461,0,2,No
1616,56.38083940270927,23,21,1.3195291740298136,-0.07333474900022934,-0.06357200735515597,-1.28162594028312,-0.4576233546962562,0,7,No
3025,27.926898903397266,13,9,-0.5869222192511079,-0.7363237413779529,0.140806303365332,1.1268186627477805,1.197784489490969,0,6,No
1414,116.85540590729768,16,47,0.4091101991300401,1.25797343871795,1.1387008030839398,-0.5645588364319957,-1.4887610454342513,4,2,No
764,62.608827552012464,22,46,0.662207139220301,1.2589774955721018,-1.3560472087346207,-0.5973450139299826,-0.3578624970632518,3,5,No
656,45.576866025748124,23,39,-0.5580869998134319,0.9852539092594899,1.0261562807722122,-1.646892482048664,-0.8181695179002196,2,5,No
4798,176.46092830346103,0,48,0.5634092532309545,-0.6891278375298268,1.7348991204104602,2.1870697954278784,2.004573358335452,3,6,Yes
3850,14.718586107259135,13,12,1.080958721709788,0.7477889501177114,-1.4886289465782725,-1.2486061896016452,-1.1930758925458764,0,3,No
4154,14.312651844594372,11,14,0.9428377450664708,-1.7162861547151014,-0.4363751160407147,-1.3238266045224343,-0.04045068094855427,0,8,No
469,100.08235228280778,7,47,-1.1368214225134285,1.3089431565364635,0.1865941445080283,-0.6694572132105483,-0.16679546609287513,3,1,No
158,88.47672393372582,11,33,0.21881937104680035,-1.2893351974019516,-0.33503902273531805,-0.5188453132811776,0.46444995749542084,3,1,No
1296,77.12929029434272,3,23,0.27573981290673266,-0.1125664463436816,0.09815085455588131,-0.18165112862357083,1.0702437270371223,0,8,No
498,23.674360613392146,7,12,1.065656889480043,-0.5095242052727647,-1.0296250723574096,0.5048134304040838,-0.27826003836757923,2,3,No
4741,25.26263040350645,22,29,1.6637069258801755,-2.198619485110855,-0.15379809542040057,-0.07550758981835466,-0.11455231605054238,4,9,No
2941,171.1705269867961,19,41,-0.29538241549180705,0.11567814790527779,0.5955433074182512,-0.6133532614398701,0.8011063948747925,1,5,No
3457,41.943533868766366,2,29,-1.235796302904856,-1.1382381180889076,0.20195531186049384,0.5346987907833008,0.7776713045957315,5,5,No
374,76.84727932034488,7,41,-0.9725328332404135,-1.1850740433032558,1.9763887368311992,-0.9569830668381143,1.1461066390517474,0,7,No
80,24.30430415252102,17,35,0.718621625391053,-0.15802122874684088,0.5605282752728444,-0.6328434548521167,-0.17293311283992888,0,9,No
1554,22.97784304826388,2,41,0.9951573533654661,-0.43596047804847926,-0.7906266500302912,0.530406459216443,-1.481628871787679,2,5,No
1670,16.466360858631834,14,12,0.6435573650009794,0.826902898872407,-0.023947338549361843,0.2716534029927614,1.75212411066441,4,5,No
2132,343.0393347533897,16,20,1.8867033904376027,0.6773250139217691,0.4495870246333079,0.7403372722948937,0.4665888170021589,1,6,No
4440,12.648357898079324,10,0,-1.3761358821506766,-0.3652843158149106,1.3802591534950248,0.6096639835968173,0.7830481965571856,4,4,No
466,20.932955076747636,13,57,-0.6726461511894929,0.10486326594188623,0.45223074914591294,-0.09745912551344407,0.24801351071422595,5,7,No
249,604.9024281506216,19,36,-0.046353702580765745,1.5160251245495246,1.1219110690741252,-0.5851840765266658,-1.396872909282786,1,2,No
932,51.84839948248483,1,34,-0.46268128838457045,1.6929100451277126,-0.2668432720982738,-0.1675748377442145,0.5092553637989424,5,3,No
1336,212.61750656945833,21,59,0.5269230185375029,0.13679175608229402,0.2786397603138164,-1.4313389482324363,-0.7948719909630466,3,2,No
4525,93.62089629990169,20,20,-0.2980075276990606,2.743142601279412,0.2908676630835595,-1.2668069170871836,-0.4775825775205952,4,2,No
1339,498.0724394644886,5,55,-0.5288704375701501,-1.658835976661862,-0.13383523410253537,0.31077995682991316,-0.8966325848654781,4,1,No
1407,42.77299091937649,1,25,-0.5312731819524812,-0.7773635613937209,0.48694776049680805,0.0061693653342358,-0.52291233502861,1,6,No
1091,18.24536545931933,9,23,0.5508402004481098,0.8781519119238236,-0.19662769837255958,1.1484077474873402,1.2021738314308965,2,7,No
4210,23.487404087456262,23,48,-0.5638763678911545,-1.3201728363818164,1.5641288349392,2.15984435088373,0.41186252229284803,4,8,No
743,11.93382709414233,10,34,0.21489124675346327,1.0341900957667707,1.2716851966347333,0.2830989193492951,-0.1146123590003228,4,8,No
2324,33.50572828245327,11,52,-0.3111015696781119,2.4156419264140396,-0.31308397450644404,0.7449042996231737,0.37837202825484684,0,3,No
3602,371.5953658709807,5,40,-2.407111917968641,-1.8645494833922944,1.0641633064952398,1.6193734479288204,0.5537346240227772,0,8,No
2124,35.43398040090952,5,24,1.6632101128886154,0.7114888270604257,-0.3451965488596724,0.9816556346188225,-1.5871938013873703,5,6,No
2095,36.400864812939396,5,14,-0.3938264187449053,2.1821106519534137,-1.0961672347066005,-1.4718402205374563,-0.42110538712392287,5,7,No
241,13.77891082012927,2,15,-0.7189470318695635,-0.26477177090473386,-0.4183850696159234,0.8117590984793583,-0.1125699069679908,2,9,No
2352,61.65789685414719,18,1,0.04355290542735449,-1.8882209986724166,-0.2866213487470736,0.6453320488566818,-1.0259150349639117,2,2,No
1371,7.280832602952626,5,25,-1.194393792542571,-0.15727664313061587,2.1552875982895463,-1.0277052036965477,-0.16122438970404027,1,1,No
1058,49.95746373299915,16,0,0.47271962736877593,-0.44242757477962213,-1.3844061316090193,-1.1857872136176675,-0.27218889943128377,3,3,No
4817,579.988196840866,20,10,0.7711625951561636,-0.14429452949610994,0.9215655763608013,0.4183016004906306,1.3120146176143428,2,4,Yes
200,28.122138172355058,3,55,0.3234740834923381,-0.057554662465918886,-0.39036432459966475,-0.8947539873680995,0.7277129120327611,0,7,No
2281,113.89163069142889,16,29,-0.47636575650187174,0.4088994504790421,0.7378879895483643,-1.5513266993994321,1.7016934475488603,4,6,No
4750,5.763137149862945,4,4,-0.29615865287187165,0.23080565848884607,1.526927712881154,1.1928030798003848,0.20892954641490735,5,1,No
2221,36.331293363606406,15,0,1.045547467252617,0.040267591244210886,0.06842354229428835,-0.3256689567781744,-0.8896638105646044,0,5,No
4772,3.1652844355398932,19,58,0.7915353017398,-3.2561491882124116,0.053200126223976074,-0.1608030462540655,0.16088627091798346,3,6,Yes
2820,76.95141972041894,15,5,0.27665519096546437,0.7006892981874261,0.2089741014670074,1.7095572080877297,-0.6824617232361911,3,3,No
3151,43.40112602777399,20,55,0.9019488247018836,0.526391325444487,-0.32528373503022706,-0.20539044333749268,-0.3928622153101874,4,6,No
4257,5.827441602974039,16,33,0.8546175892516872,0.04158829574698715,1.3916670522732657,0.529484966419522,0.912123116902793,2,4,No
3108,37.780701389847714,3,19,-1.3807206006046315,0.3365431727677922,-0.6556913355511337,0.5102585746963781,0.14653130647672571,5,8,No
1974,180.65455702186745,21,16,1.1459495013935026,0.39126015523412894,-0.7752347063340846,0.5943021814737639,0.16960796092996308,1,8,No
1376,47.681071204080645,21,38,0.10027069903925505,0.19803916024073265,2.221803904642779,0.06380709241374871,-0.567279799488263,5,3,No
3969,17.848966246991424,21,56,-0.5616066216414509,-2.230525167376863,-2.761529543291938,-0.0735983373753819,0.8818785908660279,3,3,No
4063,17.251954313514368,21,34,-1.549238739344786,-1.7720547279446817,-0.7865365995011847,0.6573621328036797,0.1432267129082201,0,7,No
4446,11.271344747886813,20,59,-0.6417719539603909,0.060079502968917654,-0.39882292166447175,-2.8632766476701437,0.6114695614875086,0,9,No
3558,49.88653963737531,7,48,0.21214545954977865,1.7271027062280433,2.0547110355810014,-0.1365044153256686,-0.6796844101210254,2,8,No
965,31.956936554291094,5,14,1.6207646687750252,-1.0998611138199144,0.6863922592415442,0.5242282857304499,-1.579013297570244,3,2,No
180,44.072065201580955,0,33,-1.036726846758685,-0.5306668897390933,1.1358298488501297,-0.03312605936201012,-0.48464418961570654,0,2,No
3699,11.449587935119018,11,52,0.002084470507092254,1.6344279046123014,-2.5963593138622114,0.8228748666721589,0.5444224477682887,4,6,No
3822,113.52004204931822,6,28,-0.15495763526205425,-0.35044249835492297,0.8719155144448865,1.3619771398082439,0.786653496438543,5,2,No
4879,121.68608166160101,3,27,0.4279017613727883,0.7170943011679711,0.9431852641787313,-2.340726882645992,0.37080254536214696,3,6,Yes
3900,45.651935697992705,9,39,-0.9777572635867892,1.1490761869827804,0.270519000502679,-0.6130884644868523,-1.9140355518513745,3,7,No
4488,11.583481291771445,7,6,-0.920014703952937,2.3940528474663028,0.4546968991951034,0.5420199627604748,0.9899256207620253,2,6,No
3239,82.20035347323324,23,20,-0.13167175980248472,-0.7655453538295245,0.26853208207996515,0.07434807188130446,-0.13060062312335372,1,8,No
2975,37.30487179945394,9,28,0.23457993111694753,-1.313190984525511,0.7017323106510913,1.6976136654713927,1.486533099255932,4,8,No
3581,63.11867530041303,8,23,0.17764190757982173,0.9859531662616283,-0.3068070135976479,0.44275939628455846,0.28843694914343077,1,8,No
2888,38.15499567510921,12,36,-0.06588388545478925,0.30761354237663563,-1.9143759925009314,-1.363983526978429,-0.5161027892668636,5,4,No
2576,48.48582029190069,21,31,-1.14434292477057,0.713817659461643,-0.30737898048809026,-1.4494366016509068,-0.5590289787890287,2,2,No
1420,34.05654348701347,10,32,-0.2413056826832715,1.0031117343376488,0.32262242951592457,-0.15807485451290068,-0.18791013455132072,4,8,No
3908,11.61340205908313,1,59,-0.6757070868755435,-0.6326432726042854,0.2974609850565123,-0.7877957562307373,-0.5510477552275928,1,2,No
4674,38.53307532184879,15,36,-0.12338425086143413,-0.40835375291895537,0.37293767415341555,0.3817382592060761,-1.4280053688362704,4,1,No
4903,68.6922046081935,19,33,-0.7756650899083812,-0.6346331387048059,0.20772387832169303,0.42536299098740216,0.8802702733178827,3,1,Yes
1861,63.79137934082118,10,35,-0.24003009921924026,-0.04472025506925951,1.643778427811496,0.5845055307914246,0.38503314032035113,2,4,No
9,32.56372186502933,0,30,-0.27276204767104256,-0.3898055114207521,0.07286823782849074,0.03440749598552754,-1.0484276425345258,2,1,No
2895,17.077386828662668,18,27,1.4516670425240814,0.15173741191821266,-1.7338211309795752,0.83396052778057,-1.7868512676778587,1,7,No
2848,17.799646798484716,6,42,1.162971269163844,0.8105201978815615,-0.8202678889556686,0.7664168950852729,0.09283395235246969,2,9,No
3665,27.97069667377733,15,23,-0.8419090709456271,-0.838741845462897,0.17602717694239586,-1.4375433705443506,-0.31098287272971775,4,2,No
145,14.688412309866797,9,46,0.8640436260742304,0.6067331774117265,-2.9858225341099236,0.5452422044284568,-1.0034794095040838,1,4,No
2105,25.0362097976683,0,0,-0.4808332298604204,0.792705131739008,-1.0144844465914487,-0.32176547550349094,-1.8596764908226535,0,4,No
3144,42.74248334585356,11,52,-0.3809959915768428,1.70613040240663,0.2567663411488036,-0.15914773147401648,-1.8175617239089583,3,1,No
842,34.31479070055178,22,25,1.485956554475849,-0.8223046804564419,-0.719760664950654,-1.1285841516171509,-1.4820394794361849,1,2,No
1129,25.948242730970957,3,9,0.17528520864392505,-1.6165321741041512,0.9929166602019271,-0.1762879596544965,0.16176239623590988,1,6,No
152,11.755794255547949,2,24,-0.7325040553239491,-0.4009984788023845,-1.1970543554232365,1.9893595585816115,-0.09638181355848706,2,5,No
3592,127.39891691038213,8,58,1.0162431932180667,0.03152631132155178,-0.18496496523487244,1.2882844151786625,0.026535282286987996,0,8,No
1053,36.953033984847785,22,54,1.2203826900269379,-0.6702210932739453,-0.8228344575237161,0.01610507313726618,-0.0386521783910853,2,9,No
1591,8.277638701357024,23,29,-0.01355917285422831,-0.5353389148682913,-0.3865596168759948,-0.8503883000586403,0.837787755320859,3,2,No
3009,25.269634163716685,9,33,0.6971048720733348,0.19175005442809046,-0.25881518316327934,-0.2206883773302258,-0.46040140167095833,5,4,No
2030,20.530609980312374,8,48,0.385981694087448,-0.6999453350839511,-0.5402607453563752,-0.10134272983504104,-1.489062282225359,0,1,No
3419,37.962631071103914,16,47,-0.4818012331266243,-0.07757151084009072,0.4216786341233615,-1.0093530248256164,0.8862228620608652,1,3,No
1808,33.09680999208036,15,40,0.5743495925247685,0.10009107282857571,0.8568083938882931,-0.198646917823752,1.5515635670896781,1,8,No
2697,54.34067067224407,23,34,0.5797991764666073,-0.0542162912818996,0.6714899353631555,0.32898326607268236,-0.870251548117375,1,7,No
3040,30.814994550244624,7,53,0.3469278939366937,-0.8567321698297906,-0.38501455138481744,0.331122347445175,-0.4251339160822378,1,4,No
473,24.919139478430896,10,26,-0.30707205885250843,-0.9929123738972822,-0.3143174292336339,0.7119601713434042,0.4068278548291754,4,5,No
3290,11.840143615368989,1,30,2.11769243000882,0.5736074223941534,-0.3839462558267528,-1.1791301841294788,-0.8079910330705616,1,7,No
4075,9.817845523382264,19,54,1.6532088234175069,-1.0890708737698251,0.790120439288332,-1.0764737527744503,-1.27060848946283,0,1,No
3497,90.3306015741415,2,40,-1.2246705712555066,0.19379902849177966,0.3521668363884773,0.8716093293922589,-0.5383767439822253,2,8,No
280,43.06666332756802,13,35,-0.43779549837186593,-0.725816694733224,-0.5477636283468732,-0.19252656952325795,-0.09096489479132862,2,7,No
1742,145.09572035087913,16,16,-0.3865617068666497,0.04510800121339664,-0.38663173436401965,1.1262123863476818,0.8858101395753868,4,8,No
4625,208.40889739932112,2,22,1.4837420784005404,-0.9007866586936327,-0.2385952590279089,1.5579860977104667,-0.14188703574889336,3,4,No
2887,55.230409697996194,3,43,-0.026187070724264534,-0.22674275178249276,1.7681243689946053,0.38328817701863704,-0.36815408363192886,3,5,No
1942,36.40939550955988,7,40,-1.6756182498674532,-2.2096223138376323,0.03814851084082152,-2.5314168223754305,0.1585724098120643,4,2,No
101,22.688029394838992,8,39,-0.3970307995787248,-0.6118048834597958,-1.846996177190627,-0.27859577280620446,1.1445933388273806,0,2,No
2805,14.076032763787367,9,2,-0.2291879111782746,2.6890406029193503,-0.9245747855919358,0.7734513004707533,0.24327370568069057,5,7,No
3571,68.4229286965722,21,29,1.3548681631190385,-0.9087810089069499,-0.32298011809581906,-0.4575869162633108,-1.8894687431026647,0,5,No
3685,11.58635230832972,4,13,-0.0029483226872044107,0.8934279822038034,0.3794993916148364,0.20515135090880163,0.8955126840553808,5,2,No
3662,49.52317557019036,23,0,-1.539843865151051,0.5770401132618533,-2.4807383741296927,0.3628154653732807,0.4568719508736303,2,8,No
531,23.062998172794533,6,35,0.2212295420006227,0.15287071112000175,0.6958557560267777,1.3966704719481913,-0.026269429671968363,1,3,No
1887,11.432272427093917,15,19,0.7207097300033874,0.6266685716032836,0.8983899741423699,0.7866486699856475,-1.0243486652601317,0,8,No
682,61.87308068949995,4,44,-0.15851239056647382,1.2305579759317014,-1.2632526178126982,2.3359959539472674,-0.8378815945366619,3,2,No
3795,7.559892986660154,19,47,0.14961864137393213,-0.07665684778663832,-0.13471003499750286,-0.2241866909497255,-0.020314216603575637,2,9,No
3945,114.09718005043116,0,24,-0.07209513278033014,-1.4070118058729415,-1.1010494983076349,1.6373143305999434,0.2785748564737615,4,3,No
4667,122.03771455537768,6,30,0.14147978803200673,-0.5011935221151809,1.4544988840793185,1.1593947955347668,-0.22955764785003818,1,7,No
2019,59.25501627537559,22,4,-1.530032729227635,-1.4450278570766606,-0.9336654869245457,1.3773026558902282,0.4870889133375232,5,6,No
1097,160.64315925413453,23,33,0.5879609464131101,-0.7815878822251963,1.9273977539937555,-1.6906124030760061,1.715480239680246,5,6,No
830,2.2868276852875065,17,58,-0.9549284525570413,0.07604711755470782,0.5534679013881464,0.11554617241010676,0.3611007593098181,3,4,No
2806,36.91810764665817,8,31,0.601155244995063,0.5057169815642586,-1.0583225288577367,-0.8688804533738702,-0.27566787663067993,3,3,No
3830,10.74861049155911,23,30,0.006427248778486952,-1.1937164868787256,0.054326499719752126,-0.8312527617665606,-0.34953944720247626,1,6,No
4382,45.26526285711573,9,34,0.43608375736766736,0.5731057724539809,0.04907655587171373,0.61882794357346,2.139993050827792,0,4,No
3892,8.05652785391338,19,30,-0.034238973107300626,-0.5922507237826158,-0.07651002437067803,0.5770732363925406,-0.2757285201122239,4,9,No
765,46.56230964647872,16,55,-0.4297323349474719,-1.411992577150224,0.483407315973259,-0.16139907459655461,-0.6540450349795964,1,4,No
2768,191.07147153118643,7,36,-0.49203480680806,-1.197281141360671,-0.26553071077993395,1.0989927176487315,1.2388958717762868,4,4,No
4329,58.46390320586701,1,59,1.2183387261941783,-0.20072079762591638,0.7470859935275763,-0.4825129100849319,-0.6754824647822377,5,2,No
3296,61.58217082162961,12,51,-1.1808777586515176,-0.7947802126652233,1.195917314726449,-1.2098313952475115,-0.24159124774404647,4,1,No
2195,39.370119476185636,16,16,0.1560204688303409,0.6573599777724382,1.1840305496790888,-0.40407526400193994,1.0118492412629496,2,5,No
2358,45.7865443409294,13,27,-0.04727918960075725,-0.09043838886471532,1.1265382817824927,1.8347562391255037,-0.4789178528321589,3,9,No
3426,48.195105881196426,12,33,-0.586094461581652,0.1808327050376177,0.209723226734405,0.47982980805014097,-1.1086669304350254,1,9,No
3980,71.89661518037065,14,50,0.6932367381288702,0.17986862411700924,1.5266642441251714,-0.17026822734834823,0.4018970740312723,5,7,No
912,49.2561040488085,8,28,0.7242693387177451,-1.606271898945584,0.8899870325668338,0.03931301230275213,-0.21472086860086348,5,9,No
3146,48.05400872135511,20,39,-0.2994023926691449,0.8521879471107873,2.2402515447315063,-0.24476881308231896,0.45994419480171905,1,7,No
1000,75.47135134617596,17,30,-0.011464421660137695,1.5437867311835498,0.0025153164590909433,-0.6482773740771043,0.5876755379628518,4,1,No
3654,67.9718090272571,17,6,-0.0512448080364974,0.39698533759904536,-0.6360557713618591,0.34233998143219935,0.16800009413183298,5,5,No
2484,31.950098166861302,17,38,1.9418182204014498,0.05481648840917931,-1.9226590871263654,-0.9139076498769614,0.2622878618709137,5,8,No
4077,2.4297884639253886,23,26,1.6913071162009194,1.400431616611723,1.5901587035315008,-0.5393148864108894,-0.6819277125511909,3,6,No
2371,11.015889557875203,7,13,1.0249486990649743,0.41671981978507205,-1.3831329637471979,-0.36537900611389673,-0.7920988290577884,1,2,No
4839,265.1997882604327,15,28,1.769189174646121,-0.5821895854789694,0.2360598615529259,-1.6041046707637123,1.6502170838481895,1,3,Yes
34,14.676202020332784,18,54,0.8678761000651124,-1.5864566445522004,-0.5415758617942777,2.0448232484766464,-0.6260804635723924,2,6,No
3790,20.229279844966428,11,11,-0.6783069929496,-0.5619648698394037,0.6404903300269773,0.135796348587054,1.2197780781704188,5,1,No
1021,46.51967592151386,5,11,-1.2674592418385153,-1.6037721552567,0.20956974752311602,0.07262585346922472,-0.5543127112131678,0,4,No
1648,106.64847516935708,18,17,-0.26849202578919495,0.4183473229529084,0.17281069063057544,-0.03985973311027262,-0.7114214179498202,4,2,No
734,27.448980007585437,11,22,-0.13174352571197195,0.2073389696128186,-0.5032170642785246,0.7770465964868817,0.07880224047244168,2,2,No
4583,38.42576414619202,19,37,0.4474025036888926,-0.10060279032217537,0.6277560570553942,0.923694072189042,-1.4862395459357383,0,6,No
3275,4.870439250661831,18,35,1.7146072923216251,-0.9325979079605365,-1.0611831395036775,-0.3010911470597567,0.43119170537287405,3,4,No
1621,58.992043419747944,23,57,0.3473165281275181,0.22016659571216307,1.0002445624167586,2.218714464517398,1.520973417981586,4,8,No
3136,10.7517727171328,23,34,-0.44765551919668095,2.065745832203465,-0.708898996579918,1.0299178842136276,1.4545225610004544,2,2,No
2690,4.904911716859003,5,38,-0.4677421680476098,0.6472380940295086,-1.4341413293260776,1.4479746071145512,0.5617743804950526,3,7,No
2708,1.8936035044540906,18,50,0.4695464104865435,-0.034408280507489224,0.8524338757212402,0.02753189112824187,0.40155227583535014,4,5,No
298,22.83022734539981,19,28,-0.688478910865794,0.6257445430895879,-0.25319054539440544,1.5790031115898886,0.43866816741700937,0,5,No
2340,77.01012383234875,2,56,0.006590362234072988,0.27594709860000655,0.5655634451015591,0.38798558438881453,-0.3702363622686849,4,3,No
654,10.982019035790422,9,19,0.23271830907924854,-1.5421821055263716,-1.0277269599837642,-2.0186914067166244,-0.17511695267150065,4,3,No
3775,98.54092963298675,11,51,1.334174626298203,1.4533573417059495,-0.56908251730049,-0.21214464898110072,-1.7823589544627456,2,5,No
1256,17.66376329989716,8,22,-1.0259284371394095,1.8632268318922425,0.15426294714170982,1.077754779556742,0.029897208067600572,3,4,No
4521,11.516203081670044,4,11,-0.14071943786560923,0.6510431736390553,-0.5725846135568161,0.04543343723071521,0.9684781571298529,2,6,No
231,7.664183612436807,14,54,-0.5241829062550026,-0.2353799928129901,-0.143572646638164,-1.0080249578028904,1.2659336265568182,2,8,No
3277,86.58213371302213,15,28,0.5199775663480041,0.1509562831239266,0.29901908063176713,-0.3066977796326571,-0.21460798720906252,4,3,No
3231,21.13905716175264,3,23,-0.2991631181918663,1.772742625058744,-1.1371801487971294,-1.2440933197324036,-0.8454225925734346,5,6,No
692,25.899884260452218,4,55,0.5798098440482081,0.020016902183505356,0.5818649344542106,-1.2455952695612857,-0.01074457040869473,5,7,No
2755,97.4178675830972,23,2,0.2835685434603794,1.7063381713096388,0.25510446572257234,-0.7841220491857707,-0.6159380392714457,4,9,No
4864,119.65727606787966,7,47,1.2601247291803679,-1.7983502544535745,2.245925988574339,-0.04093664306178457,1.4365025695227245,3,4,Yes
970,34.28170651649583,7,59,0.7456392037006585,1.0879937669717712,1.716427481477082,0.24887107676645703,1.5702508736118699,3,3,No
634,4.773892259020987,15,56,-0.8626709442538306,0.1311954893433961,2.568587519090185,-0.9623689948240629,-0.7238726548272637,0,1,No
4093,15.404266012848893,15,10,1.4722397618754028,-0.6268901782599082,-1.0957260257980515,0.3736166600518985,0.14454787794849708,1,4,No
4078,20.472516616790877,1,3,-0.00019207136786494498,-0.5431916986481097,0.3638616780788255,-0.7364489332625039,-1.3553905466721528,0,2,No
1322,18.90158603824619,14,56,-0.1329121641330784,0.9414307938098668,0.5185116521466865,-1.1253653917690785,-1.0680964416584386,4,6,No
1832,35.07224480736375,17,47,1.125888220412252,0.8031828201810357,0.1895372681193656,-0.5849278102334923,0.10669555438844522,3,9,No
2179,60.52199504481733,0,29,1.022062493065567,1.7692767705402057,-1.1799539281165214,-1.2173925901246845,0.6170752351160163,3,1,No
1418,89.61209349768201,8,45,-1.6023552669411647,2.2935053233258635,-0.25951685716306216,0.06561227721718836,-0.626237433413442,5,4,No
1783,2.896851150070089,15,25,-1.8507409474407344,0.8483714043161846,1.8222382267295831,2.797016010161739,0.47507573746868925,4,4,No
4716,170.1065851985337,17,46,0.7887587264643201,1.4035620807617626,-1.155043328198528,0.12801534682850235,0.27799173030366864,3,9,No
4702,20.290398450271017,5,56,-0.4526494140360834,-1.0981813360627504,-0.44551105310858874,1.2361342361458796,-0.29450624342980347,3,3,No
4119,16.340137394689048,22,8,2.0874784284157815,-0.5393509724646938,0.24107413498309788,-0.5889879558737513,-1.2874213363278968,0,7,No
1653,56.61630224008068,5,3,0.8711909141145365,1.753352992609825,1.0690395916289455,0.8964886236738843,2.6335955805393603,1,3,No
1484,46.05993755487559,11,0,-2.2146962552847524,1.172237134863775,-0.1760876965596295,0.6701040917371585,0.4765745842662499,0,8,No
2276,1.546849270907039,19,54,-0.08126307538162784,-0.6272044142101095,-0.3083883695545716,2.2058831255474276,1.219623074205644,1,4,No
878,26.550077911771602,10,8,-1.5736380959020388,-0.5393401125416265,0.23036801913972194,0.2232379361748293,1.1579930525795872,4,1,No
3526,158.88909562668127,9,49,-1.1393104562559886,0.0885260245218454,1.128091332050425,-0.5746472033798045,0.5362217592803242,2,6,No
2017,32.19840524902096,11,57,-0.8624122658328115,1.5796678268932107,-0.17799428088000593,0.31463709057311984,-0.7192333145470888,2,1,No
427,73.96448306296602,5,31,0.6762254464025941,-0.1980331984389014,-2.192539841204418,-1.5416613445826255,2.052019623763294,3,2,No
627,21.941101918901914,5,8,-0.7678365125632122,0.007094475325611389,-0.2781766216660757,-0.6112825370669608,1.5898422339029836,4,8,No
1590,20.998944089283338,20,13,0.8884685559080765,-0.5606268982866358,1.0227104158188787,-1.6499132417448512,0.548638071833607,2,9,No
2224,14.968626713241775,9,56,-0.22285328107495792,-0.016324396808585634,0.6115279489820665,-0.22399274529243318,-0.09853111508787596,2,1,No
2218,30.021879468802243,2,31,-0.03810595784881155,1.5672280636879041,-0.7568316836883636,0.7990523628666528,0.3164416248792309,1,8,No
4484,41.65359425351268,19,28,-1.5621467099652533,0.19134535465019,-1.724103493162283,-0.5187136982770171,2.249652799475133,4,7,No
1486,14.739245247984629,21,9,-0.7164813901205392,-0.2715404385055802,0.13300658198809953,-0.06800295614891692,0.2717460329342649,3,1,No
1740,37.016006581201545,16,57,-1.4376892729668895,1.0964942157586206,0.9047672604499444,0.13724897668255226,-0.3705398875834608,0,3,No
2481,203.67528717042438,10,21,0.31662379292629717,0.7673847690286804,-0.5592390124192269,1.199206267408414,-0.85069218770483,5,3,No
2585,52.46879644311497,19,23,1.1606573279112682,0.2421300287003375,-0.5991018546405157,0.359592705544174,2.142413239220978,0,8,No
2894,17.06153047517929,15,25,1.531631460055703,-0.17337054870105384,0.9058670594835805,0.8510542877251781,-0.44826385121823564,4,9,No
150,38.74681533215515,23,31,-0.30292579390564206,0.5438072479179061,-0.8072438054594162,0.757423818050381,2.133160518003324,0,3,No
677,358.7415750741022,15,32,1.042356065725276,0.620351365202829,2.410334488783408,-0.588239627656815,0.3981316770083233,4,1,No
1262,36.503692248217455,14,59,1.1572813074935637,1.0216877869354895,-0.11277205354628778,0.9903103808232961,0.17405224004204453,0,7,No
4918,62.8628716068079,10,28,-0.2709044293542624,-2.2153379996742553,0.7372782934441775,-1.7627554223102226,1.664395933517412,1,6,Yes
13,35.375896470381626,23,3,0.7102748764711765,1.30473169982152,-0.9758383372350086,-0.7339487916139326,-1.436239418312854,0,9,No
1834,50.12983225283289,3,22,0.2769934750803454,0.6239909603631794,-1.6817059462295947,1.0715841917546007,-0.8264129428864023,1,4,No
3249,79.22949807832111,6,1,-0.4397123894369799,-0.43958386918914477,0.2877494231021903,1.0574813953664037,2.2628092349652404,5,8,No
1492,32.37267570913197,12,41,-0.7609134798075177,-0.7883967261811863,1.6783288504619516,-0.5526139577212386,-2.129418906638421,0,5,No
2728,27.95089678170803,17,49,-0.8518303411963781,0.9780680215002732,-0.5796663615532783,-0.1618971692564155,1.64309858565982,0,2,No
3687,9.848126174125412,20,12,0.5903745245578612,0.9253625328813864,0.9308995216674001,-0.06864817446091305,-0.17137005544237432,1,8,No
1425,39.69853232481053,6,18,0.37113460270978327,2.551348953621102,0.12716556128503306,-0.45984771764635685,-0.23216123467554106,2,4,No
4606,40.03045338306428,11,44,0.9125745349174196,2.702369806214907,1.1898588516049462,-0.11060422167457792,-0.12254253649731198,1,9,No
4596,78.94115292688097,23,1,-1.9044260185298925,-0.1490700626648539,1.9253179539879923,-0.3094368054735733,1.864096026699627,1,2,No
732,35.102569430313885,5,42,1.5273860291557484,0.3928185262149098,0.13511510308420474,-1.5515900024975802,-0.21929996025069107,5,8,No
1232,10.775031589536118,13,59,-0.23702584694096898,-0.5733338509671676,0.20508007954413482,0.3700496832654426,-0.07725936533235145,2,8,No
1635,43.95070161807368,5,56,0.25913209383079455,-0.6925665132793299,-1.158791620807134,-0.2705731251488672,1.1165172862504722,4,7,No
3937,109.91746657876023,23,53,-0.213011294501139,-0.3798385267228984,-1.0519958534196967,0.8907938946757754,1.210076973017335,0,1,No
1211,80.37949082515316,16,30,-1.8522492859204922,-0.7566448990662162,-0.09768928087269177,-0.7764870520041143,-1.0546242113337532,3,6,No
3269,24.214647389030784,0,44,-1.465354086995041,1.7627843274965713,-0.2884090527239492,0.9248266682556123,-0.7375352772088316,4,4,No
1935,8.584007524267138,12,34,0.5197695480464669,-0.9166178157831285,0.3211883422224382,-0.8126900381023642,0.7072041942696847,2,8,No
554,253.42636380083007,15,23,-1.9914990624496793,-1.036240972583125,-0.5752182704207847,0.8022223921551402,1.295468367013152,2,9,No
492,47.776381534947824,20,4,1.008793539242132,-0.08768292245790726,0.789516077354813,0.6902464768688565,-0.7732964810113417,5,7,No
2963,44.899897990261636,4,49,0.1337618862249922,1.9567471771130562,-1.2377653009982292,-0.11523234112154675,-0.44839727609409435,1,7,No
2330,89.98779228676483,17,29,0.706632632504221,0.7225560564001341,-1.8150348911862193,1.4186848416533524,-2.4870756125602873,1,3,No
2196,5.1742191189954205,14,59,0.5019232997216204,0.15743691035263355,-0.4745844736148692,-1.4589867321496075,-0.277953532658498,3,2,No
3065,24.7774564601238,9,0,-0.10304539289731686,-1.2908237352234886,0.17609242919363946,-1.7634088358940716,-0.6719609816298433,3,2,No
658,39.543293696382754,18,31,-0.41503810878354574,-2.621653921904179,0.12323323015154566,-0.18236095930279028,1.2712310502568995,3,4,No
2375,23.22670506419187,22,56,1.744686889450433,-0.07006514979360157,-0.6602875371187038,-1.045173294904216,-0.14145578040111212,3,2,No
2226,41.85864557292205,8,5,1.1239851461377777,1.3540428872992891,-0.06922733527997318,0.2504328563942105,-0.45254444222339946,1,5,No
4265,16.926005139096837,0,17,-0.7625003614739699,-1.293227410552346,1.2302447322819987,1.748175382348123,0.23470961331202944,1,1,No
1171,10.493919590528236,3,24,0.0858614191632412,1.0949083645848314,-0.3749246681357709,-1.4440245698797334,0.47705366941820565,2,2,No
133,62.49902438711766,21,24,-0.29415243484556425,-0.2424967920780333,1.7073620136715535,2.710546768846383,-1.2043669485340438,4,3,No
472,22.041383700637216,7,26,-0.3421523355004201,0.6666186289628364,0.48092586772791107,0.45940555334208416,2.7535772156733374,3,8,No
3226,18.320509908096447,4,8,-1.0071238646023546,-0.18362330310222175,0.5548449863845536,-0.07232694007671188,0.38795517328216517,5,9,No
1406,66.33187902888685,5,8,1.1665402012943862,-1.4781768719571002,-0.43296940570874193,0.7110049191364247,0.34319075579135827,4,2,No
2877,8.826901384198692,6,20,0.16303317476800286,0.3191955904215626,0.07586388909341678,-0.6319528629317696,-0.2103682502236217,2,3,No
4505,16.427539692539945,14,43,0.6072976612097366,0.6316969289806574,0.5933061756032936,0.5614351287916532,0.28339022800644065,1,3,No
4693,43.17742028758852,22,20,0.3768656014710046,-0.010541350117269666,-0.04673476863889921,0.2853942255355381,0.05843392757986531,0,8,No
2827,208.9616325022389,20,19,1.8345790887114215,-0.18976566161240316,-0.5480774628714136,-2.090594545454645,-0.9113719855360253,0,2,No
288,34.899300930261894,15,11,0.3367071917563058,-0.2773532619310194,0.03421011833279838,0.696207461836084,1.0824214516169486,1,6,No
1870,41.91190312194794,8,30,0.15822048628679414,-1.2916298640207338,0.3380771894706958,0.8491892963149605,0.9908504268462249,5,6,No
3115,44.13666138583875,15,48,0.2476669784889451,1.4772254502548916,-1.426417731629271,-1.3690011617125186,0.9554746765375649,3,4,No
3626,250.16206075249292,6,34,0.4013510992555993,-0.18177499533404423,0.07117175298314064,0.49593542958198783,0.27233412140104685,3,4,No
2313,130.1626252225743,3,24,0.40517936604288673,0.10010250398435848,-0.17152964723869607,0.35856845320634534,1.0790976309119762,1,7,No
4924,14.697643864427224,4,36,-1.9276661996548141,-0.31702413889060577,0.08943449024084327,0.7145641215453578,1.5163092492932821,2,6,Yes
1619,45.78756392328872,2,24,1.077095563366421,1.0440286746074332,0.20855210561587617,0.3763119700637755,1.1087366762686228,5,4,No
995,29.67383907362256,6,8,-1.5923174605498118,-0.07303518979449276,-2.0671102246093973,-0.3476868351554792,0.2435959920446723,4,3,No
1804,21.984794858905044,22,25,-0.1060667673388657,0.40352291152933,0.5075068572770276,0.3475168391389082,0.5578553193877401,1,8,No
2643,12.561058365528826,10,13,0.858082738094596,0.2565239206575975,-1.1520991608692803,0.28379521182197043,1.9186766979070913,5,1,No
4803,65.59607716259482,7,28,0.9863954618144797,-1.6243153438906854,3.107065142406699,-3.4646722275935637,0.7103074024396688,2,6,Yes
3536,8.708325226562945,16,29,-0.014180326612473778,-0.04358025252462945,0.8028114894682905,0.5526597077064541,-0.9028582425987935,1,2,No
4832,7.103581258301389,8,36,-0.12568372317966015,-0.07351119944955448,5.4269207406101305,-0.10450317166225187,0.7688253235449557,1,3,Yes
3912,373.3244576114956,19,10,0.29019055987471154,-0.9564356505285982,1.2899281407622671,-1.0851269562418255,0.7009884932815473,0,7,No
2108,11.619826888765461,7,41,0.009341909159706499,2.764821861854195,-0.9197624301552701,0.44494214206569804,1.2912026106494416,2,4,No
3045,40.48171121873954,7,24,0.7300920542218385,0.6291171103139702,1.2018221984095074,0.710138532156177,-0.21394688040223295,3,1,No
417,98.4173880931433,16,36,-1.3827348944282776,0.6215507604598759,-0.004178793412658349,-0.47968097670425885,-0.3869625973054321,1,2,No
978,21.92578031448466,12,21,-0.3139572498362541,-0.482731977240583,-1.325110387123759,0.7767022337097781,1.2767971896944754,1,2,No
2418,17.60026884464022,15,47,1.8051724793768817,0.9275346546294124,1.612827013935584,1.0345384209614492,-0.46037140386548175,3,6,No
506,19.230633301762236,11,7,-0.2919922614266772,-1.4694417047196846,-0.037323379049736136,-0.31843032446594494,-1.1728488552840803,3,1,No
4153,48.23426189912263,3,19,0.6255119011675628,0.1292896876761788,1.6214806481279949,-1.6742672624739405,-1.1122058211075025,2,3,No
4256,88.32938150974553,12,57,0.7919000957144205,-0.1848652446783069,-0.3270565588278282,-0.3348380949258205,-2.021266468596927,3,2,No
3942,24.426274948741742,23,31,-0.8242798003656003,0.04282745914394048,0.9880187439705632,-1.7123454209091393,-0.16947831239097882,2,2,No
415,24.9061792072465,10,24,-0.007046540535484532,0.7122313061320464,-0.41133423227029803,0.5184119625346643,-0.8127469610457412,2,5,No
4149,29.482613468285443,17,16,-1.5687803216711804,1.2232082433674987,-0.10813768092655154,-1.494912666460992,-1.2757731393148912,2,3,No
1184,62.35587629560063,3,15,1.3045925074599731,-0.6303676467471555,-1.8381344684552756,1.0073697528936145,-1.2785602331159973,1,3,No
486,27.926956881676183,8,37,-0.568812670082858,-0.5261927459918712,0.29332087168550824,-0.9768881363874414,0.45172934562351613,4,1,No
894,34.418049549503166,4,48,0.06063689759028058,0.3066005097858225,-1.4281566437839497,0.7599414153808475,0.7640476398247473,1,1,No
806,99.48229119074095,18,48,1.2874622638484718,0.5764741398308774,-0.6760528028042351,-0.7944033974004906,0.2998523441740787,2,5,No
556,24.359374901766405,4,47,1.9338143987456746,-1.4167295346641338,-1.1478412281503858,0.9425515511652842,-0.4311592448055278,0,4,No
3826,25.640595719115232,2,7,0.5062821339863407,1.1758459412813125,0.4078194169483068,1.6403300265258556,-0.03718540490946725,1,9,No
1198,13.1112008138826,10,8,1.9300945334934188,0.22011834617736706,1.0360452513145988,-0.11781530449064863,-1.8739165168350838,5,5,No
4254,5.277696837979115,10,6,-1.563927717861229,0.21546224402331884,-0.9075199115558696,-1.6452634270266013,-0.41937534625298833,2,6,No
4059,59.66440568344668,9,0,1.3022612745694504,0.13386049487057597,1.3156025847823287,-0.373991671692944,0.4434423058876745,4,6,No
1294,3.9385085490699576,23,11,-1.4183100947935663,2.367629179183871,-1.253808516245133,-0.24292458161321462,-1.0373860006522035,2,2,No
2222,15.358120246603432,20,27,1.1812258363871515,0.46245417604784933,0.08248683925289688,0.29558276677738937,0.3395293962248911,3,5,No
3505,38.920638092249476,20,43,0.09356552090821636,1.5722187369244698,-2.727491521928071,-0.6108354062237965,-1.5278906735871056,2,7,No
3655,61.76217155284567,18,42,-0.23444276910095033,0.132848724678023,-1.4669032492321297,0.5191910720378051,-0.47689370840952616,3,8,No
4759,21.43388928389588,10,36,2.020998834537892,0.8973245958388785,0.3135368059429352,0.6845607950437573,-0.0949846057170054,2,1,Yes
3007,4.6012008491592695,4,41,-0.5841458059437893,-0.050601777104585396,0.6798593699929649,-1.7562517779101392,-0.8560589949306505,2,8,No
2094,75.09574882778644,0,13,-1.2439911622015887,0.5188492762631571,1.2006174663098916,0.7288369221167973,-0.07571506577828939,2,8,No
2188,20.72984194788619,20,20,1.0233999370855111,0.5602941543334771,-1.2676492312148346,-0.09813477721354251,-1.347192311780125,5,2,No
3037,38.05801628432814,7,32,-0.53312699547704,1.2598468364725863,-1.3559923986163935,-0.5612908480327181,0.19052316423886367,1,4,No
3919,41.321182170739064,15,25,-0.0377570664797626,0.09700878698615982,0.4451247756450302,1.9712905723405343,-0.32387029523465977,2,1,No
1273,22.76115398157234,17,50,-1.0126622493794006,0.9340502941121688,0.8050074836562757,-0.30039943296111976,-0.5485097936175729,1,4,No
291,25.73939304830705,7,9,-0.4010438174190893,-0.3932979470221456,0.15188148328929144,-0.6615788844235619,1.4778363000082735,2,8,No
4828,50.280499096698534,21,28,2.5539566032231984,1.2667438942859761,-0.324419505067002,-0.35748629981738705,-0.8774001570144039,0,4,Yes
253,186.54969121120885,2,16,0.6606729130022508,-0.015470762836802118,-0.36921329146881043,0.6960047866482002,-0.14397210922113055,3,4,No
3246,46.38409758651391,23,17,-0.6665226608788296,0.4237797674102065,1.6088816551806453,0.39839562965540287,0.7804842512527608,1,8,No
351,47.86366287650843,1,44,0.49259155164487217,-0.3308664018044421,-0.1665983076496178,1.0482643763908097,-0.7194355565168952,3,7,No
1188,47.72062727560368,1,3,-0.6806517141396049,0.4747898186843714,0.3533665860270396,-1.0503815413987627,0.7491265893066236,0,9,No
1962,17.452971630204274,19,4,1.4184654583097516,-0.7570810272890078,-1.4319592779871635,0.9307435780654327,1.3821334382009005,0,8,No
423,18.276199649946474,21,11,-0.5375617131053801,-1.6376193029441979,0.8981717905072897,-0.7286143625392852,1.090166033690662,5,4,No
91,64.41748541887078,5,54,-4.389114584864837,0.6740232023161967,1.918164394628769,-1.9959075861197932,1.5193876756455122,4,7,No
3730,42.393994263822094,0,3,-0.5036081874069511,0.36797091938043885,0.7543316332510144,1.0937911771589663,-1.1500736638399,5,4,No
2237,31.845659037824316,21,38,1.006438316255191,-1.4802040270407004,-0.008835386798477098,0.7115436789237772,-0.9240831699718196,3,5,No
671,72.59122426327724,16,51,0.5474868338224844,1.6169091987540132,1.6192348033931345,0.7378725906320917,0.7088095153221207,3,8,No
3041,116.71159047124351,14,21,-2.021134274819237,0.8360341739272907,1.0685346289237954,0.5323105635385098,0.8183072508566308,0,7,No
27,56.39097824721995,3,0,-0.060314253113753484,2.996239095398143,-1.0772278744747588,0.22896993566438997,0.6165077424678032,5,3,No
430,49.0493761982579,5,35,0.4891143362430499,-1.0685820726823694,0.2138097046373318,0.0073659378503727856,-0.8531921762768451,4,5,No
684,19.661788485560066,20,43,1.8142548833484688,1.1264368680043029,-1.2011801230265864,0.21390900949466274,-1.8813724823849947,3,7,No
4464,17.868162470091246,15,43,-1.4843484592555873,-0.8436586927634225,-1.629132816035183,0.4196437421739483,-0.42387349291067156,2,7,No
3946,31.48189436654292,12,28,-0.8016290104085769,-1.683314583144733,0.9679769113376846,0.4106322814795851,-0.4075452217347134,0,3,No
3524,6.782844965696827,8,0,0.8276594188783944,-0.3327634284194248,0.790188743786225,0.09671596797374654,0.4018710675549277,5,7,No
1542,76.70160279820692,22,58,-0.3402676709016609,0.6066583748408585,-0.6698828063790009,0.6727812796983775,0.03171813295781028,3,4,No
2032,20.217160851417002,23,52,-2.5818397398122745,0.6881551376003264,0.031295874881145595,0.431361585743699,-0.22883617650444932,0,2,No
2233,9.14395092401958,7,13,0.27306585597577754,0.769369723099595,-1.1549883356904824,-0.08089437401954816,1.2947841094572494,1,9,No
4121,17.364074667183427,7,43,-0.516857925706897,1.0208286424105755,1.6373276245206254,0.7154963186399974,-0.39655808805843296,5,2,No
3236,57.15653659694883,22,11,-0.20581099943868456,0.30217513022301384,0.4430524404013929,0.11587594936789411,1.4291862820848478,5,1,No
255,25.912413874663024,22,34,-0.3878106853742732,-0.3003179731610725,1.3823274458964647,-0.3538300375674132,-0.6325560363472975,3,1,No
1030,94.2105597719619,21,24,-0.7377257614562184,-0.12721579085987272,-0.48518868116714137,-1.8566902431883854,1.2720678866772048,4,2,No
4393,11.297486229235787,13,5,-0.13592373151478973,0.814562139517512,0.27411034403463935,1.428500499804823,-0.016754400699734377,3,7,No
3801,24.068267206559405,6,28,0.1971440746216489,0.7119838208411419,-0.11079142633625837,-1.1647185055181577,1.9563703208549612,4,1,No
4311,45.8923732638551,4,32,0.07355054324532377,2.1944118224950246,0.5852812358996035,0.5827960739170097,-0.7675433758778555,0,5,No
2510,24.3583066508646,12,1,-0.7782896852701315,-0.4240967305005177,-0.41900050977106246,0.293360944027211,0.002954967234578276,1,9,No
2293,110.24451985226746,9,43,-1.7798423404806971,-1.0973926808951608,-1.7383120105244307,0.27215802982543186,-1.0845426453859683,0,5,No
1324,6.938708448377006,18,47,1.256157493731777,0.9845229729948867,0.03506951350139048,0.6779055608892148,0.822975226344549,4,5,No
1551,6.909807296503306,1,49,0.06960670874413896,-0.15250202621506806,-0.2504240584376609,-1.657139227899207,0.3868645444434601,0,3,No
4648,15.4082622162965,9,24,0.11052535383613904,-0.7639772246466161,0.07924202824045898,-0.6469527606594335,1.3070910111621783,4,1,No
316,24.616797779223,10,11,0.7101363528765408,-0.9063114929505052,-0.5725666516212387,-0.5289250591457441,-1.0720517723736782,2,3,No
1243,178.32116273229093,8,29,-0.4582278387416802,1.9285426539668302,0.6643778929464983,1.0484565555644039,-1.0415869697134141,1,8,No
2451,19.393013001249667,5,45,1.7286917749097015,0.2289761551492464,0.3737498420689271,-0.40725392396832805,0.6870508304322401,2,6,No
1579,3.6176065348943576,15,16,-0.058072979339253566,-2.1784187234089076,0.3762255513110471,0.09884145505964942,-1.1005276614934647,1,5,No
4626,48.84009924477382,12,43,1.3983544765726839,-0.12159804493983806,-1.0182943500515698,-1.0190239866515836,1.6899758694702103,0,8,No
3117,17.000608708425343,13,24,-1.3404170855365174,0.3141998925402421,0.42914504343949844,0.9939235745819641,0.9271449010588871,3,2,No
70,27.34942965589522,10,42,0.6706143105064207,-0.5327356730352747,0.016505176200309918,1.416944415790647,0.8074872340229485,0,8,No
860,64.49403046636345,20,43,-0.6575810012756048,1.942641906426033,-0.6921973865199604,-2.3555953543860637,1.0301655084853936,5,8,No
2754,37.109581367030664,21,1,2.761011747279755,0.12998004651734632,1.3482351068281389,-1.4986856754480429,1.0200953180453802,5,9,No
1633,38.31871021044042,2,29,0.20702012827981786,-1.0905468078463483,-0.28122523217198736,1.5516847117455415,-1.2941673502800466,5,8,No
1651,19.953355087912893,15,6,1.5479020155527181,-1.6027063258803063,-0.18318215960710474,-1.1663093657640848,-0.7516367978261096,3,6,No
3861,9.828945676318298,0,12,-1.1513060438778926,-3.0124825125285133,1.746350668396833,0.5597102353329494,0.6671570607471846,4,6,No
3107,70.69345770644422,15,54,-1.693070064351189,0.7954311841718266,-0.6765570691592956,-1.1172606724355594,0.02926342150421162,3,7,No
1075,13.291463848602556,12,22,-0.6649754874879527,-1.3434000818848497,0.7336897314030355,0.6793541783663201,-0.4661009966908062,5,5,No
4002,81.06233302354224,5,30,0.9238606365819626,1.1243273696436829,-0.7346372338220964,0.30670323858909154,-1.4254287121724436,1,1,No
788,27.033748102222464,16,17,-0.0990985918681181,-0.2587915495875664,0.29424384465856673,0.5211757518138552,1.154387899644425,2,3,No
2606,13.497534365151603,15,51,-0.8693837484552895,0.5700021512237344,-0.7433870190376026,-1.8355053521421103,1.8403719244278647,2,9,No
3631,68.50267966474652,15,23,-1.1809418465691557,-1.5851217546914538,0.065827894951539,0.7767592190756132,-0.24647804588918623,3,8,No
2122,34.61257318485476,1,24,-0.9864248439608577,-1.2032585887311036,1.484202721753623,-0.7348550704328964,0.35408388202840285,3,7,No
1875,11.421839335065059,10,46,-0.742215380225654,-0.14333390205557858,1.708013627256206,-1.3982428087660086,-0.27946746843937065,4,4,No
812,18.58037454938616,18,50,0.016501757414421527,-0.7419705943356569,-1.0084966253066405,1.7720989834294196,0.847759489577688,0,5,No
388,55.9348624288129,11,32,-1.5193993525582523,0.24406022598176774,0.5033173640541875,0.25654822185416504,-0.7874043932993874,0,3,No
2883,70.2727242456331,0,44,-0.6474156501174982,1.1737095311414185,-2.1831968454531987,0.3225020271669523,0.31872863006748414,0,8,No
1176,6.684518298947289,22,8,-0.10272399871212885,1.572735949794239,1.0099555568163612,0.2899804984934966,-0.7631461827195023,5,4,No
3198,26.93843942736107,21,47,0.7423717680444828,0.643442455591347,1.3019565394760328,0.08298444857729469,-2.9595967582619833,1,9,No
2624,40.91350288144593,23,42,0.30656316661198124,0.978164731261709,1.2641319062686585,0.6625897616378073,-0.7133670241800586,3,5,No
1352,58.106229121990154,2,44,-0.09024558548958914,1.147342422741361,-0.8432403245875508,-1.3902850599421557,-0.1393051021557423,5,7,No
411,7.521868685899169,5,50,0.5766802341299105,0.39545864879914155,-1.4973467487202679,0.5906430799968742,0.6293979455233839,4,2,No
4213,57.62037975291693,10,20,-1.6853852484165184,0.5995949400431869,-2.5812096447605457,0.9513535030164579,0.5510379543519613,4,1,No
110,5.886605859479749,7,6,2.4112440396396844,0.5664086773974751,-0.595703275413406,1.927369755230228,-0.3474311704861944,4,2,No
4996,230.2349534221184,1,42,0.2542819773760472,1.8588029149265912,1.102519950582904,-1.3813113922393345,3.10873584966496,0,1,Yes
3430,73.1496550405169,10,39,-2.3633141511128586,-1.040139093699366,1.4904691702023807,-0.17740587041788758,-1.7240639127678392,1,2,No
2810,8.364166335354865,0,11,1.5300146554109126,-0.07072108855096625,2.437946533897374,0.5282749863748487,-0.28965556577568513,3,8,No
2595,6.631388365182323,18,2,-2.047103766548211,0.7904233388065749,-1.2669209973104003,0.9027359819557546,-0.04302601696057393,0,1,No
2837,57.646527148540606,13,4,1.018073841563032,1.4179863692441252,0.3082317096919268,-0.4570488983217358,0.14721889056049428,3,8,No
2373,29.52454794366583,9,1,0.9741179148473879,0.05574101275759173,1.5567541866680903,2.9178508419178057,-0.12612173591138312,2,4,No
1236,14.991362014713053,22,59,0.049053409717379905,-0.5887658279771728,1.1349104323771935,-0.7787060297054746,-0.8161004747655494,3,7,No
2147,12.901196841420411,13,32,0.42705554324524786,0.3168244859600677,2.6776532229251733,1.070822215083761,0.5158827721264073,1,9,No
4976,32.68027801880524,19,11,2.0670998360839685,-1.9570913286087084,-0.17454403924197748,0.29899262340124655,0.4124805509466646,1,3,Yes
600,5.612733974789167,2,41,1.2814350974566557,-0.7340244692218376,1.1089505729564282,1.2333675500805437,-0.29305120340188257,0,4,No
1435,41.96972863127021,11,40,-0.04936660843481989,-0.5758910170299324,-1.2260460978856038,-0.0675110409850576,1.7329277582352234,3,2,No
4997,44.93674678219744,11,24,-1.198058757315489,-2.522102910495364,-0.9671359297250812,-0.12156713821863874,-0.6290523957756977,1,6,Yes
539,3.0214586005368003,20,47,-0.868231174014714,0.7904302146842336,1.4897040367414378,-0.5566683589100853,0.5535405049710949,1,3,No
722,102.31117017306632,5,14,-1.5759233581869183,-1.6900017679461332,0.7696865166227178,0.8658072149327748,-0.19325000683183333,4,1,No
4411,138.1497589138838,13,38,0.014957960059399306,-0.24634484881759913,-0.4066888698088336,-0.23298333892993134,1.1816503230464808,2,3,No
1873,17.882226024475518,4,8,0.340819988157417,0.16323541871735905,-1.7105410768085565,0.13118245451661864,0.6362648914316762,5,7,No
2846,11.643373484865817,14,9,0.5806095077529472,-1.1580993319396735,0.8584800242620702,-1.690946491261784,1.3186316079585185,3,8,No
2054,576.7670294215062,14,18,0.4430848113194526,0.0739513036788835,-0.7845842361821985,-0.14963223702623105,-0.9500508260423803,5,4,No
2908,33.78568833794557,16,54,0.36158244037961457,-0.09222655400513156,-0.6052376063964122,0.7425955980216679,0.2917954615803091,0,5,No
2255,93.11042626213681,17,26,1.631323419561157,-0.28635419988434907,0.8304809096249848,0.7101624782657501,0.5416691510701301,4,7,No
3913,20.578583121569235,3,54,-0.7209955706588379,-0.1696929436914264,-0.8924315882240806,0.15639759452865903,-0.9169701424365914,0,7,No
178,38.861016964900976,14,10,0.023864421189582014,-0.2979083142853102,-0.03002344780847147,0.8938183535575839,-0.6628522221367055,2,2,No
2891,14.6207477933573,3,39,0.7636446579327141,0.5230556788392572,-0.7245795902054749,-1.1426970450143714,-0.6481516452942438,0,8,No
3674,4.794219776605838,16,15,0.5000918803901798,0.1106902178806981,0.49965996996099526,-0.6022192957730058,-1.4590524043906488,2,8,No
81,52.28843599588729,6,32,0.4937227144602481,-0.5791949845248994,-1.3432844521102028,1.6247850398997947,2.489254169023358,3,9,No
2562,34.67635832874974,13,49,1.1855433372609887,-0.7551260758165749,0.9443046778972468,-1.2540428643279284,0.12759923276725563,4,9,No
1724,226.54558751807085,3,44,0.5514019908583155,-1.4083867417457268,1.2933308258074465,0.5137668280901231,1.913139872135604,3,6,No
1618,5.6013820429352705,5,6,-0.4331853535234298,-0.19065816116919607,-0.35784636919103263,-0.2767691011096277,0.07775486301596105,4,6,No
1655,26.142270928520638,22,19,1.1110905443863612,-0.9636170647510816,2.076033433963592,0.14837347843950222,0.24004496603076966,4,9,No
2329,39.23125973364922,12,6,-0.9265218346195151,-0.31084890463308995,0.5274546404624888,0.7728866602885157,1.0784162948642855,3,2,No
4614,17.013109365693186,23,55,0.6958140693847209,0.058071522162224457,0.1707977272405843,-1.5529274460415,1.443098933195181,3,8,No
222,42.203231387387035,13,33,1.1526828774815703,1.5713949969507695,-1.4501793702102626,1.411167174149276,-1.171445186026269,5,5,No
94,30.578030362598533,12,14,-1.5929754512801433,0.044189919556039105,0.3934158051805228,-1.4302532832423676,0.7771284592755282,4,8,No
2610,8.75060418225688,16,32,-0.021582813898431138,0.37399253947698935,-0.31198370025830435,-1.6312046947200598,0.7501577462616736,3,9,No
3383,216.67079588985058,3,27,0.16026892488205022,0.43318890311761304,-0.37258841855712194,1.0551965896374536,-0.5248652445893731,3,8,No
4416,13.917508336600575,6,29,1.9473863759960417,-1.5021790432104791,-0.16456038598815462,1.3278890796737721,-0.4684321875177571,4,8,No
1398,27.591290390210773,20,49,0.6836175165509342,0.208748367813911,-0.9221839147100857,-0.32583999687640003,0.15450324912777277,5,2,No
4687,9.178393574145156,3,5,-0.550492605513347,-1.1372991929197733,0.9492694475501682,-1.0190663130808542,0.8007168725158266,4,4,No
1293,22.318750351966347,18,51,0.28209771646242404,1.2774922631474832,-0.12111594708938031,-1.7719895262485683,-0.41394053477669707,4,9,No
2165,60.64234283192266,20,9,1.4718347735005264,1.351709105372455,-1.314395639265646,-0.3659696437322058,1.9213967562969676,1,1,No
2940,15.631301053169809,13,57,1.3660470023821174,-0.27970832214143765,2.2231039147358342,-1.2784224115816676,1.5637722411325112,2,2,No
3669,5.845161573388355,13,41,1.4165246666248346,0.4045760482252575,-0.7325989391038081,-1.1844855600758335,-0.6889194153424328,2,8,No
813,42.64392455778468,4,41,1.2540192353327866,-0.8483203895479107,0.16259098091505825,0.2870535149727362,1.3824469318752208,5,2,No
1259,188.60371012508216,17,25,1.2407126370174857,0.3814233170420487,-0.016889322364818993,1.3720171730330784,0.2901344984230279,4,1,No
890,6.025540213744641,10,14,0.05386096731583391,0.6301534194283186,1.4212377659215332,-0.21587979872792037,-0.3164710426498841,4,1,No
1452,55.14125957083807,3,53,-0.9071162758323849,1.5261208087746898,-1.5384663450369873,-0.5853623046030073,-0.8873629718552081,3,4,No
3317,28.170603268994682,3,29,-0.8627072851042499,1.169812984727281,-0.5322745656338058,-1.0798555472417941,0.02156077607666119,0,8,No
2560,146.95469504398196,18,23,-1.3653701638542566,-1.3790824212346355,-0.3647084189823896,0.00852428327012511,0.012046025055529607,5,9,No
3575,18.022707742939215,20,58,0.03454023133646275,-0.1518152825544264,2.629908433664263,-1.2270525159847638,-2.667309956727729,2,2,No
2681,113.62047677097512,19,16,2.1093354633064583,0.33159987497874316,-2.2392266212870955,-1.4098843665573089,-0.2510032514224835,5,9,No
4652,89.29043217995647,8,31,1.2739574474824948,0.9957733987733814,-1.155260785687539,-0.7976500249543004,-0.9386838732298641,3,5,No
4812,42.747632389121186,4,4,0.9029359793128466,-3.302685226007675,-0.7121265086328494,1.5052020926637815,0.340963009202084,0,3,Yes
4680,11.074069682070656,2,38,-1.76189354629176,-1.1121286289896701,-0.4869453324258589,1.3261790864212204,2.3677818358483993,0,7,No
2965,34.066917261356295,9,27,0.19759967548228716,1.0038419504114928,0.603410135965475,0.20378706083573803,0.3104427284702329,5,9,No
2673,20.81387034144088,15,12,0.22003904728673457,1.9329530374227504,0.7530454870613272,0.04615948121306179,-0.1788014787668398,1,8,No
562,46.26080824764465,22,43,1.2693253180378326,0.890044503010141,1.299978352877571,-0.11042190050841018,-0.8626703187070606,0,4,No
2779,52.74646596387132,7,59,0.11662846248958911,1.548409232959876,-1.7848321389336013,0.4021392786085712,1.211745389324271,3,4,No
2949,68.44489938535354,15,16,1.560402799168632,-0.35680784072305405,-0.7223488099829608,-1.4835034051424818,0.24469166839351647,1,5,No
2818,72.23102137264863,20,17,-0.2787302787865048,0.18096408892248975,-1.6522666732579177,0.6547156739355009,-0.2987428925935739,0,2,No
2759,70.11580717229266,22,34,0.6114500787708956,-0.36771656321310003,-1.3973485088613788,-0.07097673450738928,-0.11897150612377119,4,3,No
1757,183.08379679390063,20,53,-0.9584387130669897,-0.47580856553524736,-0.4082469084893662,-0.5932491923817148,-0.9183377477410463,2,9,No
725,13.159100310606746,0,14,-0.7136258768458952,0.51607607633905,0.3206019563548599,0.5995169900657619,0.5509822859456703,3,3,No
220,16.511504631416557,7,21,0.4144233294786382,0.21893884707163588,1.065279371699199,0.7528018229417711,1.0719029561826579,4,1,No
4140,44.94000092538241,0,24,0.45079892209873157,-0.889154715860938,-0.07540049726082032,-0.19143661256009895,1.7778058111147945,2,1,No
3958,88.52101393712833,9,31,-0.8890852363740881,-0.5303789715470305,1.4095665749821313,-0.23638101521214716,0.5604125591073058,5,9,No
1589,12.366671506118726,15,28,1.070976396820207,0.02666899295189106,0.3660169207685819,2.0208417130395606,-0.2786458241497061,1,7,No
3348,39.55100548095868,19,32,-1.139837628401826,0.3439602616349679,0.3538210991281481,-1.7689150267923641,-0.6540821432422896,2,3,No
3971,6.933015678972947,15,51,1.1719840898608513,-0.3837602378230378,-0.44104832538868594,-0.5416179442659952,-1.3403878309313835,3,8,No
4708,23.369062542803476,4,35,0.19843244306844532,0.07842883103897871,1.0417982592808506,-1.803252543917996,0.09751054913350883,3,5,No
44,41.76928760024761,3,38,-0.7663886801111608,-0.8095174571305996,0.9882844031026585,1.191550812650145,1.51214355812192,0,4,No
3002,65.87059826469827,5,14,-0.3357904499013774,-0.7445110787335175,1.1657880893103332,0.8685300090840632,-0.48414824776194576,1,3,No
211,82.75649845533144,5,0,-0.6643381795729958,0.12904232858723516,0.2654240456396075,-0.375395066920231,0.9038256886095176,2,2,No
678,50.40995113410203,5,47,-0.06157487605049596,1.7188448794440452,-0.5308159554019765,1.4071265257169843,0.5931395305439708,1,8,No
355,96.39666021936745,11,22,-0.32669258858695,0.3384806136890324,1.4695706957615102,-0.5750196964544141,-0.6434877090831294,0,3,No
1434,6.452945876260179,23,55,-0.9895293850696225,-0.35759662832977124,-0.5450226799167689,0.8088849760375675,-0.15427927601770416,2,8,No
950,1.0,20,13,-1.2105851651398536,-1.2735293254384898,0.975722646501593,-0.05741405492750189,0.10085809990438051,3,4,No
2844,68.84195666558148,1,57,1.0881700477746266,-1.836803605074439,-0.22248195292370715,1.149315273056193,0.6073914267983219,3,9,No
578,115.34757772614924,23,59,0.48394105366532936,-0.6349463854615437,-2.5336583304946583,-1.6844641145423411,1.554861831027136,0,7,No
3929,7.8914334093225715,4,13,-0.7087646631465633,-0.12426644461817643,0.1555450542677381,-0.648599371735191,-0.7271638606713509,1,8,No
545,25.703378208185388,12,16,-1.1515043113734442,0.3000857758385668,0.13657451749141328,-0.06470859490977714,0.43840520338236943,4,2,No
368,14.552313475194982,3,20,1.5925016336722961,0.2988480444383938,-0.22547203470023827,0.757637829515743,0.471067274849391,1,1,No
1613,31.73503827868877,20,13,0.08572227524128519,-2.3004109720079366,-0.5669914445046008,1.0208216614468928,0.5882229273129349,2,7,No
3551,15.757574106022028,18,39,0.36438716921505027,1.8804506695672645,0.5570352537429915,-0.41088094943324777,-0.29518898935210347,0,2,No
3717,71.46068954741739,0,34,0.6870869281943682,-0.4922760331906505,-0.6678134869487954,0.7561398271851035,-0.2463582022577131,1,9,No
3780,5.024060088720521,18,44,-0.3310838862050807,1.082693788082359,1.5004669982561014,-0.908497429440095,0.2663652877969503,3,7,No
136,11.994172643431922,2,34,-1.8396549898024643,-1.4835666860516032,0.6632154402564954,-2.778669641666051,1.2246293575998046,5,4,No
4481,41.08728531408444,23,32,0.038247878334072456,0.8438039431844434,-2.450656002766061,-0.10176735488983292,-0.2248673533542973,5,4,No
1438,1.7235414828694506,23,53,-1.521126279385031,0.8884495729322054,0.3658007330936959,0.05566540350946721,1.1248180263058407,5,7,No
48,41.41302930270175,21,10,0.5265572504935742,0.5587978521423151,0.38762577151474775,0.39897963473923403,0.30374250245132806,0,1,No
1361,22.696108254167772,16,36,1.411405806479421,-0.11944077154349764,0.13459172945237918,-0.6461813609102723,0.1347839778261051,4,9,No
735,43.73478261934439,15,55,3.0453255920111455,-0.5644887234739576,-0.9033299917558719,-1.0263005500957576,-0.21094072655430532,2,9,No
1535,246.84371070752516,18,11,-0.3849151872458864,0.9525005395920663,0.13591440230756358,-0.29281835577044596,-1.1696028349685499,0,9,No
2005,8.12713491434723,22,51,0.44356219360673566,-1.2871643737246663,-0.10750399922962861,-0.1721483206717906,-0.21816545533062276,4,5,No
3796,27.90392209719429,22,45,1.126879578546892,-0.5466895735237378,0.23812589406637003,2.4461020762965764,-0.0409536270074023,1,2,No
2520,5.9806355421655315,3,26,1.4382466069308903,-0.9039840243675579,2.5487812866055903,-0.9518337633840985,1.0565867204553927,1,9,No
1973,36.7702844014206,23,53,0.748433698837844,-0.3813869921897419,-1.8618830801376491,-1.2273390978059533,0.40592088486198363,1,8,No
997,71.29476280550578,3,38,-0.1662099135810711,2.421047036286818,-0.1407023866843086,-0.2792342453730181,-0.4223931092077327,0,7,No
62,23.691467684635672,6,52,0.7155380517039994,-0.6266315595125326,-0.684583688827855,0.09891547876311091,1.0063904776197492,1,4,No
1109,121.94438349601418,11,35,-0.08692193702714356,0.24365272501416324,-0.8282603955941573,1.6244386832914004,2.067762506513905,1,3,No
2406,6.375762558767839,8,16,0.7527167787721363,0.879335797438561,-0.3128397502851846,0.9496474848360985,0.1384097544619332,1,4,No
96,7.790363549821205,12,39,-0.26434369726567053,0.2861949425543167,1.002031993310248,-0.09549807330964437,0.31759489083167675,3,5,No
479,33.326039632830316,0,6,-2.4341792984085067,2.0154063637827733,0.5285534835483313,0.6969186624529615,-0.14354044666201693,0,8,No
4360,233.85295383397738,0,0,-0.1291549206081707,1.6243125419187334,0.376448591917038,0.39559421302163983,-0.03565973103800807,0,5,No
4113,17.41298914581931,6,15,0.09055317307974718,-0.7915417048611971,-1.5166972610948128,0.5691729932328272,1.5301000439033854,2,6,No
3708,60.156283289679386,20,56,0.31970954242284844,-0.6316619921671176,0.5251794274872086,-0.7638661928562537,0.518816028959917,5,8,No
1102,61.19706171131153,19,18,-0.2299643324033938,0.6767727947859766,-0.9799554969846216,-0.948987838193326,-0.25125496329368063,5,6,No
2747,94.25955976462922,3,58,0.8317483407990738,0.9204974767744583,-1.0310741830379782,-0.754504758554849,-1.479011087255105,1,6,No
2171,14.14244243140399,0,59,-1.0099357789723815,0.14337664650128207,-1.2350962446963178,-0.7186225992146529,0.19311131880820975,1,9,No
323,106.8308874949288,3,35,0.3809349468485706,1.1704970934267551,1.6666089083149223,0.04136616368087278,1.837745630786756,1,1,No
4255,15.021245268813333,3,53,-0.028870171466186794,-0.06086122092592871,-0.538409526496282,0.6339057708388454,-0.17681457843050152,0,5,No
3143,26.376424099614727,9,6,0.7375913685167031,0.02539272665625731,-0.7923143927369756,0.4347641924895456,-0.4027766270922433,0,8,No
3538,23.69035403916998,22,27,1.3778721449510973,-1.0467001743963766,0.9125305572860902,0.4186700383823918,2.176335392057385,2,3,No
4926,242.48596942725308,3,21,2.0355972119895593,1.64155884974268,0.6677841253443457,0.4924471503721082,0.5658970899564331,1,2,Yes
2925,16.839937588081572,20,12,-0.3805202750823674,-0.3699563167016862,0.33522823219616227,0.19951792122138184,0.23003771490399802,5,6,No
1150,92.77668816837718,8,13,0.17699140506798605,-0.37278571121318677,-0.4856285335742323,0.32690962561532305,1.5148232815609894,0,9,No
3618,16.422557551958352,14,51,0.17822664263854127,0.40118324563296187,-1.5806912555990025,0.03170509365363808,0.8235559603481227,3,7,No
292,38.573384275727356,7,57,0.09451149336757297,0.12401531860560501,1.214721474497781,-0.6003824289163511,0.7673386977205734,5,1,No
3750,121.43108868406533,0,45,-0.7485850299949548,0.15618749547137054,-0.49746436372402136,-0.02365186515109181,1.2212809158058513,3,4,No
3587,11.897784880564966,3,40,-0.7497464255742916,0.15459430706745944,0.5023098649645258,-1.231146494559163,0.8419352030912789,1,4,No
534,52.05672298219746,20,26,-1.388384300989857,-1.2138016860912133,0.00921169263208945,1.2023781165777556,-0.6021420806396302,4,4,No
3608,143.75088305721397,6,21,1.7488529076562365,0.024421442112682986,1.7312621101124852,0.16458831277057775,1.4021679437229746,2,1,No
2649,44.30977029401483,22,24,-0.9288336742650174,-0.9584433699117578,-0.20450255642254214,1.105332543845991,-1.8314276438450185,3,6,No
4811,72.04264793608625,7,53,-0.7221023014600692,-0.5659554843639902,0.7519890453607341,-1.985861776916551,1.2032861480745562,1,2,Yes
1984,25.737194040666,23,57,0.5143400502063492,-0.9776640592717641,-0.8325237401905758,0.3754920484318922,1.7502336828022196,5,7,No
2933,107.57463145863429,3,42,-1.3914286796048276,0.08147930032643269,1.3581563647022803,0.09980400070481274,1.908135428873693,1,3,No
1537,70.05095649849977,7,53,1.8980914845175216,0.3715604216938288,0.69995885173551,-0.036276028515956675,-0.7743885356827591,4,6,No
4535,32.86057854762457,16,12,-2.4590321135731767,0.5079017093737574,-1.2632915819417612,-0.4624376426560503,-0.24067732794371172,2,6,No
4173,35.64670067858339,2,1,-0.2834097747702,0.9774739999614781,0.20257921296804057,-0.5075232625900649,-1.4682647803416555,4,8,No
3361,31.313664505649186,13,48,1.5005799118379979,-1.2352820261781197,-1.818631166042216,0.16752178701697598,0.48541241875264324,0,8,No
3666,6.8076534223313026,18,52,-0.5534325976345966,-1.5440137472672566,0.0990776189687754,-0.0682361134186767,0.03750570108252711,5,7,No
4006,24.34854843638666,4,8,-0.08086719243780918,0.4218255819920303,-0.33985479930595697,0.31425848509325494,0.9436359734267789,1,5,No
3627,34.68509184450583,5,18,0.2169720771883846,-0.20966697129479356,-0.43123540510627817,1.8804428180286301,-0.442704891862611,4,8,No
587,10.210180191694048,5,59,-0.9071831156010672,0.823140969367302,-2.651364479881397,0.49200617378835015,1.0598044249313672,0,6,No
3257,17.33175852606748,2,14,1.465697056450095,-0.8650578673074931,-0.3473597601468103,1.3316868015371432,0.18921757937710068,0,5,No
2299,19.937441045986482,8,55,-1.9965425396350924,0.6934058862266377,-0.28314736965757137,-1.521865174513654,0.030189139510283732,2,9,No
3989,109.57704059939581,8,3,-0.004977211772486045,-0.5746693545054586,-0.7329986227166922,1.0457140216023326,-0.39220527096119867,3,8,No
585,67.6533235917778,17,51,-0.46316820452495655,1.984955013783783,-0.7354473192398943,-0.11943106789817422,0.6391626658898175,0,6,No
2424,21.41881865132642,3,40,0.6608584777343189,0.07970003877477616,-0.07523051297531867,-1.4475999538876518,-0.8355065338895054,3,7,No
1392,145.0957158812586,20,48,1.938048097086492,0.051844888660036635,-1.7377511434814747,0.32774003328524176,1.2061717020348408,2,8,No
4526,10.10142891868427,4,32,0.30772717438234215,-0.6364871852010423,1.8563109904124113,0.08513332568255527,-0.4557300361667431,3,8,No
4921,45.236402891492446,7,41,0.06815885279071454,-0.98039109074333,1.7240178868320863,1.055900765177991,1.0742012309440137,0,1,Yes
4801,68.65213666490061,6,27,1.3556434179919141,-0.6045260011255729,2.0417646339536666,-0.25992927105411723,0.1254421799824661,1,1,Yes
3241,100.85256589273871,2,33,2.60918598719949,0.2488665009130547,-1.241897032275837,-0.8393027430764312,-0.9399347885873346,4,1,No
4282,2.6137659720049635,1,48,-0.1966741140864094,1.0943928817301192,-0.3127807859057277,-0.4848575679675206,-1.2043833444065675,0,6,No
3339,11.257592759455326,20,44,-0.7884941162609094,0.024880944473693396,-0.4464524748997815,-1.8853406671493753,-1.6030337728222812,0,9,No
3221,137.9628943149741,9,58,-0.30238496875303494,-0.2995713935675107,0.7450385877764873,-0.31600284185911637,0.49839168474354706,5,6,No
2112,54.39885111018065,4,49,-0.6906674495813695,1.781925864365022,-0.13220643789951475,-0.8375569780252101,-0.45204189636327474,5,9,No
1175,30.42149613822904,9,20,0.5725410611184019,-0.2191602397777503,0.20587410658260533,0.08455021641444835,-0.7882831507849641,0,4,No
4863,143.48498203148446,20,31,0.2146892754368177,0.7724158920405539,2.768477238974696,1.0600866197623922,1.858258779050844,1,2,Yes
3812,24.41339939268973,8,49,-0.6684124604359205,-0.749695164058005,-1.018556131618258,-1.0024181920716115,-0.5154948762809228,1,5,No
1868,65.26944120979391,4,30,0.14966313516754304,0.7521825651534181,-0.4658178552965385,-1.3776242378087107,0.3636187975725264,1,1,No
2615,5.171638681962454,22,53,-0.2839362497457617,0.727850170800594,0.5194135791656076,-0.37348301519567256,0.47844385119615784,1,5,No
3867,50.26810612988133,19,43,1.3682739343904182,-2.088883658754756,-1.0939362712240275,0.663569941859158,-0.8801076076425519,2,5,No
4886,44.652550002879906,19,38,0.8782593130830135,-0.26516694322255463,-0.769785947745006,-0.6388845978887499,1.4322750096412777,1,2,Yes
3779,30.840631068469616,1,44,0.5341604877751113,-1.8616195334544845,-0.683665468585005,0.7576409855887405,-1.5638245855746444,4,2,No
3847,30.14486420534088,12,22,0.22689724730558464,0.413905698467481,0.48850556805326384,0.8277773451180905,-0.7325773495423836,2,1,No
2417,15.72130912608375,14,47,-0.5152082497318609,0.8528141316548622,0.27106230479769955,0.3930367383442835,0.6106022135172877,2,6,No
71,9.247134101582004,23,36,-0.7038793410497978,-0.9858749749925457,-0.7221222702285907,-0.25450105340661505,-2.3545506142918935,5,1,No
4881,35.78355717997881,14,7,-1.0757907584640038,-1.79725471179861,0.9042910927978703,0.07515350730839909,0.5071288138681613,2,6,Yes
1127,194.67689630037785,22,30,1.6462102004583734,0.5519410177573731,-1.870457149062288,0.6583394624116107,-0.7477367942283288,3,8,No
4025,13.634590433930786,5,22,0.3793243998702391,-0.9454793068872157,-0.6671944716976937,1.5105833850390626,1.2274306854183537,0,4,No
3251,104.51983280005473,8,22,-0.04560974443825931,-0.157266308649841,-1.140174027108463,0.01851028589326482,0.683408027666782,3,6,No
3902,64.2335801843749,12,6,-0.05514036027420956,-1.119868987138514,0.9526673368709699,-0.573898318988514,-1.9793545544031983,0,1,No
1096,112.87634817709564,23,17,-0.08977924967120604,0.886150952983273,-0.07648577094687015,1.6227308306356492,-0.695820547662561,3,6,No
4546,33.824948229372374,1,58,1.6967930932968103,0.155826527421216,-1.442193576035006,0.18197091342833357,1.5213897973307664,4,5,No
1213,27.496076528799936,21,37,-0.4273413546948073,-0.3024178198456219,1.7098785318866498,0.6327281029445585,-2.2192218213441612,5,9,No
3922,24.140118584713022,15,34,0.4806097419397185,-1.7425113998895798,1.0534968765614976,-0.29785509542266375,0.07921106051409219,4,8,No
1426,13.310542319753411,8,6,0.3128831075966104,-1.0488979062978467,-1.016318290128753,0.015282379148826237,0.9319953933384871,1,7,No
3067,42.79802593215421,11,58,-0.14050918746230084,0.8503672831454239,0.9197111524363613,0.5918619238457106,-0.4487485840091213,1,2,No
4520,5.819326523751426,8,49,-1.2610182483132544,-0.08111742599045293,-1.9526947715240315,1.8304057767536248,-0.3616147103562734,5,3,No
2101,42.80516319513606,16,27,0.6522721175661845,-0.8295419540543993,0.4538665543398381,0.8373860884208123,-2.0958309562928616,2,9,No
808,9.54286849554149,2,41,0.9731258730512434,1.3984436503836541,0.4255902503682677,-0.11001679075579433,-0.25287846945038367,1,2,No
4744,30.619191080645912,8,23,0.026428119876508054,-0.9009094803578852,-0.012251567193944162,-0.6743668886190956,-0.7577108821359708,4,9,No
3751,24.977388415391555,7,3,-0.31590089105597763,1.474019380783673,-0.08974268279240716,1.234202609395989,-0.1769114225816663,0,2,No
1363,5.852043384741949,6,31,-1.6195030931285463,0.690250134575882,-1.0601648717930052,0.04629725927733898,-0.3383032174399716,1,5,No
2318,49.649202053135184,15,56,0.8890874318763199,-2.0064766890924717,0.7154956353164654,0.5941480464059347,-0.723071506657659,3,2,No
4582,73.78669068210318,17,0,1.6294867807455016,-1.27012974232107,-0.4561653103304621,0.042309384437453156,0.4126602895768867,5,6,No
4742,29.607957680856863,6,25,0.9579903682453254,1.3853401972482386,-0.41731016582044506,-0.9306637188267569,-1.7847910417017765,3,7,No
1026,23.001553283994397,2,46,0.529511759086702,-0.2746814289546182,0.08289056141961645,1.7432583748696906,0.142031029001139,5,1,No
3110,14.687928638256341,6,42,-0.7358749733242059,-0.15458405544052448,0.8315007190262329,-0.15529033724538993,-0.5953737188875555,2,6,No
2111,48.93314271593909,5,0,-1.0002086234017997,1.1457622883908887,2.0358572812442954,-0.20243817445701345,-0.09924241072697185,4,6,No
1042,87.69756450302184,6,39,-0.4925899572885781,0.8095455155501244,0.14550655263161685,0.0927898626410417,0.5362626134211896,5,2,No
1877,68.70546803597945,17,43,-2.876240404156761,-0.0766688056209485,-1.0780744688813524,-0.8293168941568618,1.4745861073252933,5,8,No
882,85.42592360701818,11,11,0.43390415305960467,-0.30742829091656576,-0.7234202716692567,0.05320543244889753,0.3922803295791006,4,7,No
4300,27.434686486627353,15,43,0.3085951676098503,-0.7909216885443803,1.3497056112206598,-1.1066728847851421,0.4391977317841035,4,1,No
1193,25.61929769193929,22,23,0.9667588321164844,0.3695751403922469,0.8287953801606809,-2.0896834109219373,-1.23434557049746,5,8,No
4588,148.6510885957464,21,3,-1.1900714839878255,-0.4517101386046697,1.6078935495965618,-0.1663337024083078,-1.3370128681696551,4,7,No
4511,25.473071365371325,6,19,-1.3530517757399212,-0.7524099181998664,-1.3852590632590096,0.548601883351622,0.413813917496319,0,2,No
3671,53.9405946544504,3,46,-1.4013944935239975,0.10314821838983423,1.1400115630792627,0.21947169201356195,2.312669539607887,3,1,No
625,53.04477103115197,21,41,0.15480308997465927,-0.4711100094466988,0.8692995459688505,-1.9359547676126674,0.07501142234598206,0,1,No
2797,57.99339810154039,2,57,-0.6040328674416809,0.5339351405586664,-0.023836029992347244,-0.4772028439558794,-0.9030693189820551,0,7,No
4292,6.862975331249,11,22,0.5227455650471217,0.18394124338949466,-1.6395501500141019,-0.616519021959377,0.06932722904651584,2,4,No
4969,45.492721280362915,12,46,1.328835213610616,0.25903020341846617,0.16937906718381734,-0.23276112071792354,-0.25546237626267243,1,6,Yes
234,110.59264886139108,7,3,0.08153027923148934,-0.032391276781437675,1.104183382169693,-0.5901104521574382,-0.14028378774059883,1,8,No
4567,1.5326062677713763,21,29,0.8459466761719828,-0.9788134180296996,-0.7901268641358454,-1.550151395515884,0.19480122099381073,0,5,No
1663,29.88443896469219,7,22,-0.9554642567541786,0.6335370750645821,1.8757640278327723,-0.8876298840394212,1.7247483710747342,3,8,No
416,40.35801782605827,19,59,0.8516798732290504,0.06097654243366502,1.5209537333910634,-1.154067726254209,-1.4761767733118683,3,2,No
4247,41.072705177791704,21,41,-0.6152012964148782,-0.486469580667538,0.08226475526789141,-1.8332925505401105,0.5253305677653035,3,8,No
2174,9.809941249393828,12,41,-0.2562104236290778,0.5386214617743597,-1.101430049521758,0.730067177405201,-0.8308571426653624,0,4,No
1457,330.1638654015298,2,36,1.2529768948842077,0.3354626264296404,-1.5440133451250129,0.7235288467288058,0.1694825768329633,5,4,No
747,199.8554834150295,13,15,1.0700736103704593,0.33218496679542386,-1.1834882108688618,-0.4874767187206597,0.886051352660691,5,6,No
18,12.693847143411986,23,17,0.6539862322351151,0.17124082460057136,-1.4226286487497493,-0.32806962342559803,-0.08289702348155359,2,2,No
1201,8.823855153085674,23,46,0.38257068809075157,-1.4853210480064563,-1.258863462634087,0.0012962065311068023,1.1987459361544675,3,8,No
1700,40.594523920682555,12,12,0.06315536804319397,1.339640980170873,-1.2749321552938981,1.155526291049509,1.619187452322385,4,7,No
3254,87.0192780599757,18,57,0.7143357474106041,-0.46348504152792025,-1.9163832118726292,-0.1804318620688466,-0.587976820035359,2,4,No
597,19.676235487938566,10,30,-1.0092825292493772,-1.8519443522121117,0.5207426159596433,0.9641314234886486,-1.7921749574981565,0,6,No
3227,13.268910223820086,18,2,-0.003013937960264833,-0.7058739161898745,0.1399501550901769,-0.3866921459447502,0.6171644678785293,5,7,No
4406,117.92430480547121,1,55,0.9576152586862193,1.3399693227028135,0.31553507296874805,0.6585722695512903,1.3031314848049185,3,3,No
4720,38.659488560332626,0,9,0.8938879021478812,-0.6810001734941195,-0.34336369314556137,0.398524746731374,-0.3347120152400107,1,9,No
1506,54.52827863131461,19,44,-0.11606707924568499,-0.038719306477064175,1.290757461078476,0.8782293382164461,0.4254149846118925,4,6,No
1413,6.903783423455982,20,53,0.2618499545895443,0.5018903796731302,-0.642415413891724,-1.519058274920934,0.9573183749126308,0,8,No
1966,53.79033845914622,10,39,0.4527706135637918,-1.2922398034417952,0.480248194083588,-2.237700352184668,2.095296177930695,0,6,No
372,125.08088279866173,20,21,0.453080074687763,-0.014135259210628073,-0.19268762608682777,-0.10223572796214128,-0.02242430826978004,5,7,No
1341,14.911269008388796,19,15,-0.2094893279622779,-1.247509486060624,0.3496839249167958,-0.19616816691702066,-0.23467219048186205,3,5,No
599,42.16791904881586,0,15,-1.0826517241227573,0.4226882913088517,0.47085449441352384,0.20082212546167189,0.11099364507125732,5,1,No
239,11.445373510647135,2,7,0.819406120864795,-0.47441459536584457,-0.8370336532238911,-1.0938471412974384,0.42303597473040044,4,6,No
3401,49.352178101572605,20,40,-0.7461719532761537,0.8257475221560421,-0.6136003450397964,0.7068699616452613,-1.5484853350609986,0,1,No
2068,32.06172276228063,23,37,-0.620507210194651,-1.0017020643727599,-0.10779913535364292,0.7717204779815932,1.3897592151078182,2,5,No
811,27.056215433023166,4,20,-0.1524752493415862,-1.1917224430867204,1.0540086400609254,0.4764275002946196,-1.4577983780777652,0,5,No
1095,17.183421682771503,2,53,0.2759822074149982,-1.3466113728618603,-1.0313293540861481,0.17229671844099034,0.09940252798176698,1,3,No
4325,13.023747858458186,10,0,1.0826244194567818,-0.1534996566336755,0.029815353586607966,-0.5872686246144548,1.560926512724463,0,8,No
4761,81.94493856382553,7,13,-0.003287072546254266,-1.2097869710077664,2.0431722470362823,-0.2449388268328896,0.5344579599926353,1,3,Yes
3677,11.62073775978007,16,59,-1.2135428365081897,-1.282623816726555,0.25213200105780265,0.3545251572362755,2.4504789947345413,2,4,No
3465,54.13346600780655,4,27,-0.31432686853273617,1.0130319563965289,-0.03745027058518372,1.2957346245180623,-0.23514166846046433,2,5,No
3104,94.88298709392011,11,1,2.5374371421669175,0.7338134110719444,-0.20235012074701347,0.6026629045979297,0.2099446286073568,4,1,No
2750,70.08897831574188,23,44,-1.3026556191371705,1.4342211796310893,-0.6393559955459227,0.16236986031600997,0.17182019542558055,3,1,No
2296,83.74214703405153,8,5,2.2119092501962143,-1.7131208570803202,-0.5070796670338041,1.5411431773615063,-0.5220455602658349,1,9,No
4193,58.926399066756595,13,31,0.9877618367397817,0.8722665980352367,-0.3224599248680109,-1.0034388739572893,-1.9161613504073487,2,4,No
3709,28.730532049356945,13,1,0.3284587403256437,0.9130268968292327,1.770334653823917,-0.10728410424373405,0.5210220087162025,4,7,No
3019,48.358370203166004,7,9,0.38750715765849286,0.8734160065089066,1.4929833932340764,-0.8136297116354009,0.5207747718851095,3,7,No
4253,53.6448910601912,22,4,0.834202324830207,-0.33721866722792126,1.0089737425179777,0.01434874146602494,-0.2841554340299909,4,3,No
804,48.38936384794686,22,26,-0.1567512894832428,0.11307236183648332,0.5809053655297716,0.7724101479101136,-0.5564141473791021,0,1,No
4191,90.30617756159002,6,21,0.5077313239007449,-0.44957024021402237,-1.4127980152448707,0.5847065193942216,1.2632585335677942,2,4,No
3706,26.255468981889663,9,59,1.5987197226039267,-0.17630346404039993,0.6998807319481566,2.0514293416419584,1.236896319384731,5,5,No
752,24.550575504757386,18,37,-1.8372099953279672,0.4601670206954785,0.16140584477004594,1.9736608941828575,0.007479646429047295,3,8,No
4645,31.743731549267583,19,53,0.4023861113120968,-0.06188718549535915,1.9519927956145247,0.04600695950274372,-0.22261092175054634,4,7,No
2532,56.95122989585942,22,24,0.08033510523980861,-0.5694062421964425,1.3308567282298165,-0.039325850181639976,-1.5658170096245527,2,7,No
622,34.19596566063161,2,30,-0.8027143737214145,-1.0203288676440678,-0.24069984410260706,0.7340265441721783,0.18561350769098114,2,9,No
2298,15.642604724715422,3,11,0.49680656919057314,-2.5145092240681874,-1.3512271818895092,0.8869372813999129,0.03596092032975573,0,6,No
3829,41.900162666246224,12,25,0.36911749239434616,-1.005806340343887,2.2372870018620667,0.6394744155177209,-1.2475795641449765,3,1,No
567,28.22905290821168,14,26,0.8888437788544289,-1.4181147335800204,-0.9934859348064183,-0.32877288467169474,1.6137508482389997,2,3,No
1136,120.11435523775457,10,0,-0.2682185870427874,-0.5998410749932962,0.001746313450329094,-0.5502217514367896,-0.09703024235522073,4,4,No
1205,17.27804083932627,3,6,-0.8422334128027206,1.4750560472309444,0.9120263332638503,0.5405117112662879,1.2332154065194592,3,3,No
1048,56.973968087273015,1,25,-0.9230010404524238,1.3138865259684347,1.8562165673952848,-0.22122565065107855,0.3354747021942949,5,6,No
52,62.258073756767715,9,21,-1.93600112908413,-0.05756976240540404,-0.4292913705475386,-0.13382985775503398,-0.501628556371903,3,4,No
3652,42.806694291756415,1,28,2.174454318542742,0.33930720155955374,-0.8600435910170092,0.06407743931271655,-0.3542691660752306,1,3,No
1045,15.451043507049889,9,45,-0.5487742905595374,0.34897655666905963,1.8877982449554194,-0.37070460288742235,0.533776273858507,0,4,No
2182,41.864202932555806,4,59,1.961095788459011,-0.5005629432242592,0.3299655735312294,-1.758971956244352,1.3576491329094167,3,7,No
2689,119.92208768760322,4,40,-0.04044759933154657,0.4414509838846031,0.876232573347229,0.10120888768253983,1.3936106839924256,4,5,No
535,6.918790200439014,23,15,0.5728281233876548,-0.4776253033545738,-0.5334169579165013,-1.3453952633576904,-0.5717211111771211,3,7,No
3185,66.02882672130151,9,10,-1.0983808898760943,0.05413274921397746,0.4573174811161645,-0.5437108437150331,0.2318297058432619,1,7,No
3858,33.45949367451918,13,58,-0.3719785089728828,-0.43507041893084797,-1.0501626201410925,0.10627181692963122,0.15817051475997523,2,8,No
444,124.04714010864078,9,9,2.139681744057713,-0.8686115904422842,-0.05918157291021701,1.4135243518009772,0.6171339220735854,5,7,No
3605,35.52140662845269,10,7,-1.6100889113347416,0.7310589303796748,-0.1642468860721937,0.8536892601109091,-2.119069926527292,1,2,No
196,13.534919574969946,4,45,0.38301315045168366,-0.816847902375455,2.0703986089106223,-0.579619967676225,1.5560163269499772,2,3,No
1116,35.837280859035076,19,1,0.7035187635540419,-0.20889954259591606,-0.32744062756170583,-0.9307765450307648,-0.6100513691976166,1,6,No
766,5.564398375654712,13,4,-1.004886908319843,-0.8416596311035961,1.252252447465621,0.07577482801885757,0.6697540967119173,4,2,No
1946,5.458335029395572,14,11,-1.604312805801676,-0.5972251674470368,-0.05031682927271039,0.5214087249135335,0.14947993047033897,0,2,No
3248,8.585996719306467,8,15,-0.6221616027278304,-1.1781067662455265,-0.09031334929791283,1.304506003393602,1.024380730927126,3,6,No
3003,236.54239960464804,18,46,-0.3375492453760595,-0.049710774698647646,0.6432339648753832,-0.8921995148939958,0.5023946175506584,2,8,No
1433,13.898856483233434,6,3,-1.0797939055288595,-1.2111005902599319,-0.92944741765211,-1.1156540011597813,-0.5544937442956455,1,1,No
4201,14.744951202061378,14,51,-0.3218281007629398,-0.0215668154884143,0.6586352504440592,-0.6755952036075326,1.544333810390488,1,2,No
3096,10.657128112205898,16,40,1.782866332424791,-1.0265820773981216,-2.030119190350568,1.3654364094947014,-0.7101344212026242,2,3,No
2923,9.27244938043553,3,48,-2.0229535439078057,1.0452748251655632,1.0745368728078772,-0.33140680379455617,-1.4044426428406136,3,5,No
645,23.633727849313463,0,9,-1.4061489758156511,-0.752209731643056,-1.6508072627235828,0.65365674558564,-1.0382929503465195,2,4,No
1050,51.29084358478405,23,9,0.7907655065646109,1.1986721970633665,-0.012696802619522461,0.12045561841129186,-1.7162979065411117,2,1,No
3746,22.95007504301779,4,36,-0.03070886265467124,-0.7174001070186679,0.44486369741550363,0.518839297423519,-0.8004693432129621,4,9,No
4094,10.125275188311846,5,28,0.10621096450225327,0.3130518090143498,1.3596025785247132,0.26668097538965574,0.4942590342593519,0,5,No
4404,155.5690191393105,20,2,-0.024911620067423812,0.8484130296949599,0.8185098286786511,1.0867090714801309,-0.3963778059851582,1,3,No
121,11.899572884066977,4,58,-0.7706792596721668,-0.03465635141297929,-1.426693421297779,-0.5823535994615734,-0.2795911535175272,5,5,No
2053,105.52517841214816,21,34,0.1396500464804931,0.8667729543670075,-0.4615085283962066,-1.5430863698582877,1.4258148306808758,0,2,No
4259,150.07520968812221,19,2,-0.16196006370584007,0.3200085517658667,-0.5406892222044034,2.4266612518016806,0.3008374771132397,0,4,No
4889,54.72728414636577,3,58,1.079366100267252,-1.0981628955507665,0.673917906512757,-0.9151591606230476,0.3559433722070437,3,6,Yes
4335,58.9879238109116,22,25,-2.63870978997273,-0.30327332245536753,-1.2782872210902028,1.2588328526749286,-0.9761436400172981,3,2,No
4692,44.39277155046616,13,53,-0.38520225590422824,1.0380711875078605,-0.2487017751915257,0.9055223863941328,-0.3977309278360911,5,2,No
135,7.6079496371410515,2,31,-0.020094548375796818,-1.5842163388718526,-1.161310204722596,-1.121566061277659,0.7641082236837743,1,1,No
2461,9.398846164589887,9,34,0.04133495180230303,0.2632896244576094,-0.1367324164624988,0.05223918486637631,-0.04360073508674361,2,4,No
1955,41.07101452256326,20,11,0.29300054797393704,1.1684979754327052,0.40022023927052225,-0.07561635478009153,-0.6681017595762561,2,8,No
2464,10.085712782524531,0,24,-0.5935112620702715,-1.168815021306427,-0.0354326147271854,-1.4819067230978304,0.1254737984145213,0,3,No
185,50.84371105585323,14,54,3.1018858037448633,-0.12267622111472039,-0.11912503371633071,0.7436070000996834,1.645332668197962,1,6,No
1393,19.248674089387293,20,28,-0.9910742860246571,-0.9173189277192353,1.5216579970469513,-0.07166405523682462,-1.6787244146786302,4,1,No
2277,9.224948777053026,21,29,-0.15110227783694102,-0.6447890991508832,0.543840195833846,1.0598068784522,0.3264262129200396,1,2,No
512,24.59828284128994,4,49,0.09626124976897246,1.8233619727003787,0.20685731727579246,0.2461802823254352,-0.30549088765989746,1,2,No
4730,23.888010167579694,15,1,-1.2835790650547105,-0.21752283852687393,-0.0137038240508214,-0.5827103538599155,-0.5014753634698689,4,3,No
4055,58.67981048290079,18,42,0.27265171612898786,-0.11025886446707536,-0.882303514506964,1.674104773207668,0.7478098853091707,5,5,No
3138,96.12843623162571,8,56,0.0558949924516098,-0.38047651115645,-0.0743893300025954,-1.116001514617138,-0.2116879494792853,0,2,No
2670,17.188774709063644,7,32,1.4979563635785744,2.6791627111941665,-0.5679422851873126,0.29400285820469413,1.0380075760552372,5,1,No
4774,141.46325396450192,8,50,0.8620433992821503,-2.4869849873876833,0.2398040428379633,-1.6564318801081415,0.633548797972381,3,1,Yes
4862,132.23477872251863,19,36,2.7422373624044782,-1.765036723421302,1.677361665477287,-2.4356772415598327,0.7838638758286129,1,2,Yes
2118,36.875013473893326,20,28,-0.4104069434153738,1.700018047741905,-1.3335486135636627,0.3173988824803113,-0.18562120093847612,0,6,No
252,46.59790350425641,15,22,-1.3684914335223863,1.4732243456394702,-0.778174284277866,1.4802298689713072,0.5250720408620666,0,6,No
3527,48.6534788890033,17,57,0.27265432103141635,1.16288987802892,-0.3507128405172512,1.3867599712212875,0.634221784795587,2,9,No
3560,14.492870272733413,1,23,0.2769438068457563,-0.13122482734604224,-1.703264700880888,-2.112193250748729,0.7374304163690243,2,8,No
4012,42.79661072819238,9,22,-0.09788432116755641,-0.33027059471010706,-0.689260018561868,-0.5728071667859884,-0.5551246690952026,0,7,No
1508,31.717431215172102,11,56,-0.6794724286140688,-0.17169903133871717,-1.250411150505963,-0.24631372358223186,1.7672952381553557,1,9,No
123,41.264257274941706,12,57,1.0730092859616567,0.6485658379660353,-1.454627597036103,-0.8414601530946475,-0.274854104030484,5,6,No
4260,22.886441527395775,0,11,1.240186097694855,-0.7742189123808034,-1.418560233051546,-1.2204538847903803,-0.6699560571082858,3,2,No
3334,22.253886445584143,8,7,-0.15633499501059966,-0.15378167773134244,-0.3198614668176375,0.7891370134510292,0.03561291905198759,5,3,No
1872,18.881704860862904,19,33,0.9356177186452562,1.0125442493870442,-1.0499018721909363,0.7531660615815998,0.650756898675428,1,4,No
3693,4.764760974012637,3,8,0.2969916802904202,1.165713305457617,0.1850327218369142,-0.599392154489617,-1.3470622058809103,1,8,No
568,17.237441603169938,6,27,1.351347088752486,1.349420216983684,-1.174008326022643,-2.5214582705964452,-0.07222162234724244,1,9,No
1372,75.87756626385236,7,45,-0.4582098742194886,1.155079972198554,0.4544586229434542,0.8458053237450754,0.5893799496663307,1,8,No
3186,8.432200100641179,4,12,1.4454480243705408,-1.237577964517987,-1.2979533440178432,1.1899210637041624,-1.3156378093961274,0,3,No
3956,4.469096493557361,2,51,-0.5639797726142536,0.5980040116430776,1.2597459436007497,-0.7221760962922216,2.2398776163300402,2,3,No
1057,38.468603457521084,3,44,-0.7331462480638534,-1.3947690603100018,0.7957162253858544,-1.4203938565538892,-1.9279430779585636,3,6,No
857,46.36677406794801,0,30,-0.061467411188287,-1.9373851149029537,0.07379681384742741,0.8458283238165741,-0.2362786354831887,4,3,No
3839,24.078682594739035,11,48,-0.3205304570523282,-0.5342345145319092,-0.6487457133924884,-0.7789809937992423,0.9234609644381288,2,7,No
2861,7.624452904461205,23,2,0.9444987595770209,-0.5217338269296156,0.01652160372657919,0.6707697428073575,0.8451363438779997,5,2,No
4770,420.31582468435056,0,18,2.4429838341026686,-1.1212644811026278,1.5895617157479527,-0.5055135952265896,1.2167069969459599,2,1,Yes
777,11.095378048078246,16,58,-0.19742191766463293,0.5560278747595844,-0.7006388678465361,0.5370425333606856,-0.5072320781845587,5,8,No
721,30.07881378836034,17,16,0.17627703572818604,0.8991234839991122,-1.4722706158336862,-0.2852981623875496,0.8291532953791201,2,1,No
2711,31.480612713599754,7,32,0.03708331937819439,0.0948376974900287,0.0102048521056588,1.133299712413141,-0.8726362970777095,4,1,No
2655,32.436801789277965,4,46,0.20390263525616925,-0.7253068304262513,0.400006736731085,0.6154284151887665,0.54284805083654,3,2,No
4878,129.6914188645692,23,52,0.6868093892412319,0.4310867207675614,1.276786641056221,0.2630163946332629,1.091894712262284,3,3,Yes
603,118.44482222972229,3,12,-1.6677323955829848,-0.45365404624556616,1.0490704183772468,1.570197720589671,-0.7732957130059931,5,7,No
3823,31.07009357068947,13,54,-0.7701505875722215,-0.3244998555075754,1.6362266473328106,-1.1995809103641266,2.1686965954356427,5,1,No
1245,94.14845193734882,10,56,-1.513139351549754,0.3464794336352301,1.3800926948796235,-0.1831870985655671,-0.5288760291458959,1,7,No
4846,180.98303483611528,15,13,0.428074650851843,-1.2091354898620101,1.2815411177274203,-1.796828099477165,1.6663468114361986,0,5,Yes
4842,21.047981404963757,5,28,1.2327345604666542,0.9291881854160933,0.6014710094721812,-0.4428136590240861,1.0641145893782475,2,4,Yes
319,89.08437324102763,5,47,-0.6933042272004243,0.039831768223134466,-0.30011509298501327,-1.1282107057057502,0.1776513766213024,1,1,No
829,111.51842556241851,14,38,-1.871120262824403,-0.06308895268360971,-1.2488213317860835,1.6603788189729718,-0.5788217215868263,4,3,No
3264,165.98716688849325,21,0,0.4665533219369462,0.5254206114726324,-0.8649739518651002,-0.21355145053028468,0.11570095775047733,5,9,No
275,159.70923847371537,19,13,-1.0667792375574,1.3573375839998063,-0.733118331282596,0.4662251226514788,-0.8363014199559217,2,8,No
2665,21.70275079374705,14,35,0.4391679997601336,-1.4556551182332127,-0.11159898800033596,-0.8325818299957671,0.08951359081295969,3,7,No
550,64.24256327512379,6,59,0.4220952655451712,0.5313834084705529,1.758884081511754,-0.44906162524459003,-0.08843187644227794,0,8,No
3642,174.99826485293477,9,46,-1.447604725280935,0.5490303260169846,-0.3280865836401776,-0.7705981836478748,-0.9987223254239641,3,7,No
4054,19.267113881166424,19,10,-2.2177795907900246,-0.4973361802212602,-0.0784191075724209,-0.3173164602261435,-0.24768242071085064,1,5,No
4893,18.77530450850082,9,8,-1.9764712801364934,0.01218063105628353,1.1324082198242373,-0.5278278483858163,0.5762705654814748,3,5,Yes
2935,15.56119912832026,2,57,-0.49987281736214095,0.40987056972466207,-1.5487983725214718,0.08103605875243748,0.8480754359790462,3,2,No
606,56.890684506985984,11,51,-1.0581971023420684,0.256758680037918,-0.9604037319968523,-0.30931560205451125,1.8034693279558056,0,1,No
897,16.84380097279104,0,44,0.31237328692007543,0.45441330591856066,-0.20510600519999317,0.46578492371802366,-1.514205883340986,5,4,No
528,37.768892602897125,12,28,-0.36813653389385326,0.29365929115170897,0.1881216441955006,0.6024193859690855,0.6047499039397994,0,8,No
4608,121.1533618656922,7,17,0.6959826766476425,0.7244179168570122,0.429058329592094,0.25422875520711785,0.3885875938362797,1,7,No
2348,16.580548927963832,8,48,-0.9231124713864258,-2.4991158395501887,-0.3461613600997941,-1.0933251585113337,0.41919691899708905,0,4,No
3440,227.0142524731707,18,56,-0.16197529826041573,-1.2155210784742203,-1.8538386190781861,-1.1395494597190248,-0.5917764457722258,5,8,No
4999,70.6121174655783,4,16,0.6239897576439043,-2.162622587479931,0.5680516640999138,-1.2650196213098506,2.130253910095009,2,3,Yes
4827,39.626109008339554,20,57,0.4301181740274656,0.023469706158269377,1.6176835176946454,-2.3991224669549505,1.5019501300135771,3,6,Yes
3923,11.005313156653166,0,28,-2.474215711695459,1.4881124505287724,0.42516056657833223,-1.9052937917301227,2.036397377747404,5,1,No
299,5.716051201035215,16,59,-0.08557267978862526,0.4105516350582958,0.2236149064397072,0.9611572137178506,-0.3659042451374545,3,5,No
2120,71.70351768665235,4,8,-0.405059694689822,1.274992477169323,-1.1672787351545773,-0.459607255470422,0.866447011069771,1,6,No
2537,13.938533067356552,16,24,0.106652042269184,-0.7942645825620018,-0.22196226411320275,-1.5259166990760864,-0.1846031886504178,4,1,No
4204,275.91166801013804,1,14,-0.25433272004169993,-1.3747952773390484,1.0822370053450034,0.06738504218892435,0.5694970556657254,2,9,No
3255,22.86550379532832,21,41,-0.4722466418870526,-0.4113219024410036,-0.19227527591383456,-0.236207681074793,0.05225083287273446,3,8,No
3726,132.5543473366775,22,52,0.23783861242040305,1.733260621288509,0.8762756143384679,-1.6040143215323632,1.5337594472768745,0,9,No
1261,89.95740967358226,6,47,0.26055687250452786,0.6778074173271814,-0.26796180775499273,1.4981806301764926,0.778944191772826,2,9,No
1559,74.37510762995882,22,30,-1.205395992911139,0.011827719134975713,1.2694964932060901,0.463067961075939,0.17751709440708988,4,4,No
3270,14.607022373864927,19,27,-0.3309567497050653,0.5240931525711989,0.031192456976916073,-0.2502346306586392,1.1180233185315536,1,1,No
4047,28.07086006685387,8,21,-0.2754930546469391,1.3430655723183085,1.3235333724027314,0.19425473040031502,-0.5294895505317242,3,6,No
757,13.185920112857893,19,54,1.8487819077540433,1.0099736495390559,0.5744869391451162,0.38077693464440415,-0.16468002244534266,1,4,No
1011,9.632924952604798,17,40,-0.01940078569982506,0.7435016024295735,1.0668229301875187,0.45898989927402895,0.8603935889705746,2,9,No
2795,99.52119939304366,18,38,0.8152954784775385,-0.17106582892920097,0.5393390687308673,-1.2790447383433616,-1.2711445210993213,5,4,No
2906,34.507614863014474,22,48,1.9265862780395655,-1.4706741464213928,-0.8191940559929812,0.5104017713182099,-0.4700027599054521,3,3,No
1871,79.19667903139481,6,11,-0.5368185250808366,1.384662357992878,0.22097539358024598,-0.7746952397482023,-1.4529394669303801,5,1,No
2230,43.697440527032555,10,22,0.39570884326860606,1.7091714974091443,1.3212207831921898,0.020608706785452846,1.1837569213272254,2,2,No
1174,12.208690286861954,22,7,0.8047493301705665,0.6620771366958226,1.1007618336578835,-0.48747211480156466,0.08480837284981095,0,9,No
1833,10.833816481319177,23,42,-0.79979906806347,-0.6278024350706654,-0.41082115600974495,-0.01573668652102702,0.9585710282019061,4,9,No
377,26.973052475030215,3,44,1.8478097114496044,-0.017287442890987742,-0.08138520448221714,-0.40510517173058996,1.1799657394575893,3,8,No
3854,23.374148267711746,10,59,-1.16699058757636,1.1886009005703337,0.23162871272810104,-0.3556462122823209,-0.42536560834954285,0,9,No
3617,109.02678807413115,21,56,0.8278939044212705,1.7413308689937548,-1.2828037635931901,1.1683605849574012,0.02543936474713427,1,4,No
799,92.37319534423693,3,8,-1.0002041999857756,1.0301853986015017,0.73025696161685,-1.0411871713037413,-1.2941075650225413,0,1,No
379,164.7212022623293,23,1,-0.16590985510107972,0.3293177319454342,-0.8318869496638158,0.004505065509350931,0.3085133646132903,3,3,No
1159,2.855159965426046,1,18,-1.6635279740339746,0.05264582126913909,-1.0968717286729208,-0.29441492055831847,-0.5864206939592126,0,7,No
3820,24.524969008077754,6,2,0.7999578897940776,0.5016958024728274,-0.7776846409322652,0.667761066701399,-0.9721209238266373,2,7,No
2793,15.092587520586411,16,54,-0.08722304938288808,0.35773875924586496,-0.8069518751600276,2.00870870454942,-0.10245830947831495,1,6,No
2241,113.22485600142271,16,29,-1.2487378160638052,-1.5385342312883374,0.5517840822874117,-0.10720649630930866,-0.22294483627911554,5,2,No
4036,38.925999165394266,10,52,-0.8739009973194991,0.5913779091233432,-0.04700690267354157,-0.31262534160994415,-0.8685444906870606,1,2,No
2663,23.397218935761124,8,4,-0.6672457662309931,1.0031092236552357,0.7965263533976784,-0.09151869511147871,1.3358168816042244,3,3,No
4013,65.821969643975,8,0,3.1668406766765713,-0.3323368527468313,0.437873148922222,-0.3100337841011353,-0.3343350698747456,5,1,No
2958,37.10677491998515,18,11,-0.016866829996716345,-0.007383991291692272,1.1072952931986813,-0.47971439632112517,-0.3966492766243261,1,2,No
3928,7.990376906575354,10,2,-1.046199099328574,0.27416186775619583,-1.1235793134937833,-1.9449974933826988,-0.8203759401715388,5,9,No
1039,74.11949878930899,9,53,-0.7876682024237316,-0.4795909850485067,-0.45220539305766,-0.048165182290372185,-0.528522256404841,1,7,No
3260,23.63125607882601,19,29,-0.34250073084529675,-3.0454631272807857,0.533240139241123,0.6625048725635247,0.516811334863636,4,7,No
1345,11.794142152368181,20,35,0.2878210083188878,1.1153655018924507,0.1997693346557936,1.4582389999776564,0.8679398580252639,1,2,No
2506,83.04840882605,20,0,-0.4292238345561155,0.7513119890199909,-0.4796833555331328,0.758483116961044,0.5944601425890348,1,4,No
1722,8.185086974750908,22,44,1.0953827012400599,-0.8915141803272791,0.743359288058152,0.5531651475959057,0.6163104662513545,4,7,No
4664,16.532706757638216,10,22,-1.203539136334466,0.9571993398895754,0.3187853828722687,-0.03297530261876614,0.8426618209608933,2,6,No
176,39.35361811781764,10,52,-0.6255046518957602,1.2131232504654668,0.9938846034779243,0.20866589896398288,0.7611505498063198,2,3,No
4894,25.568592286659086,9,42,2.6281828621456294,-1.2068872829898627,1.9078148894224691,-1.9906010434168149,0.6850039690093461,0,4,Yes
1910,51.185604784326166,17,47,1.8465211448947823,0.5777305473826826,-0.19054417393408338,-0.6859448136473001,1.3265126715838689,2,9,No
46,41.21031531450551,18,9,-0.02642995474069754,1.0725333647101947,0.7590371449850357,1.3298732484184317,-1.9315361063733665,2,3,No
3410,31.806084675072093,11,18,-1.2347630763250406,1.8079515186334765,-0.406924614225695,-0.3502431728766559,-0.31908660378262194,5,3,No
4675,43.618117846082974,18,1,-0.5866377711134967,-0.1358739743615559,0.7691426693821504,-0.3196110649372888,2.115259478781488,1,9,No
1076,41.545368463914514,13,7,0.7747607353951352,0.2961970020330115,-0.1771358798776383,-0.9548846113074869,-0.1455365923626713,1,7,No
2830,400.9861971845484,0,14,-0.13139633776526344,-1.9843758714514073,-1.4331094235599389,-0.6223387938333408,-1.1959253138250674,1,8,No
1505,26.796363753066565,9,43,-0.6918315750668192,-1.1075086045688078,1.479676229538824,-0.990680352175839,-1.2865457029233422,0,1,No
2310,43.009473816053934,13,31,-2.0394598798600456,-0.5649061111480014,0.4009953790083626,0.165376306395468,-0.5393561459036081,0,6,No
1437,21.327819395984516,12,57,-0.6259462115069723,0.501758473403675,-1.3582450728945377,-0.3551456948450711,0.2928437599380678,4,6,No
2419,61.32793179809599,0,48,0.6365220467082366,-0.10174791933650049,-0.4198498589157446,-2.495553501651347,-0.013127264244281612,0,7,No
3987,10.762073467079682,22,7,1.5948742742082154,0.23620128678406696,-0.34463410504523045,-0.5332812986478044,0.316758613881249,4,2,No
3099,247.95479586043285,4,31,-0.3881958429258556,0.48725556920696034,-0.4809869834013514,0.7907885211840321,1.5183670181085638,1,4,No
4589,6.009627061734261,0,47,0.5614100519489477,-0.24239876772124458,1.4452703258219342,-0.9106460013957081,-1.165162229392321,3,8,No
284,52.16544686266293,19,9,0.4555804373365769,1.4577866947114024,0.3002934374411798,1.4443437020934313,-1.241737812151367,3,7,No
4919,92.14721160120448,19,10,1.4272635484131047,-0.6182222002021072,0.8305508165843127,-0.8602907609242846,2.471309694197685,2,1,Yes
843,191.2709533491765,3,47,1.282761852835352,1.0414090077269296,2.397116714531808,-0.07387276754109584,-0.26052956379620706,4,1,No
1514,4.493056958221403,20,37,-0.9116792873468695,-0.2611402547591107,-0.33178485559997944,0.5114225677258678,-0.7002562451892993,2,2,No
1169,21.938664497301893,15,19,0.5234727551470508,0.41332662348549737,-2.6978918779406253,-0.30083162132784164,0.8007198303411068,1,4,No
1593,27.83132820084339,13,12,-0.3753664988784509,-0.7129691507326527,-1.6008332892434123,0.857778651167585,0.25975672955732215,1,8,No
3461,36.664926360531005,18,38,0.579265720083831,-0.8807051930677161,-0.16802838244570406,-0.0816801711382661,0.6200924453597493,0,2,No
3166,46.545970796074656,0,7,0.7480896443859137,-0.9038455403364709,0.9666314574677333,0.6745779360799176,-0.800257597286557,3,1,No
2285,52.38179651461322,13,10,0.3750580048508564,-0.2117500702369409,0.9070786225461024,0.3813735643375491,1.2838205628328871,5,9,No
3576,4.963268430583906,17,58,-0.7266948609489335,-1.2976041376391683,-0.9045006625342721,-1.0649096590107445,0.9629514830972898,1,3,No
4871,17.019239469263763,5,59,1.1734323021729687,-0.6177753244949424,0.19116377679143626,-0.6320263729961744,0.6323442585973916,1,5,Yes
2306,20.222142238507,19,56,-0.9440152089091198,-1.8736317482243667,0.5555387020574802,-0.6293500948742695,-1.0773509572934485,3,8,No
953,53.38497488965205,6,29,0.2954668413574063,-0.43129547792375017,0.06676412147288507,0.08136994395373587,-0.09169518228282378,4,9,No
4943,49.20122297312134,2,15,2.947057940662278,0.23058638469610448,-0.2898654789571611,-1.524613136327266,0.08909470199404179,1,2,Yes
3054,30.69895219455509,10,23,2.6071395566286717,-0.920803785502116,3.225993124147924,-1.2568210918282896,0.38566872641060274,4,4,No
4560,9.42170739823559,7,0,0.7322607900288675,-0.7110822327098397,0.4448835278185975,-0.3277426673451403,0.6123166915810221,0,1,No
2686,38.13639283829418,8,33,0.04232551955607256,0.12307247924313738,0.7150743838613415,-0.6415006455285935,0.8738567905164566,5,8,No
1490,39.596509216892535,14,40,2.5585118331044456,-0.3800407775032198,-1.4277871679797909,0.025297886566117544,-0.8978037450319751,1,3,No
928,50.088543895883,2,36,-0.9825604907643978,1.3841058465059235,-1.2559458554352658,0.8824611500658068,0.7064526567796688,4,3,No
1210,44.59006476908074,2,54,-1.3159017836240094,-0.6558490888385612,0.3764551592101874,-0.05208726530650062,0.8226740610419853,0,8,No
3974,181.41600394948645,19,57,1.6823361481439734,-0.6266268706299047,0.3289705244148871,-0.427782865986394,0.269072772760275,4,5,No
3546,17.304044269017616,4,19,0.9744616139484148,-1.2266583460791631,0.15794700027741299,1.813197074671605,1.1014350285902976,2,1,No
4362,46.47871707354658,3,25,-0.20997621724507326,0.24390680542477594,-0.3800019893603005,1.064393550615181,-0.01127395289242224,4,9,No
1922,92.47198615959229,17,59,0.4434177187857984,-0.978808636322899,-1.2707225989940136,-1.7277479909857951,1.1904072931656806,3,1,No
352,77.21424693878332,4,43,0.752784437364372,-0.9806208107674219,-2.1862932456269317,1.078834914259941,0.11138506133107968,5,4,No
4899,95.04983680873872,17,11,-1.3435541081571787,-1.8810402904986234,1.0297608522611672,-3.353513444173033,0.48834917982540216,3,6,Yes
3394,11.622097922510628,9,40,0.5260069054411805,1.4723442921739869,-0.8272680454252387,0.6587214625269537,-0.30353663580881896,0,4,No
2722,120.2929116080458,22,28,0.25821517048998655,0.31852657489195974,-0.5574737989485313,-0.9876247005590106,1.2820745093111063,4,8,No
4982,83.5287718921519,4,42,1.8916277835504827,0.2574336644136699,0.01124291133815647,-0.08538398007826509,2.685501212850867,2,6,Yes
719,23.31385030791663,1,41,0.7948482049153512,0.3028665145015353,0.7240033085368497,1.3730881326061544,0.4250225939953734,2,7,No
2703,76.3537383583584,14,34,-1.7681864994128955,-0.12412423111312818,0.8724041865782796,0.27742161319388803,0.4694709709977961,0,9,No
2723,5.843842267743582,12,18,-0.5907096067654906,1.623921503612242,-0.2286139245046973,-0.8018407128186725,-0.5736741251965076,0,3,No
4562,15.893759244891315,16,4,-0.8222051706549629,0.01550670308530951,0.2408210785527905,0.27994113082726185,1.261443886073777,0,9,No
309,59.302724066418676,14,10,3.2938541083681483,0.4210133024605525,-1.3799806659036957,0.8426872039772633,-0.9100388892011476,4,1,No
1676,6.586019267114589,15,8,-0.49389079973810796,-0.2705179313863771,-0.7061871961255575,-1.4493998418086262,-0.5347507773916986,0,4,No
834,22.650761874579292,0,44,-0.4002866301815139,1.8405159122425798,-0.3283240485128667,0.08993839582099193,0.7628662007735552,0,4,No
367,15.743251089548606,22,23,-1.3023214051000322,-0.19590357499297611,-0.9747824088486532,-0.3958683945827724,-0.40258960275460726,5,4,No
4507,70.07390977289224,17,57,0.7299315307952567,0.13733768301037183,0.711901547932619,0.010704826194995028,0.46430089705121336,1,5,No
2079,3.8343195746,11,20,-0.35190646480159277,-0.8693294626501766,-2.6777726821641856,-0.4062341248929654,1.765652855835952,0,8,No
4039,16.557067564818922,17,33,-0.4065347431589141,-0.28874163456250407,-0.21729499885310952,0.7912410658652969,-1.3743256775535242,0,7,No
4847,188.24090078448822,3,38,1.5098635653249728,-1.0496376885065057,-0.4027196040996499,-1.1581684744161485,0.1984849561862594,1,2,Yes
4480,48.8769243834292,1,4,-0.14249119563855533,-0.423908441726734,0.9732542917672854,0.22816951344008177,0.7746316702402287,0,4,No
1747,18.597062323013812,16,3,-0.06285662436427385,0.27379913154503815,0.020698190262425645,0.2025583957114783,-0.5865167893481371,4,8,No
20,31.502726228204555,14,52,-1.3671138840342332,-0.5395274697703949,-0.3232825985163624,0.41347954405572146,0.46135011198570613,1,6,No
1323,32.38684122106624,4,16,-0.6744449793870979,1.5913154829820375,0.8134949372695958,-0.6255763653847941,-0.7222553158159929,4,8,No
3568,10.070964803584486,13,13,-0.5839027005248212,-1.0592649994288519,0.6202628652353935,0.13324065597104803,-0.3446210222082244,1,7,No
2522,196.82082413309618,11,24,0.6895866565298266,-0.7150807835139983,-0.7083545379036053,-0.019841847039983276,1.2025942307621749,1,4,No
219,28.374598353257284,15,2,-0.6869284998617177,0.4134732931055044,-0.13771144078056718,-1.927521135716747,-1.4555569213120896,3,3,No
1488,8.38963472946207,23,6,1.1519034392643055,1.051286865174467,-1.2035116342070005,0.017140667973201705,1.2227734874823142,0,4,No
439,17.213891846243737,23,55,0.12725203029721524,0.7564867149216389,-2.0677229317665247,-0.5221104821441878,0.36451565927285023,1,9,No
4175,11.348584291887974,15,35,-0.48161320193831697,-0.44700311249730473,0.1342262153074535,-0.9779943323043194,0.43398043243366125,3,8,No
2751,48.98411379841167,4,43,-0.3698221889651394,-1.0145626837927992,1.96196064294803,-0.48113097068722116,1.1589472544299428,5,7,No
3289,22.062213626979283,17,10,0.4705146167307748,1.1770978124248346,0.6994217220097766,1.2427799650366675,0.1826001596286622,4,8,No
3434,36.86103653980324,3,32,0.21978359612959653,-0.04513559866774261,1.183084175990723,-0.4545897937486551,-0.39406446095013603,1,8,No
2526,65.52242888897749,20,4,-0.060445796509853024,-0.3249547252196993,1.3126890914346314,-0.11212102039942726,-0.463313534650632,3,7,No
4651,12.876089531927063,19,22,0.34800244457417134,-0.942692154442871,-0.43529816375768143,-1.1445781627236664,-1.8897882864755018,4,6,No
3689,457.8240358260923,4,29,0.506465042834075,-0.9666430304059205,0.5155867110692699,-0.5345065583129499,-1.42758346082459,2,1,No
2764,80.57007619813888,13,3,-1.216279262964473,-0.13644943070021817,-0.5359668854976357,-0.4700988026449659,0.7396263665961038,5,2,No
803,46.74021386588633,4,10,-0.7214896472442744,-0.3735239487726898,0.1416287738119035,-1.4814849671925294,-0.45510321186135666,5,6,No
2998,340.70761367088534,5,31,-0.24289602826657458,1.8364198951812396,-1.1110383142256373,0.10130343628021547,0.6861976838601302,5,4,No
2229,294.67226316118314,3,36,1.098678954870516,0.3801476250809798,0.6466334561984278,-1.1890467646171878,-1.804376110336264,2,5,No
4786,11.13147470867459,23,52,0.4194279098777583,-0.11013926634831162,1.1980159282459464,0.7802458207507654,1.42850740252275,3,6,Yes
2078,34.94420207712586,16,57,-1.0948103882759563,0.12470506883758806,-1.5965215234614911,1.8005059834424213,1.0489212805426362,5,9,No
583,24.685624739268395,21,46,1.2332201655107236,-1.153576631681962,-0.5125448776777309,0.09753207250131049,-0.18636600469571402,3,4,No
204,63.05067658472701,7,41,-0.4349584991361448,-0.2490347059438028,-1.1297953982960518,-0.6483584136249257,1.7581109162143385,5,7,No
4347,13.54806403816038,22,5,-1.7371956849932968,-1.5169127918757643,0.4557215176998056,-0.8720298290079795,-0.7994311163583493,1,1,No
3479,103.33299859473536,1,51,-0.4800524851715377,-0.29346844388653476,0.048506043004424834,-1.4597630179369998,-0.9277911843240666,3,4,No
2930,24.24864079326263,16,7,0.47264409056854495,0.1366030757728789,0.8424012329796334,-0.43358499933927314,0.4071173878596385,0,3,No
3086,69.36108848907442,3,59,-1.1084364648718115,-0.8315124124259453,0.765818727460864,-0.634283005513545,0.6995871716246348,5,4,No
1019,23.645386747014932,7,31,0.7840845465836042,2.276539693442772,1.406897570985881,0.18792259391515215,-0.8914154675747775,4,2,No
1584,16.39425418883163,14,22,-0.23509390188328258,1.454024403025268,0.7132095634755817,-0.3372654606907917,-1.9429773015284817,5,9,No
1033,20.078285798987416,18,21,-0.00626897359185945,-0.9507839454021733,-1.0526841721165314,0.26101151299810066,-0.5452514686675594,1,2,No
1719,60.72109436771724,20,0,0.32524769926518965,0.35003032626175484,0.40199488018391305,0.09490474617329202,1.568943492349374,4,5,No
1282,3.77871721228014,16,19,-1.6959225068802954,-1.3359523008771192,0.16616911975876847,-0.03423504108354112,-0.49807982749831525,0,7,No
2499,19.14280767509014,12,6,0.031292303612764895,0.0836446022226273,1.1056204534738094,-0.9524665646324091,1.1682608342261538,2,1,No
3351,35.33744220666267,23,20,2.0804794415203647,1.0273955995010517,1.1305346951603303,0.626122498000675,0.26558584114610917,3,8,No
518,16.636976493460136,9,35,-0.7529457984332404,-0.8238915447012507,0.07832069173893116,-0.20282796365999967,-0.14147109361988489,5,3,No
1748,45.32319897738927,2,52,-1.9719036438509936,1.4960727897653245,2.1608580179991295,0.17035025992471434,0.6654691772510047,5,5,No
4653,50.74638987996077,2,53,0.8032549548609039,-0.2523903870166128,-1.26781655162251,-0.8451482491370966,-0.32884679958201524,2,1,No
3733,569.8051127493529,3,51,0.260154875825153,0.6222224861501321,-2.019811296229976,-1.281132017832763,1.022413139919591,1,7,No
669,19.634364146535667,2,9,-0.0031942828910650643,-0.7823574680173606,-0.5152402441318994,-1.1121529060761572,0.5283770948652446,3,1,No
4060,30.01155851648523,18,39,0.02597230419098457,-0.3744837377130308,0.5925062392059014,0.902272101124861,0.3512801294073612,3,8,No
3027,69.11234440140622,8,15,-1.618388366474624,0.1722121508513046,0.6230025450704657,-1.281287723953059,0.13258537004847162,5,9,No
4933,488.404064213405,20,24,2.7068034375688503,-1.5348085862875998,0.08201670985728216,-2.0494104626508256,1.5315279898787544,0,5,Yes
3287,8.508985766238084,18,5,0.4514299130036546,0.5260805979959042,-1.627688655899668,0.06730853650098516,-1.5216679278903447,4,5,No
2651,11.503061937182764,11,56,-1.7329627883622294,-1.4019360474791251,0.9319481902725107,-1.3547402850922816,1.1879645754811665,2,8,No
4454,49.70657681878,8,39,-0.12490527142728254,-1.9203214388640786,-0.015192818557596516,-0.8017737307882665,1.1814295165146573,4,6,No
3193,36.098591076485455,6,34,1.140419044769924,0.8263709354805179,0.8792051103675983,0.3329143897965165,-0.4360082332545034,2,3,No
2125,32.20050755823556,23,27,2.236334014023641,1.0115514390786569,0.4372345438651721,1.2911403848681489,-0.6258094313735969,3,1,No
3376,18.02486246310314,7,54,1.1747038525397995,-1.2170438417526102,0.39064278406520636,0.00794060205469651,2.764069260055646,3,9,No
3393,14.944168522090898,17,57,-1.1254756057844835,2.1519321985173097,-1.3521054383210958,-0.9512680232520959,-1.0456836376298675,2,6,No
3486,97.64854860118825,14,51,-1.5996262123375495,1.1276854212491345,-1.5833995579240925,1.3492245472853643,0.08104758886070158,0,5,No
760,51.549660479470965,11,10,1.1309744278062708,-0.2805723880543605,1.3724431805642519,1.78348487018686,-0.7387191368544488,3,7,No
3380,25.07581177022931,5,38,-0.43966342800249425,-1.2595661414528563,-0.06759774765030195,-1.333734234532631,0.9490448458823602,3,9,No
4441,46.20751892199414,2,25,-2.158654085201477,-1.1010999516961177,0.30555565782970895,0.018739095318541118,-0.17198769942222275,5,8,No
2527,30.876245715260712,14,24,-1.0795355199305365,-0.4721340575694767,0.11766962470341936,0.40438141998251104,1.2040390578428064,3,3,No
4859,36.292304726688315,22,45,1.7374371189065274,-1.6222239813434942,1.7769261333226685,-0.7772839554003633,-0.09155182019997377,2,5,Yes
908,9.234842464974747,17,35,0.39681812698112423,-2.642102458555535,-1.2445829326814521,0.4648713058467087,-0.36971702523602007,4,1,No
2684,16.607999200566898,1,3,0.31316412840575725,1.352383099229667,1.150296107095691,0.2753320022611613,2.1454182876260046,4,3,No
215,23.86294662871723,17,39,1.7238938281238618,0.662145281490603,-0.5603007768981497,-0.06834778836196333,-0.0283133356522669,0,6,No
3332,31.9867178670621,19,22,-0.8423672260951439,-0.31556398626385346,0.787184100612951,1.0558321518477765,0.8464211199447693,2,5,No
4459,18.62009689338562,3,58,0.31602690372693637,-0.5570254179622015,-1.2215828997246443,0.024231597611008647,0.586929348856534,2,2,No
694,3.4841451129831733,4,29,-1.501378525476802,-1.6947584996051934,0.1176631761339743,0.5602983435601032,0.4406059207156895,0,7,No
1504,46.07589580165506,12,19,-0.20468099837781942,0.8611528969890385,-1.3942316925502163,-1.013521624093676,-1.4089284248679461,5,8,No
2415,100.48109929597966,7,6,0.8591201678208314,-1.028369474092998,1.7385527334330635,0.22021305414542847,-2.748309347317814,4,8,No
2119,41.06261660018142,11,31,-1.923937026745006,-0.29166686096702593,1.1042754777161876,-0.5300359772950388,-0.9037341515155196,2,3,No
3859,22.017262923740375,0,9,-0.9440023714105571,-0.11859673965984306,-0.24504550122291766,-0.2258389747187376,-0.7072296227425925,0,4,No
2463,28.371616924984128,2,32,-1.730592123378259,1.7389768762939861,-0.9427536135219672,0.08388286115631548,-1.052421786175074,1,8,No
3636,9.10891371378213,4,42,-0.425678023094178,-0.32810298828670365,1.0518794050695068,2.0541477947773124,0.2513319138308109,4,6,No
4106,71.93423511639979,21,0,0.01779893276963813,-0.2947497402339099,0.8841817862435671,-0.9351457691710426,-1.3861951227318925,2,9,No
4479,70.68011095190265,21,24,-1.360942667199639,-2.1009038140192993,-0.2151305887756316,-0.7019701071177953,0.2364948242338164,0,5,No
197,63.01210146485991,1,58,0.7342234990261364,1.1468517551500457,-0.8406237071641448,1.075635401278862,1.8464398509114404,1,1,No
4668,73.35003722401713,9,15,-0.13371834763313442,-0.06278245563445305,-0.3980251314085395,-1.0493961600496646,0.03488951178128816,0,6,No
1544,29.815901065394833,17,9,0.817427827235667,1.275075272158284,0.31309193467476126,0.9261489234460668,0.459773800444522,5,8,No
1331,5.0632634906736245,3,27,-0.4915486809199354,1.5349832011394577,-0.20423520028514647,-0.35962695978361237,-0.175125138068722,0,6,No
880,32.20164516963157,4,48,-0.12117547137605256,0.7868622398422616,1.2608725050835026,0.8801603840675414,-0.03201305516339899,1,9,No
4503,8.956084212576236,21,25,1.0379384506813507,-0.8788723959196283,0.055171288978492675,0.4709107479718175,-1.022936800336293,1,5,No
3502,124.23015005165524,14,26,0.5410353822679319,-1.0068095252658023,-0.7896665472957463,1.0835102294387722,1.7052930687764922,3,5,No
3895,62.02229372804579,11,41,-0.23316019146790992,-0.72439611023569,1.0296220504770006,-1.9256686248165118,0.15690301812096166,5,5,No
4991,11.08482886995105,18,29,1.6411063454764916,-0.49959531427206755,0.17405951833655997,-1.3627388935843354,0.6638705302124318,0,5,Yes
888,21.513067942290537,22,7,-0.9151746903733177,1.1652163820753614,-1.5326744568471145,-0.2439227576479475,-1.3477897501805605,4,8,No
1346,333.56722594561586,20,46,0.40842168623857145,-0.4486355528563638,1.5312901779165933,-1.1087261342922892,0.3161064504243861,4,9,No
69,78.09889289438618,12,32,-0.3864728727169088,0.2691857888276577,-1.061192189335421,-0.8816276824763011,0.6354093010182902,3,1,No
4211,34.26682605403818,9,37,-0.1482464298639765,0.3400787269620394,0.6761184177150142,1.6633406336495236,-0.522733291850397,0,3,No
1816,20.860823470071033,5,37,-0.32037178515764797,1.015900202780414,0.20309831958858068,-1.644666032989024,-0.3781208731323194,3,2,No
569,57.30729458863191,17,28,-0.8708272643612502,1.7519791046629654,-2.227932395816701,-0.3680506138292876,-0.4172106692157472,0,3,No
2168,5.994089474276865,6,53,-0.2626102209464174,1.395075362788366,1.4718525786825125,-0.44337449239031573,-1.005033731864265,3,7,No
97,8.822456867593822,8,43,0.5228796669176042,-0.5552259441702052,0.38614690099219057,0.02825537151004551,-0.3039346765201432,4,1,No
4182,35.845392881250625,3,5,-0.9576270690748248,-2.158432732356189,1.5167993360401737,-0.010324624219021496,-0.5194906923144303,3,8,No
3354,14.79488974119169,15,6,0.011853067660183687,1.088618460662226,0.4771587194779645,-0.5114979681066519,-0.7065968437816478,4,4,No
140,610.2461900589755,14,5,-0.0849898009367489,0.12103793966357433,1.5263031999864394,0.437517713367115,0.17629262109645927,2,4,No
4955,242.63722504402483,15,20,0.7637896143289508,-0.741748228001389,1.8735011602542384,-0.6730243212296225,1.3133331729985542,2,6,Yes
2603,30.330818911829073,10,43,1.58579845411072,0.4957010678281487,0.1362251244866923,0.08504922219669409,0.3606534735552544,2,7,No
4024,7.081709916659975,9,36,-1.200108832618638,-1.127581202663823,-0.12876000322986444,-0.15926923639068205,0.8118980514800894,5,5,No
4773,45.07906692316145,10,19,1.2580623189562248,-0.024862345860313773,1.8899009606236028,-1.5207308047503807,1.4797931882263455,1,4,Yes
1607,55.04104090287421,7,37,0.3093935486514734,-1.589011222209338,-1.3671235325115318,-1.4356264745005227,1.2888570057700093,0,5,No
1630,97.30431696139223,23,27,0.26543928077085766,1.8101614941934243,0.41238229202048804,-0.374767729287583,-0.18877085512658376,0,6,No
1540,150.8624729626243,19,20,-2.1667350431236163,1.1698836145754492,-0.911473501456303,0.2645252401082543,-0.6760069617238005,0,8,No
1695,9.496658779500624,17,21,0.6313202887739365,0.3538330241259001,-1.9463315589664538,0.6326125565018283,-1.56843644821996,5,1,No
2060,11.101772262938521,3,0,0.44985171816549807,-1.1486320110301287,0.5625518619073462,-0.7208883568080272,-0.6858037068991557,2,8,No
464,4.166250888948257,7,5,-1.2891536553285141,0.40835157944163697,-1.099670708008809,-1.1000101537494567,0.8367560312208876,1,3,No
2331,13.43534420577054,10,35,0.7055094812835387,0.5101942052992025,-0.0371225489057341,0.4510866393803189,-0.08644865541402229,5,2,No
3044,20.24186351812543,7,24,-0.6111878096242952,1.0469150207141664,0.056296602284767794,-0.7593340978220104,0.6889541262570018,4,6,No
4735,22.458431168925472,16,58,0.06772622180263405,-0.09586895448384825,-0.751537537077052,2.3143882946328036,1.1827918655439706,5,2,No
595,9.197491585738812,19,32,-1.0298361463489805,0.409256748612862,-0.5570225950680406,-0.03280830977999759,0.5951580064168556,2,2,No
3815,104.45353692699959,21,27,-0.47655044504129856,-0.24552646278799062,1.4475444652791312,-1.0202319087395249,0.8151845523581985,1,1,No
626,19.424742748300336,15,8,0.3046264194792415,-1.117307862610067,0.16423213931246486,-0.2123382052092645,-0.6605868651768887,3,7,No
451,29.045468161311447,22,3,-0.7951053024797451,1.3607188875409106,-1.5229587639944702,1.2514607091806247,1.3205047074823832,3,8,No
1500,10.160634917433537,3,11,0.1717896151996206,0.7999894536344173,-0.8184004878717116,-0.9911924739914997,0.023483666682274893,1,9,No
2457,89.65228473884348,3,1,-0.29745419301668297,-0.16906601631274953,0.7258710667459374,0.1655026730243678,-0.7430814416659134,2,6,No
4723,31.47373482360403,17,59,0.5823153004900906,-1.2517720934236443,0.09168901720188448,-1.3887703261837834,-1.05262844602764,3,5,No
2985,8.834247489570334,1,58,1.2919411366225704,-0.3237027665822476,-1.0714692174211027,-0.9223789086877785,-1.0300195709989879,2,7,No
1570,6.772712688451049,7,2,0.006380656994548653,0.15539929665139038,0.23465806563492655,-0.12389084724356332,-0.7021617030922251,4,4,No
1035,19.53255113199002,8,41,0.2994655238539981,-1.0218626918254372,0.4914402948644716,-1.2757639547504669,1.3052445334100689,5,6,No
3519,33.53462551004346,0,55,0.36726496380424734,0.10433499522723166,1.2621137601651384,-1.300142185496329,0.7201478987887567,1,6,No
1558,71.6313809777921,17,34,-0.4847773969199881,-0.8959808529107114,-1.2679794614892974,0.0954476866095655,0.0014799911868473672,4,7,No
3625,31.066479703433615,3,22,0.9979467126202256,0.8537617494964594,-1.9935403978529294,-1.3306516183688983,-0.9697001251355809,5,6,No
4665,411.8703816308239,2,21,-1.5012248547005052,-0.2932647928039456,0.11996903532826708,2.472029240271784,-0.12002552362737859,5,7,No
151,28.257676719526074,16,37,-1.3447447463164128,0.7765655517115755,-0.05974617896044361,0.876830896064053,-0.5336342491593495,4,1,No
1421,26.649592022789207,5,15,-0.05636110121892039,-0.5588416552113599,0.764900555268261,0.8280759925481701,1.7838568379007467,2,7,No
2012,195.81744854699525,12,35,0.31911691264681086,0.3311124224504418,0.24717772903348778,-0.333077991461158,-3.5849805609217023,0,2,No
2687,5.717452158097748,7,40,1.6989932016007108,-1.0238777675971844,-0.6587673126308056,-1.2531110605943185,-0.8272663833119065,2,1,No
1787,100.40076346804689,1,24,-0.28931870423108047,0.20673559161173594,0.5986709298719768,1.094548275233457,-1.3405912480150832,5,5,No
89,53.55700811928899,22,57,1.4508566797431588,0.7709815891931486,-0.3907709421333212,-0.10721116895223676,-0.10271394667489854,1,7,No
458,14.215585984651222,6,12,-0.3263134554712441,-0.10224709288568688,0.4852119476452963,-1.2377962194624292,-0.68224379613305,2,4,No
1306,2.7712306236736186,22,46,-0.3690529853687782,-1.7061597653741696,-2.2703469421937092,2.076181189760748,0.3085118212508116,2,2,No
2926,81.33327993944285,16,15,-0.41648296562181963,0.8326775967689005,-0.3598974027895524,0.8043502976024579,1.3877620882785533,5,4,No
3271,97.65593850223084,5,1,3.1110273218372373,-0.008038506666042658,-0.6958451128662319,0.4809597674335028,0.7340889498852443,3,2,No
3228,31.101414984103254,8,42,-1.6349874115407828,-0.9647707537626938,-0.6365768664402761,-0.7963140443307624,-0.54284697499498,4,5,No
1989,14.786552891116346,20,1,1.2541398701402435,-1.3710056062811726,2.056203139775511,-0.6126354131078269,0.8667284028007121,3,1,No
3755,26.3792936046355,3,42,-1.0509090563574768,0.1191287224448039,-1.0756772987787948,-0.04127818669181982,-1.0537102564917884,4,1,No
3647,137.427313674467,0,42,0.4251784584665846,-0.716379938328155,-0.4359879351051745,-0.4830022920360071,-0.9638242931224077,3,5,No
832,157.81732634836789,8,29,1.495501161383926,-0.03405069946277105,0.16395699344238868,0.9320668089761116,-0.490387609763513,0,8,No
240,19.502849295898454,8,33,-0.21556337466258174,1.0716318398890723,-1.8104457043583122,1.966868642912667,2.4441003023263694,3,6,No
4682,36.63124391571346,13,27,0.2943536514999156,0.9919947561905094,0.05110995695838059,0.8210770557798365,-1.307251807772562,5,2,No
3023,49.49780291721708,10,47,0.36951802026930075,-0.4169601487059409,-0.6264353800270451,0.047366067349529736,0.5528751633755955,2,8,No
3149,195.72680739633998,14,48,2.686135606372313,0.12883489829682046,1.1150425695705213,0.6966606412791607,2.208401698682708,2,7,No
1947,15.608866714634445,20,26,-0.3766983879121598,1.6443667017663253,-1.9310800529508247,-0.45195430592599445,-1.0714939477626486,4,2,No
2776,461.6194057123624,14,21,-0.31231848106919646,1.0728864703125014,2.1976841449961455,0.08038464703575723,1.1689342689947424,5,3,No
193,22.57431326903413,7,50,0.23958364414552194,1.4393357712113763,0.1646876198197184,-0.2484232079710333,-1.7837248880945553,1,4,No
4850,68.59586852016197,19,9,2.224034152252632,-2.043813869982978,0.49756171701605634,-2.762344766517611,1.0612770799303513,2,5,Yes
4940,22.273409393363288,21,21,2.0452693049215664,-0.8930104891503088,0.8651771734596123,1.302892817939359,0.3451854335115121,1,5,Yes
945,44.22804795542719,21,34,0.8531761582840144,-0.24073954115370055,-1.179897364762752,-0.3469298048582003,0.5701526999497136,0,6,No
1269,63.44979768479258,7,54,-1.136363756465487,0.30462903401834257,0.4042884622647964,-0.8649594940834129,1.3435954013274256,2,7,No
4232,66.99699932678499,15,4,0.7019112394507135,-0.4172045612618887,0.9573123264462967,-0.04605847503208741,-0.4328848505909766,2,3,No
2308,33.56137367639459,10,20,0.8192748153293696,-0.01738638630670881,1.3506077790068294,-0.42971391740392456,-1.6045443561459176,0,3,No
4425,12.135218733041656,16,41,-0.7299228277507441,1.98008550325918,-2.39122753255542,0.5708866345099449,0.31954835075347143,3,8,No
4712,18.898846891189525,20,15,0.314409763306656,0.5652693293574893,-0.563127356952415,-0.12209885745049728,0.020142784872507553,5,6,No
2314,35.02070122210018,10,37,-0.8158457535945645,1.5345340940933647,-1.0776334467354902,1.790578843115133,1.34413536491873,1,1,No
3215,91.55840258066857,23,19,-0.7270945353948844,-1.241483500490953,-1.2415084098972438,1.551057774751284,-0.14343496875031553,3,4,No
2733,186.31118001597753,14,54,0.29814981435980276,0.7311833285170073,-0.9446826998210169,0.34619495233957576,-2.6263250962472626,5,8,No
1927,18.483619874705525,19,52,-0.6281588840050212,-1.0011424244708513,0.4168376924207596,-1.0053971661972523,-1.5334919481185305,0,1,No
4228,232.79051785748206,12,42,-1.2515761891901285,0.1362838540355168,-0.32684952433447867,-1.0393514093669511,0.6237167026278181,5,8,No
4677,48.52395407466761,11,34,0.9335510731884811,0.572176861951548,-0.12994481044731107,0.5306305255379801,1.299280990156092,0,6,No
801,14.224341284214528,13,13,-0.553448513451164,0.18654805585397857,-1.5499248391153742,-0.5698104243227993,1.0093963209415133,3,1,No
3672,56.07544645400968,15,57,0.455764748006171,-1.463394802662396,-0.7989809406903704,-1.217009205285858,0.01611088915762411,5,3,No
4194,12.142146833244771,5,47,-1.4964339337774692,0.12985740308626045,-1.4875413356710223,0.1288512905548135,-0.33631084253894494,0,1,No
2969,252.49720132144014,11,55,-0.6487728346729158,-0.7400699350164758,-0.6824892331777428,0.8903949297504297,-0.8250488581415144,0,7,No
4794,59.70134172684779,0,16,0.1913356896127446,-1.2700387657761474,0.12067616352765287,-0.4485243566269548,1.1318049721150483,3,3,Yes
4369,28.86914270332355,1,29,-0.018246859485475896,-0.8839430254445377,-0.6474113748753153,-0.664772640888443,-2.1370644240880483,5,8,No
2777,57.737797668915036,12,38,-0.04806318738830325,0.9024653174250619,1.184216753372284,-0.03881529387363945,-0.48384365856075945,4,3,No
2971,92.57818820824775,19,32,1.3622242477345088,-0.15133566950972718,-0.5294489169497415,1.1240561679269667,-0.4050926902778047,0,3,No
3868,174.90330030197939,15,18,-0.785643325957898,0.6370890105772768,0.9044047842953582,0.08831533044439374,1.0546263710270114,2,3,No
1744,8.919115961477665,4,11,1.5408396882038173,0.13668413554430087,-0.13016746019673428,1.549652719718958,-0.5099488133780679,3,5,No
3949,31.329076412356404,4,0,0.3457701855753221,-0.46974973646475365,-0.5031060779595635,-0.5633133491657225,2.5435606010468503,3,4,No
3803,26.55834276482135,5,31,-1.0644537668638239,1.2490167343917755,0.002169456733559666,0.09322537992444765,-0.9315338035528866,2,3,No
2025,8.727907769398648,10,29,1.1819980519255384,-0.4553323451048814,-0.6610775318194285,-1.6883937561515834,-2.0190020959228363,0,7,No
2275,37.59484636706263,14,57,-1.5985307257659223,-0.8303935694073183,0.759193508538641,-0.42703177324196284,-0.9581717481425716,2,3,No
100,13.390171191398863,11,41,1.8112676815591198,-0.35171916152165594,-0.26902583122665236,1.437259080436076,0.6589105844808723,4,3,No
4922,172.79898932933637,15,52,2.165557656395184,-0.07352714262845134,1.2937360467295387,-0.5089725840126171,-0.728617498269617,0,4,Yes
3408,176.11218884186613,18,32,0.7658651264971831,1.2485545574516033,-1.2609733166122568,-0.23121214409119942,2.4272994076394863,1,3,No
4246,32.23472100090661,21,43,0.08341911757486214,1.1328701170718791,1.195664870895641,-1.2454429292746068,-0.666097360391682,5,3,No
4620,59.79260992626566,14,29,-1.7905691471185847,-0.029981678753850546,-0.1648907316998893,-1.9895709691457495,0.9165040056973114,0,5,No
4917,9.130022703047175,19,0,0.37650477537072086,0.5612339776006623,0.47458343131163017,-3.210805579769704,0.959837301493779,1,3,Yes
192,27.673652485102476,17,53,0.10268977095446595,-0.5030025127187545,0.2798202650191239,2.564513318292758,-0.12159859034654243,3,6,No
4697,67.77515888701276,2,5,-0.40643869998758053,2.871961031599394,-0.5527792973963991,0.675347582781173,-0.45184349783410177,3,2,No
1785,65.87513996728724,2,26,-0.006120647281855993,-0.3633567305764357,-1.3006174942757465,-0.499656198084956,0.3296550484679967,5,2,No
1533,88.36533452104072,5,59,0.01708000020317875,-0.617184116751813,-0.685402258357297,-1.3227223250057913,0.87457602968039,0,3,No
2835,54.231818524327906,14,36,2.1102368511391236,0.14946644794310449,0.29123304459846505,0.37932094961350066,0.1981673396599849,0,7,No
4445,36.64610163031977,3,31,0.7577806282931572,1.29654293729385,-0.591759355751036,1.6869375044595738,-1.4316476500867232,1,3,No
4916,75.01265884397964,15,30,0.029472073557304745,-1.9593243781735028,2.6853539385435736,0.4553870412021903,0.22193667434032072,2,5,Yes
1599,160.41564128628997,10,6,0.03455512771410905,1.0626691395996983,0.19150096520412463,-0.9318115310981023,0.05645067984894327,2,8,No
1780,142.93003766954052,12,17,-0.1450704189212672,-0.6105421879872273,-0.2936123867975505,-0.783297250514897,-1.3208771027487902,5,1,No
4901,6.08254120390757,23,42,-0.08516704581808776,0.11344673973488606,1.1803630209044362,-2.0690033580402982,1.99266484720105,3,5,Yes
2575,30.77743144247324,15,4,0.6312192735702514,-0.2016212982242847,-0.24981232851380344,0.05223818301707456,-1.1384933300603812,1,4,No
3399,5.164236851790997,2,53,-0.841794303264919,-0.7016010806000792,-1.0598324466166464,-0.5399921609190732,0.9840332521341691,3,4,No
3976,44.527215639052095,9,2,0.858700150317221,-1.4457841555753526,0.31779600729766155,-0.8132501920044102,0.9093009614707125,4,7,No
3771,21.33900218156337,16,30,0.855181841096565,1.4335458499995466,-1.7353451327693319,-0.4611455708507674,-1.2094600013396528,5,9,No
167,84.06354600275932,20,5,-0.20435943653628302,1.7634923105597426,2.0937788508227175,-1.6608668758020833,-0.35444799597628235,1,8,No
1752,17.833049467709614,1,6,0.614895616247997,-0.3436754856144842,1.1650111872681763,0.5912074951367997,0.6029690379656071,0,2,No
1480,182.3362811019975,13,10,-1.1716121143338896,-0.09044014699361407,1.8835612633699454,-1.160900558428388,0.650135695580284,2,6,No
1025,4.02307549332881,16,56,-1.7134734418523,-0.3445172386998327,0.7226026966100152,0.2879997554738113,0.4029478599143535,4,7,No
1789,44.770628331661705,5,38,-1.9046178968815513,-1.683128413046274,0.0977464329294194,-1.1792424192957673,0.13668629390565612,0,5,No
2265,53.389320202521084,19,19,-0.6376738245507104,-2.135824417011362,0.15130654000973548,0.647523954858833,-2.555385109746432,3,4,No
2474,59.3925663760112,10,23,0.8366555945455971,-1.2197109779090505,0.3484139492093068,-1.0691204379907002,0.25709640070502887,5,5,No
1823,112.36232182895597,2,32,-0.46802478903987416,0.19351352303118283,0.08553256189442238,-0.4116130621118469,-0.45066344342335135,1,4,No
1221,31.676143680998223,5,2,0.3204457647848381,-1.0568569990832495,1.294160323917153,0.9444123064770379,-0.9011856506097037,5,7,No
1667,41.42843282737328,15,8,0.5696114076247163,-0.6690360998432168,0.9331430304011468,0.7334677873513347,0.41926023653217015,3,1,No
2961,9.308336394407487,17,6,0.09605536848628529,-0.7139095811963408,-0.4248421284294223,-0.4003207447742374,-0.2449184744248296,0,8,No
153,6.204761959911483,7,33,0.644514088682196,-0.5368691328707993,-1.0519278219798232,-0.23388051091793519,1.1011925333791985,5,1,No
2535,27.799887204209437,14,39,-0.8769269485084461,0.9061228385462992,-0.5044448237719364,0.20027440007198594,-0.03716363971435488,3,8,No
4689,27.248422304363682,22,47,0.8399593687415166,-0.9876760491894904,0.8393923282152678,-1.4866593495780485,1.5677399140235018,3,7,No
1979,159.9854426422644,21,22,2.151758975180036,0.45661634953689034,0.8322626374355127,-0.037999864005278494,-0.20956836307333654,0,8,No
1470,5.654082706125155,6,27,-1.6410412944356836,1.6377474592047725,-1.9106786972536998,-0.584541132831021,0.9718539705834471,0,6,No
2808,4.876534555494315,10,30,0.9662917786927923,-0.1092583330323754,1.0231836685269604,-0.12675231617406715,0.40991142509788614,3,8,No
2513,41.108079197099066,1,20,-0.1950882222613307,0.19148979436821387,-0.8185056976526855,-0.11818030510973446,-0.07148283664910232,3,1,No
2944,24.69490405871457,12,16,1.3933248609997293,0.4775499944962375,-1.4777625366921907,-0.6287637124695135,-0.6752653402592256,4,8,No
2981,30.27339367077108,4,0,1.3031840977178557,-0.5109780635161362,0.49123007402907376,-1.4772442743790724,1.081417902930697,3,4,No
4823,361.4711851108093,22,52,0.6453898731071515,-1.9450032554717454,2.7797731173948765,0.2458992831323512,0.31220425709597494,3,1,Yes
3018,95.31519770976732,6,40,-0.3513486574674362,-1.0573546316031397,1.7120909268942728,-0.6686369863139018,1.1594723174183668,0,4,No
1567,10.345236789520678,21,10,0.6422474222337905,1.7506350301399634,-2.1408833706362818,2.8006844473432873,0.20374622897613145,2,6,No
32,22.056006835020675,20,20,-0.7827339115972951,1.1964984781862904,0.8841877387127871,0.6015500023439195,0.9256446213940929,4,7,No
938,30.329573438357986,22,34,-0.5244542128290394,0.18867614835952437,-0.09909364909249228,0.05847942305829942,-0.8851989490039494,0,7,No
1216,8.347738994987896,21,23,0.43253054976891864,0.256043759398258,0.01851841527332736,2.1651708315063805,-0.7490533743164325,3,8,No
1938,10.361174442893923,20,13,-0.16725734426292688,-0.2207117679497613,1.0601875692177962,-0.9147631888655418,-2.2351762984273305,0,8,No
1130,4.065550029229164,6,54,1.1652031584608995,-0.293295522205411,1.0344293862270395,0.12292461780732088,0.5076334245066914,0,1,No
310,187.22509422559438,11,23,-0.43979584948940736,1.6091649688275829,0.5664013526592448,0.9729894374492074,0.43491967951994637,0,3,No
4902,72.32559023716769,16,58,0.7117154983170443,-0.2718969940417323,-0.971337312177897,-3.1325991481607085,-0.13366255185228826,0,5,Yes
2169,15.825513546873754,12,59,-1.5928014285416519,-0.1682951148087099,0.10243971572915438,-1.0599521662771993,0.22186433837717967,2,6,No
3114,72.20645315417734,15,17,-0.9546303234392286,1.2888178459492967,0.4383511487791551,1.3149585925659324,-1.0614761501138745,5,5,No
496,84.39828871140648,12,59,0.749220896910919,-1.1092590559045103,0.9769827306786314,-0.08877367937755289,-0.9869913556775379,0,3,No
206,31.540789031382946,17,15,-0.035978696191495935,0.6408941585421234,-2.672587582219401,0.20493932365357484,-0.04898648806095168,4,7,No
2674,53.79595247213749,13,2,-1.3667031375386163,0.3087353901091784,-0.5335185133643757,-0.5361752176453872,-0.0888402365473537,5,8,No
3358,19.601088629764114,5,51,-0.5860349527101134,0.8923309089036059,-0.8643530729705211,-1.0000590596448673,-0.12626818990532832,5,5,No
3831,12.585054040577793,12,50,-0.2904217803307468,0.8202316556367192,-0.8885971327967058,-0.6484209097799453,-1.254589483474124,4,2,No
306,11.55480640417976,12,38,-1.1446002377868172,-0.36013806357701345,-1.4093693875585418,0.607292224986444,0.1659553149020513,1,5,No
3794,68.1834392398026,8,2,-0.5354584434120038,-1.0014517480805143,-0.13921970054550584,-1.424432397938965,0.43363162729290916,2,9,No
2202,27.74736293832154,16,28,-1.1818812091706816,-0.2895751538800803,0.1803816199704611,0.364755295191631,-1.7722351317102942,3,4,No
1062,141.74790762237336,2,11,0.9067194295401828,0.947711756591868,0.7220711925409985,0.8487096739402934,-0.2315792789380564,4,3,No
844,30.16557430042525,18,25,0.11853424144633881,0.6512663050106834,-1.1391242192384,0.35160418902669965,0.2051996179539418,3,9,No
3873,20.284593393323537,1,3,0.2827627257530256,1.849728827898956,-0.7260149788214851,-0.3749546050976894,1.6929564307528482,1,6,No
2252,30.43155667367381,20,56,-0.45078427168300184,0.5043869514626891,0.5312159898409977,-0.6338818575715607,-1.6167767538642601,4,4,No
212,8.789934695494438,9,41,-0.27624838521399475,0.7558215041883719,0.07796139746004017,-1.2357459785659517,0.6727293784977457,2,3,No
3998,25.90093908970128,23,35,0.36851554456578073,0.06199529186129578,0.8922482534451703,-0.39184686100302435,0.2007170638480723,0,8,No
680,28.024302212340412,14,47,-1.2351639721754797,-0.21764705523569966,0.6480450414810331,0.8393967170999113,-1.7746519368372387,0,6,No
566,69.36709865374722,2,35,0.31206642407889745,-1.1684999134793264,0.6903401613691801,-0.0013810802283412515,-0.48273744432334303,5,2,No
3291,26.651791907950294,4,45,-1.2739583357131983,1.292758448693921,0.11072287440432846,0.07014967885769471,-1.1653868291639466,3,6,No
4355,11.855233353686025,8,16,-0.13500113475445905,1.355791407955194,1.349042649955008,0.6151867726135783,0.8824978606554319,0,9,No
681,74.94660054387695,4,32,0.052016109262326755,1.3440749576735447,-0.8218068999146023,-2.0490411301901967,0.8103260167685212,3,5,No
181,122.24188450164623,2,43,1.2553824609077604,-0.8530899972351577,-0.49524862019365573,1.813736070314719,0.24113969200002205,2,7,No
4280,12.699224064375173,9,56,0.799926353940702,-0.27289793586228883,-1.6429143549975314,0.3609280854105984,1.9415892214619344,3,8,No
2496,302.0645926321923,5,56,-0.701604475953444,-0.5308499694410018,0.6566714581463277,-1.516389290490369,0.9907718409092912,2,2,No
2317,24.821607447278446,21,21,0.15120788555750925,1.3239276665806796,-1.8736527813752126,0.4592190232118289,-0.39786179668083926,2,6,No
4274,209.37280383839578,15,57,1.8421952379584414,2.6752109629908536,0.46332911541143235,-0.1103941980393887,0.440918822929475,4,4,No
279,108.97766501233268,19,16,-0.7570295658504664,0.20523109170297799,-1.4014511477241796,0.8130357368876219,0.11554952316446464,5,9,No
3684,21.151487338557445,12,41,1.17009742128588,0.09404975834877029,-2.178640722318831,1.1989539546199401,0.9538349160358454,5,1,No
4763,94.28229821726855,1,7,-0.28261973681890296,-0.399153680889819,-0.43382802688611366,-0.8381224873648458,0.7884660583770247,2,3,Yes
433,29.046946018258406,15,55,0.24839406504653988,0.33360230467454804,1.2363431626109402,1.2158293597470884,-0.4509568265201174,1,1,No
290,29.859759324084568,20,26,0.7070407250968996,-1.6051332014584174,-1.5797186971944246,-0.3338888115114624,-0.17565280413985668,3,3,No
1028,34.33138419044155,18,1,0.5841949441760275,-0.21191485991091527,-2.008378436889316,0.5903715440554717,0.12018384275976032,0,8,No
536,62.64418768464529,6,0,-0.7398545102479152,1.2361439727289343,-0.5852135020601873,1.4199555794824656,1.4036069779001006,4,4,No
3632,108.91858525410022,1,33,1.1492333130986592,2.1734384583955917,2.6140266406690955,0.7316711165043761,-0.45985018990876947,2,6,No
189,8.43037117045404,3,44,-0.7175004222282269,-0.2380117228798793,-1.079576720337252,0.9907617345678559,2.097510614044568,4,8,No
2175,46.29538904802826,8,21,-0.5700124323271293,2.922803309238031,0.4906354877829783,-0.7496256332619503,-0.7954561667344151,3,5,No
3916,25.94272650445307,3,7,1.1737933114526904,-1.9318868420149187,1.9448880728549494,0.34102544618931246,-0.2677552381327063,5,4,No
1863,135.98071442212571,16,27,-0.9170131510584919,0.3668477618260759,-0.2283363132700721,0.43140019768001936,0.48788201965280414,0,6,No
271,16.093926526764015,7,19,-0.2011361778416194,-0.13619970878397838,-1.2123174282919575,0.7597569730181432,-0.8758399540230916,5,4,No
1729,35.63311188079415,5,38,1.0033813137060326,-0.20125913623351213,0.127546009583492,0.3745748825636097,0.28736103803744467,2,6,No
4076,14.517828252099394,18,50,0.1298931221120807,-0.31468929728369127,0.45783198496143157,0.04082140706978602,0.11051892966675599,1,9,No
2158,14.739725604799498,13,44,-1.3228556138923926,-0.41323031639424485,-0.33517976958241175,0.8935570213583215,-0.9787767576860877,5,9,No
3932,70.4745587557096,2,0,-1.3156526545452474,-0.10512621867139585,-0.5327706829620691,-0.571418946486769,0.15582099031392233,5,8,No
112,42.00277142148801,17,57,2.538483229427952,0.3174104487994213,0.11676008787256639,0.17062708361908155,1.3104295008315177,3,8,No
2385,65.63032845480362,15,36,-0.9671762861318086,-0.9379343492107619,-1.1213554174005556,2.7530272188787532,-0.1422319096661238,1,4,No
221,26.47341926814993,4,53,1.0993517422876555,0.9194127917400996,0.3760953675539912,1.2710718708601423,-2.3457882425033967,2,7,No
628,129.3656175197498,7,4,0.14586043082470876,-1.0268201367735081,-0.4367716067785833,-0.3200774504382476,-1.2467939099098826,4,1,No
1182,77.84235798506226,20,35,0.6984851570597541,-0.4540312155250251,0.8607864698492321,0.207113430114827,1.579204210036799,0,5,No
3382,45.82751701177615,7,21,0.06036406565152272,-1.302481514404029,-1.6091814348397324,1.6357868749820632,0.5096558684500159,4,5,No
2423,156.00539127837365,13,32,-0.47488324508909263,0.16475210390471504,-1.2516182299616831,-0.6276001760942014,0.3717873055880829,5,4,No
791,15.70378464268339,9,21,-0.4108469300992142,0.4235057659278442,0.045010775491347736,-1.1572138030168888,-0.18547997590425605,3,1,No
4276,22.49073506117257,3,6,-0.809316160267809,0.091215164188586,0.0057786652562802805,-0.3012459001590448,-0.04770271341704165,1,8,No
462,14.391405585290315,10,30,0.3680867085808721,-1.7023906226910304,0.49728736800066425,-0.8194289765982975,1.2796880156711665,1,2,No
4403,16.68304622478994,12,31,0.1615169585352671,0.93416828085735,-1.4488100257494023,0.06669581689348869,-1.3051394937390508,5,7,No
552,57.77368774768747,2,17,0.20416786745252327,0.6995098064587445,-1.7822740774072416,0.6849380057020193,-1.6740624632615668,1,2,No
3130,47.92828952709305,21,47,-0.2517056583568373,-1.4790698179464894,-0.07348727297268369,1.5492701666334763,-0.8530379997134243,5,9,No
1445,28.67347100173037,14,41,-0.39181538253334447,0.20457164970032737,-1.9593918042559506,-0.7800764107150233,-1.9966920447743985,1,2,No
199,32.94627265415699,12,10,2.1203702490425242,-0.45043863782585325,0.12628113723756937,-0.6606769437718044,0.14330116864769596,1,3,No
2590,61.8173625532898,14,43,2.013682469697378,0.5356991493023663,0.20890676130415511,-0.6244672943396101,-1.0036141928498445,1,7,No
403,75.22837413517034,3,53,-0.4554436626696503,-1.5498457879892507,-0.16062114012076936,-0.4070076543194302,1.171524509184777,3,9,No
3960,14.45622094588854,11,56,0.042898364389770606,0.7284389481147806,0.9779617227766716,1.4301079444564713,1.5574186071277711,5,7,No
4190,276.3518810618978,1,49,-1.0316319706191186,0.25865774180653356,1.1731279644780943,0.5031217865091798,-1.0946471193231695,5,6,No
4764,422.9759506714159,17,41,2.022084305334973,-1.96605822327335,1.2727311143332796,0.0005284600763157954,0.8594623425274257,1,3,Yes
2096,72.57995023530506,16,16,0.7980906964011155,-0.033979571604678495,-0.008296767619785253,0.058814816208904316,-2.3123254929747867,3,5,No
2901,18.90735859998792,9,14,-0.500686754217494,-0.5998277840939689,-1.8341544533668062,0.9649168878542486,0.07699715037160444,4,2,No
4463,98.13321740716255,17,8,1.8697293632216525,0.2239484120144436,0.24718643577001326,-0.7095210638327243,0.38089502373638096,0,9,No
651,210.15072533501063,4,22,1.1065393185924464,0.31162475567459863,-1.057333843476665,1.6225141380864172,-0.29281549898631315,2,2,No
709,26.534980576104278,17,40,-1.6459836943336827,0.2623884365307285,-0.5059190414826519,1.8383123796867857,1.8845096960149461,0,4,No
1481,51.934241996900546,12,13,0.4102225236084852,0.6034106370730951,-0.2673352013798542,-0.6464385610897172,-0.5906623525239804,2,9,No
4415,28.082753077447144,4,1,-0.3264919860735809,-1.2167572567692486,1.7773422532100214,-0.3414343113156338,0.5243073802516235,5,9,No
3066,33.25259744358639,2,3,2.349416125281837,-0.4282539784040572,-0.8651246302201088,0.5222835508601883,1.8699688148286506,4,6,No
2396,10.382905109279973,17,14,-0.024791877068242422,-1.527393562133019,2.084755956708015,0.4894045501614445,0.17114151604912703,1,6,No
1770,549.8079140789716,22,42,0.40656911910201393,0.1367124287435586,-1.296479538470473,-2.4819671826662524,-0.844726182323417,3,9,No
315,75.79165367801359,6,8,-0.19022291832309887,0.3381059215063302,-0.44115774694544485,0.2522642640034325,0.20422092562163552,2,8,No
3762,70.76646348097204,22,53,-0.5768159252954013,2.251075143083408,-0.8397476019251039,-2.2861121355448524,-0.8036362590384347,4,1,No
4910,59.79539803340653,15,17,0.3302298824320613,0.429255526589728,1.1558643562835587,-2.5153590200242792,1.3727969037391636,1,3,Yes
114,7.798583741536516,7,33,-0.7279804853641153,1.3747486832306544,1.1266103486291923,0.028149910224203063,-0.44252646553883224,0,9,No
961,166.81316246944576,21,26,1.407498373948328,-0.13665388410914364,-0.04951421173240328,0.046719244784203945,0.14699940846258552,2,2,No
2911,20.389300454587858,19,32,0.18863230761968566,-0.5834476277528152,2.819142883225069,0.35951331118824936,0.762463227336137,2,2,No
3406,9.51026936789743,0,51,-0.8689543593580927,0.7350594517943068,-1.3071784753589308,-0.7775129424921157,-1.0146652346545333,4,8,No
1624,107.28690235283086,5,57,0.1172822935737143,1.0214355922682763,-2.546532937328582,0.17628581719109268,-0.37241455459248757,0,8,No
3323,39.076273307333544,4,34,0.160167211913082,-0.8851788417931582,-0.13507364365569377,-0.713182022634037,-0.40040231411261007,4,5,No
5000,23.88756329741783,14,22,0.7926794814476119,-1.8824421535196076,0.9604235040910781,-0.07316872027043075,0.6001844138961745,0,1,Yes
1819,53.730579707423416,11,15,1.1106758318223067,0.4098714892592342,-1.585690789184562,0.10461089711583525,-1.913328192066348,0,8,No
3195,29.494284240931243,0,22,0.15172503367896034,0.5943646320010014,-2.0444515113960953,-1.3007857576123079,0.8958653562957967,0,1,No
3008,95.61476031881014,8,57,-0.43932318167408735,1.567017372597567,-0.7543235953336023,-3.385512661750694,0.7438108402499215,4,8,No
3415,10.959041440075211,19,19,-0.8865338246578354,-0.02912458259985813,-1.2250086973127972,-0.03917018658701813,-0.15402950812642802,1,2,No
4529,16.37638015796542,9,34,0.11079752604802592,1.1760113035358766,-1.291603133880825,-1.0043085707552755,-0.5692102412204537,1,8,No
1898,52.092383930223015,2,19,-0.3207527559739828,-1.3659198242449033,-0.6798792649748162,-1.6109518334172113,-1.2957728788072194,2,7,No
1919,24.112087595761892,13,35,-0.5863770982292038,-0.1327812385361221,-0.3563655062206215,-0.19828458805508212,0.8379883282781686,2,6,No
1271,154.0020099447348,14,45,-0.8101155965418396,-0.21388069778208085,1.8299240289304446,-0.10793779659340613,2.110301623925836,3,6,No
4177,49.89573783496731,16,17,0.9781107376787682,1.1372446658984114,-1.7358918262580079,-0.12815099403535957,-0.9777417231970083,0,6,No
4963,89.3657272282774,17,22,0.03149493553276361,1.0488108956637674,1.866872219051868,-1.1371375941053106,-0.13055108735172483,0,1,Yes
4884,48.41833642118265,11,54,-0.12083570798647414,-0.6932757176596691,-0.014750261384890884,0.9539716589336575,0.5471993614496155,0,1,Yes
4095,57.50977286930064,3,22,-0.7473941437371732,-0.11813647480010092,-1.5908423015301123,-0.5393293516144726,-0.5695672828022663,1,9,No
3160,16.473920261887628,10,49,0.199165656466386,1.0855848792237237,0.7959899884483054,-0.2796130949882382,-0.6801766338202929,2,4,No
1814,32.88061074126579,10,25,-0.005244922510148693,0.5060590204930345,0.04215855757653389,-2.157742885710403,-0.20018671773817698,5,1,No
2427,272.29464489151127,16,36,0.30655096793882525,-0.09089899732260745,0.8273417964239792,-1.374373961863985,-1.5307911227912112,1,1,No
3951,16.006671876319785,12,11,-1.1872715972875525,1.174804222079019,-1.337287609437287,0.6320671795072249,-0.2879697749442862,0,6,No
4429,27.41953695838298,19,23,-0.5621171364407703,2.257643556598506,1.1912317729374313,1.7681229263845535,-0.7884618274139973,0,6,No
2143,494.71661677998884,13,54,-0.35979158728114685,0.5414111108379199,-1.4064802420048998,-0.8388607841960342,-0.4302700605070151,2,9,No
1627,3.1762527015894455,16,47,0.5047837624854907,-0.4771988697727153,-2.611402151467802,-0.6748476301615814,-0.48269451761063775,3,2,No
790,28.472768019358725,2,53,-0.11744787527233685,-0.7877988886266734,-0.9685354004919751,1.7284653888049368,0.11396107883724602,2,5,No
3787,23.821974727934837,8,26,0.06770014671797596,1.2159650047172181,-1.0013625981567575,-0.668826611318101,0.6617380063625091,5,3,No
1865,44.25133214260407,9,13,0.7002088509691328,0.986238283017926,0.8683328173302316,0.616959177266036,1.6618317991431855,5,5,No
2866,9.41795077410051,8,44,-0.1064590033798917,-0.7452030824981152,1.0798355789996796,-2.18198368634686,0.2910187991442926,0,9,No
872,12.0867166296398,1,35,-0.5623210719886914,0.16602105089663668,1.1241244849541139,1.2978464415365516,1.7746853415874553,0,1,No
3272,23.897081018851715,16,53,1.4822309626578862,1.3572472122756287,-0.11710115211197082,-0.6434945618898616,0.4292028431462364,3,7,No
3834,15.259892853283082,18,1,0.3115992685970485,2.119736788624562,0.20565389931804964,2.9824875847078562,1.2646305789604582,2,1,No
74,54.443351770942904,4,33,0.17111389853127063,0.4257145945849076,0.40236534841982236,0.01236113190525933,-1.5410729965013943,4,1,No
1753,17.17799331961209,16,28,-0.4328869589705256,-1.7998922615309485,-0.5903437345466456,-1.4641590995394322,-1.4377408037578108,3,5,No
1422,26.85873712259127,2,17,-1.9091373162826824,0.8290430650218876,-1.456582115007185,-0.9843311035722854,0.3322253290158185,0,9,No
4222,56.969466196064594,11,27,1.4723179712197758,-1.4049550948064689,-0.35617726352057455,2.0738581225655643,-0.7429681982348856,2,1,No
4694,15.750617840107019,4,59,1.7489810214783075,-2.76557977156428,1.8470795844020615,2.5597980183516187,-1.7510793841466312,5,6,No
4370,69.14074863590326,16,59,0.07619570907547965,-1.4594352633378065,-1.206254422680017,0.6686156306080209,0.02456939318613581,4,4,No
4576,47.58858871870694,21,57,-1.0170042940312893,1.2806739674692367,-0.0460206842739602,-0.9269509125878089,-0.2037779418750524,0,3,No
3810,49.5695256418693,12,40,0.5486092496747569,0.7734394070681397,-2.3477778671933778,0.3191778387543589,0.910473691849177,4,2,No
2245,54.17919138476352,19,58,0.09613497374574913,1.5308140265956272,1.0488517897245615,1.0557383436195333,-1.3419305718275,1,5,No
3048,55.85973188560292,1,27,1.5904657201577244,0.438552984723112,0.8305149186102933,0.39906290282233386,0.9757681140494742,4,4,No
2446,447.47751862811117,22,14,-0.055387916044218145,-1.7298993027940788,-0.06765967361924727,0.08845074846271171,0.5181942423984942,5,9,No
495,24.320678229945685,11,6,1.2017300310395511,0.07940381519571835,0.2144540879360341,-0.7018705035509689,-0.17297154626495317,0,3,No
3131,64.61313286727874,2,52,-0.7429363841910013,-0.8023451954199485,-1.9103906545761233,1.2362037222763187,0.8787777249624776,4,9,No
4322,36.603465161155235,20,46,-0.6570939103874727,-0.659762603916201,-1.1273670712647363,-1.2389225713911283,0.972029812137327,4,4,No
4398,20.81321623347233,19,21,-1.140336304555083,-0.714338102016471,-0.9382225372182782,0.8843603051246332,0.8169719737921174,0,8,No
1165,12.36465460976476,11,6,1.0454849255123724,0.3640502374977759,1.3591329351529602,0.5389039411148667,-0.46007005462720213,3,3,No
3735,35.55193963160794,20,1,-0.6986821427588602,-0.2328965247489081,-1.2893510827935462,-0.10000741316607512,-0.0828759647099221,1,1,No
1731,30.238896836578544,11,29,1.2752645386206238,0.43885744620613204,-0.02157741661526991,0.6943130277801547,1.9273099356659136,3,6,No
4813,65.36265157544663,6,30,2.499583438055625,-2.5976014312718654,2.429252087140757,0.5864089715174778,0.7061592280622321,1,3,Yes
2403,43.8674753745614,18,7,0.32225995534920887,0.8038280951636176,-0.49479927552455316,-0.5510079193866743,0.3568182184639621,5,3,No
3404,94.80810112618917,21,37,0.15526608789532545,-1.0998642895433344,0.41745641041314674,-0.4936801189936769,0.19820377452415003,2,4,No
619,17.921895876082512,20,37,-0.686096642740802,0.19982469665158892,-1.6827854554393802,-1.6353271315491387,-1.1201860853010783,1,4,No
1698,355.88461033065647,22,23,0.370405423469423,-0.11005126944248407,-1.4959849707722361,0.3043010746416213,0.26631363413944587,1,2,No
3594,51.838968009758666,23,50,-0.04091537369126111,1.483409223031859,0.6818864233980808,-0.1798208734459793,2.389379543657604,0,9,No
1958,9.94732244646888,21,25,-0.16612057582947226,0.9554450859843071,-0.35935581530916555,-0.0011258993966320049,0.15629927193621673,3,6,No
1222,120.3692091632155,8,40,-0.1564553029252464,0.3580800444793122,-0.025770795625521946,0.5450786544814065,0.18731552313116723,0,8,No
2074,25.493871729119405,0,6,1.9988278176538996,-0.35160886668065167,0.1731528628025136,-0.09295634716808657,-0.2514956246084482,4,2,No
3411,3.6870115559085748,7,14,-0.46519180365839824,1.139353529381504,0.5978158792398196,-0.1908986106242179,-0.6662346234964301,4,7,No
870,31.608078278938983,16,52,-1.2413641835805693,-0.11998716983428719,0.0024647610997071065,-1.058890193115289,0.31217361885152944,4,8,No
2719,93.63170407848797,0,49,-0.2103993839063989,0.6776887473425518,0.6810730770173063,-0.5724532763040266,-1.0217100445978335,4,6,No
1043,66.59079437342731,13,33,-0.0017446574202015417,-0.8559124461919132,-0.22964024379783995,1.231928324207872,-0.4251421359837722,0,5,No
1362,82.79034440081205,11,16,1.8103293797647417,-0.09561404655042607,-1.0480218812736268,-1.3663720479849741,0.1271177573644799,0,9,No
357,41.86293765707489,11,12,0.14895854124234953,0.7888457131522739,0.19410410804883196,0.376404571487228,-0.6323917568493553,4,4,No
1163,25.67176706427568,17,47,1.3999957859067813,0.1681742247813388,2.2714659418056327,-0.26914044923801717,0.25704285296067375,0,6,No
2766,16.54289453072887,19,20,-2.7379279908739647,0.08534923442854314,1.0407366433757963,0.3887059081608008,-0.4123409597181621,1,7,No
3253,8.124105576980236,13,58,0.9524516671079557,-0.2706320048743245,-0.5208659750097704,0.12770850536989364,-0.14539318180219435,4,9,No
1439,9.513221142543756,18,17,1.3725442840972462,1.8407658022347948,-0.6934377061177628,-0.11374323710781528,1.0450425432614543,1,9,No
3604,142.3332028021398,13,25,0.0363729105053298,0.1060751222931572,1.4025275423738197,-0.6697883485069098,-0.7676391182597851,0,3,No
4941,102.12518096236809,19,28,-0.8806692338672417,-0.586165385761145,1.1841592413729471,-1.5740851439175785,-0.8655990512932956,1,5,Yes
4594,24.712170018211552,17,16,-2.312717074801868,2.6053354334160836,0.21458318057730644,0.7785261224578961,-0.78751531190293,5,8,No
3640,8.618738016459869,22,4,0.07195760638406297,0.957197952550523,1.116485369737188,1.2534344767925931,0.10472772510249213,5,2,No
1254,44.789365881108644,12,51,-0.7133524477014987,0.30236397625198513,1.9290174573832923,-0.7615106586411955,-0.493612984111077,0,1,No
3366,9.190301583103693,2,36,-0.9829743379975451,2.6555130487193583,-0.31707188676775244,-1.1701539389205355,-0.3152612039224809,1,9,No
333,16.462244904868836,9,17,-0.5551717243497534,-0.11858758882483045,-0.04475764123579518,-0.43884933994661673,0.3239396420860183,1,9,No
3695,119.43745629809213,15,51,1.0321346981632022,0.2521969631218891,-0.5313559806405643,-0.503462837378442,0.03174740417548497,5,9,No
3569,54.087705365482854,0,15,-0.13974218319652795,-0.1765769311516916,-0.8210577534987169,-0.9227434819800298,-0.5257023196333621,4,4,No
2729,208.77468629233422,22,20,1.0046108680595498,0.30989780224032437,-0.11753082218517352,2.125704035082167,-0.01384539441935645,4,5,No
3668,11.016946376116033,17,46,0.7145711327549591,0.8685250884605775,0.6755147446347478,-0.6644676822124849,-0.6590749074553488,5,6,No
1631,9.777895287978476,3,22,1.2336085658348825,0.2599590041503656,0.10973196780610626,0.29935339036987596,0.49427566928307665,3,4,No
1117,102.89206012216886,12,57,0.7208230966852296,0.047055220903524465,0.24481066312140204,-0.7323562810146178,-0.35177736604791715,1,6,No
1850,64.15988620165498,9,26,-1.1613397169127129,0.24462878487985176,0.5214360497641698,-2.5871362308958417,-1.7354101591652435,1,9,No
3555,83.66794369018886,16,13,1.5099863821231867,0.11607870051691144,0.4036740100218023,0.7838925725490965,-1.0257020522944749,0,9,No
3154,28.961656897450005,7,31,1.4470578616836998,-0.5269896985686852,1.6981164243082503,-1.151697863418251,0.17603157585555332,3,7,No
3266,49.163074283977245,17,1,0.23774390697748374,0.0039341682276913216,-0.005611316728771062,-0.9049619193122717,0.2688625583870938,0,9,No
1666,16.507056372404133,13,0,-0.20451926106743099,0.09140977316148323,-0.25200327546453133,0.2219797288210042,-0.487610705816899,0,9,No
446,7.5620489844166086,15,10,0.45706491417686257,-0.40243087790166676,1.215004019081943,4.0258240427272645,0.6912820989229157,4,1,No
2246,17.80503672501542,6,53,0.7707379254559359,-0.5191355524414507,-0.6975848637562034,1.3938430026729642,0.6858766667536402,5,7,No
453,232.99396690672867,7,49,0.6761219353000746,0.4543033057398061,1.5098862545771035,0.5691364418675215,1.058581053734378,2,7,No
1552,16.049175548978962,10,37,-0.34401364112330424,-0.7558936533922377,-0.8615370126355533,-3.103095950365521,-0.8508428759530484,3,3,No
4435,223.17327626577077,0,2,0.7713329294051153,-1.1409809425323216,0.8500639658055714,1.5615861927429908,-0.9826222991161745,1,6,No
2955,3.9425607865609837,4,28,0.15247188244886165,-1.1413755754828778,-1.3023203798044005,0.6774724004639007,0.7072497397402788,2,2,No
15,52.85272871254799,11,6,-0.9470628270939518,-1.0220872459766968,-0.8777560655285767,1.6061991600164907,1.0423553170296844,5,2,No
3629,112.94950680737837,4,9,-0.03999718963038264,-0.4199845596014019,1.9545418578099718,-0.20043882545249336,-0.6201013771395222,2,7,No
946,23.203466472504495,18,0,0.2116987594698118,0.7587962314981597,-0.04185920406504428,0.4500134504595026,-0.9869192077450982,3,5,No
248,207.87013387121544,21,39,0.18425522240455336,-0.7820778736683621,-0.9915503125746948,-1.1463009057286688,-0.4375733069841293,4,3,No
4698,30.147686085596714,2,49,-0.8378358170424968,-0.37078296596603777,-0.5452172949831905,-0.30411668871730707,0.5258514263370587,4,7,No
361,28.430925180836432,13,27,-0.27056120151327656,0.21987736302336577,-0.5134962511980561,-1.7905510194518974,0.9361131249297073,3,4,No
4657,13.907232975356612,15,50,-0.11967723285731491,-1.0425396513646314,1.6939647130333415,0.8381467579440671,0.5168285393995763,0,2,No
1615,16.809235567267034,14,16,-0.3762296113684838,-1.4530964310697694,1.6221994990060429,-0.5211011738028473,1.5750357749125201,3,6,No
2304,21.440904574274125,17,37,0.2036890210023668,-0.03073279311087399,-0.8277740194808911,-0.3070621097632671,0.09118869396835061,4,3,No
4142,1047.3792830505838,4,16,-1.7659388936015947,-0.24818406973979076,-0.5763008248085482,-0.3983513446261958,-1.385955619240936,1,6,No
3169,13.227407800725578,18,58,-1.0302900122685545,-0.49155842090493773,0.8380981921614563,-2.379454964417904,-0.11911241608643543,5,9,No
2479,70.96233490322797,1,22,1.0169650543878639,-0.9435250409089915,-0.3794758186151776,-0.6120996398827769,-0.6335123220917724,1,3,No
4215,29.368267506598386,22,41,0.8093003091991557,-0.07870273727289283,-1.7246659294256954,0.17669946665551367,0.4141914638273636,3,7,No
4181,110.44388364054451,21,31,-0.11873992377100727,-1.1876873263603505,1.3800660171988146,1.935487537635181,-0.7039308007205357,2,6,No
4885,110.78179950327608,7,20,3.2299249656780624,0.5008712641782953,0.8521690209789743,-1.9800103526875916,1.0380946366346218,1,2,Yes
3164,65.1449346675214,7,24,2.2025854140049628,-0.5435225760948096,-1.019373959230437,1.6908256528821999,0.8491526911596001,3,7,No
491,98.0313185292553,15,25,1.159096444094184,-0.39273757822956723,0.6319096665579241,0.17956237377290588,0.7439018737144868,4,6,No
863,31.236546020700303,12,15,0.28152360509292695,-0.9808580570370188,0.6425748499394539,1.7596491716141998,-1.5292307799446934,4,5,No
1741,22.451710861710488,4,47,1.1861351149659096,-0.6790924284911947,-0.762599600739623,1.241061925008803,-0.6418644628934819,0,6,No
4100,26.584765550713957,16,19,-1.134495292617693,0.4704630560934891,1.9532357789016481,0.09344959438660917,-2.1925814643386885,2,5,No
4386,22.636581294006525,1,12,-1.1384547820148285,0.9466085823357876,1.4683632527200146,0.43442667215527336,0.8047853042775793,1,2,No
2448,20.945382122659755,14,12,-0.22516646161696247,-0.03289055308232672,-0.036458732952163786,0.18194775634353694,-0.594541357437788,2,4,No
4231,105.8965849997675,16,5,1.58364749810942,-1.3710354410865868,1.0054447016087313,-0.06385487022874688,-0.46085595997650514,5,7,No
507,372.56630137415067,2,31,-0.6166371399244667,0.9266701647759397,-1.902901562093312,-1.9857989907109712,0.0032857844490918387,4,5,No
2678,55.0729980782926,2,17,0.3515432749007078,1.186872921260762,-0.36145329197802606,-0.4647467296680671,0.41279098505318185,5,7,No
2996,15.387233402973944,16,41,0.8999083491440373,-0.6808864290071561,0.5692781355928354,-0.048147359995203996,1.0003308373136788,4,4,No
1943,9.699598077175683,7,18,-0.6225682512559927,0.1611816461351563,0.6515098396603243,-1.1757200084143575,0.9153477977515984,0,5,No
1223,49.94800562654145,5,59,0.5271825406319262,-0.3736552783867337,0.7779466096452462,0.4816750622757203,-0.34766421115600926,0,4,No
1114,26.03815085040399,7,6,-0.7303778911994052,1.7373499067825362,-0.36505434286547456,-1.566186770920477,1.2837788980654694,4,9,No
1906,10.371773643286955,20,40,0.12657927717612869,0.1841694910191149,0.35836351637561037,-1.7074964018607186,-0.9247326997109881,0,7,No
3424,12.447989450604922,4,57,-2.310651339674044,-0.289609378392128,0.09887709483246057,1.3494320505632633,0.08679703872625545,3,5,No
1878,202.13070489400187,0,20,-1.4076884202708555,-1.083670780277368,0.7623506609519703,-0.3413715197585086,0.3073273366010497,3,9,No
4673,57.871126158946275,18,42,0.3819082424215687,0.3185049295990975,-1.37775170053477,0.23584052849589596,-1.0539723503090106,0,8,No
434,5.307358076997366,3,58,0.09909300852192908,-0.7939894278319191,-0.1863824259605165,-1.6853718648166949,0.4048722867190754,4,4,No
2365,416.50758708944784,22,9,0.18406782076952255,-0.48895542387934543,-1.550553321335531,0.34283585238734404,0.34668008443553644,4,5,No
3155,18.02501058954101,10,4,-0.24926147473847923,0.8284525529557684,0.45057742631884107,-0.02551562678531521,0.5177198645830227,3,1,No
2836,29.73920638982422,22,49,-0.9687266466130996,-0.3275010668261888,1.7408315925815088,-0.576876608978567,0.43029825179079645,2,2,No
2093,37.78354963732891,5,47,0.9781548498345284,-1.5635539288146632,1.310177597426757,1.2458252940172545,-0.06634661085754201,1,1,No
3011,350.6441650034667,10,10,-2.3799073313530843,1.552395223273927,-1.4362306678780048,-0.8181610704751626,-1.261767984799521,2,7,No
3163,57.67342651282178,15,39,2.8053120481030978,-2.0199375483674173,-0.7783114455551967,0.200000253414752,0.5490259226184154,5,9,No
2946,41.561023725029855,6,2,-0.2980013524472166,0.5878043922669566,-0.4800215106750887,-1.9889010626842436,-1.291535940980027,5,4,No
3917,24.134312348765842,0,39,-1.1478763094459161,-2.4232797756277664,1.826058723574004,-0.22284962447729093,-0.6129292953685761,2,4,No
2917,160.1194803187365,7,17,-0.1342310655133788,-0.9156836951737612,0.03478984845542972,0.2696738204380895,0.026035062632394888,5,1,No
1103,60.240630329552424,5,47,-0.27536580966577207,1.5441380012066468,-0.28693843520353846,2.2347332372859943,-0.5112831236207457,4,4,No
1449,24.371986505877928,22,39,1.027831588432296,0.6773762959754626,-1.0424433200607244,0.09964576686199166,-0.9114315628634524,0,5,No
1721,94.37868810593115,2,2,0.4520077971168826,-0.2347962368714901,-0.789252893921216,-0.2715922897977846,1.5415801241416462,1,4,No
4519,24.806212334171548,16,40,-0.27847566987518413,-0.2729114773333333,1.960033466275064,-0.47548701263058757,0.5077884732255902,5,8,No
3843,44.52420959328908,6,45,-0.1481007453983979,0.5521194227676057,0.8421939971568744,-0.4495519974062408,-1.5857393105107,0,9,No
157,37.723171016333595,23,49,-1.1012568208112323,-1.0730001540983543,-1.3725142171743974,0.777355062737863,0.7114636515675471,0,8,No
2979,17.99153076191046,3,52,-1.643113095658402,0.48291410268804397,0.2701169446716946,-0.05122614554671452,0.06656811109902226,4,8,No
1774,182.3798788308025,7,27,-1.5971071194184563,-0.7978822785584306,0.026560685981022587,-0.7298675829292409,-0.396032538243941,2,4,No
616,9.18310469697245,14,44,-0.03875566404487908,-0.07372687895466667,-0.19577421210743123,-0.8424110321967792,0.43265615257969103,3,4,No
644,39.328928114524786,22,57,0.40427938304992056,0.26236035860301515,0.12707266242950907,1.7402664273608581,-1.4337503338367856,2,1,No
1936,164.71704197911401,8,6,0.382012540704588,-0.2897313284303901,1.4167176421908052,0.39520784901585143,0.7561578437530152,1,6,No
4278,26.062600727958102,16,53,-1.2199706812573525,-1.6736619461364801,0.3707398058959156,-0.19208226409451049,0.8774317497104674,4,8,No
1069,140.48854524242913,15,9,0.18005047140237396,0.17012161715796004,-1.0594879283579355,0.3318537267799096,1.1971354225271547,4,3,No
4455,59.73094610507221,19,27,0.8014988955026504,0.3892995862588766,-1.4840428021795111,0.8783234526312093,-1.2798845949072164,3,9,No
4155,16.689123049447133,18,11,0.2680088522903542,-0.4250203387637601,-0.09539967040592622,0.6832800011017057,2.347303445208726,2,1,No
4240,62.85214945750451,11,55,-0.3902007329309809,0.8387579930541158,0.38970797116976896,-0.017825885357882567,-0.8747206949648333,3,1,No
4869,793.5274367525445,0,8,2.1600787395453587,-0.1829396456218006,-0.10104452046364365,0.025655190925239713,0.20062595580770526,2,3,Yes
331,150.08899726834414,6,35,-0.6061869476341336,1.0512259737259262,1.775698032365714,-0.8509432238115706,-0.1932130207581928,2,5,No
2058,5.418324738917575,13,46,0.6492391555704942,1.1032565448777163,1.4252334072981876,0.4474559002894586,-0.31611143451269136,2,4,No
2647,170.77622843687817,18,1,1.1303921370503283,-0.6462393913883483,0.8515838543442575,1.383179690560655,1.2161409646465664,4,1,No
2192,13.051805961624044,14,41,-0.2169735887338547,0.790560560649339,-1.0118799491645347,0.2108538821397784,2.4695667967271864,0,1,No
623,43.332955723594154,7,29,0.635813262188768,-2.39673576944724,0.7973649891994805,-1.874015774930339,-1.4154079083229805,1,1,No
1596,52.06736802199655,4,56,-0.16805497196525931,-0.1082884491284303,1.4122230288064919,1.3147991293756258,-0.6864861414865847,2,4,No
2916,231.50414822407248,12,51,0.8508093873733549,-1.1026326185121387,0.7092586457278951,1.644187278990438,0.49838150311211465,0,1,No
4822,30.779126639764648,16,37,0.4895885140895299,-0.02713702733366613,-0.536423619367353,-0.5034104104319679,0.6375906797965648,3,3,Yes
3899,17.5228185752526,1,40,-1.468158118026261,0.43885713475818106,-0.7785262855443501,-1.785208033856962,0.8656586631993596,4,4,No
1920,7.64318206813294,15,57,0.6699280762098667,0.5527761486208744,-1.0585421940333906,0.5597019503036693,1.3268669568197757,3,1,No
4174,15.702269349187615,22,42,-0.13070644640922346,2.1388688847059933,-0.620107577686253,-0.27567922767524683,0.23217928382569913,4,9,No
4478,19.754379982498413,15,51,-1.1220076235275476,-0.636774836623719,-0.9497045760473027,1.2195535595848135,-1.6583436943555845,3,5,No
756,103.13601835020634,6,4,-2.3471737283381673,0.03053830458183765,-0.07949637569485415,-1.371501141444149,0.671767216587465,3,4,No
519,81.27312600058274,17,7,0.5401309669582237,0.14933102610238283,-0.2843518166045584,0.40174827980478217,0.8261235436527639,1,9,No
3804,44.750972087055345,22,30,-1.3284878042771482,1.3399922849525734,1.7591251053166241,1.0182023278701329,0.8688331860235569,4,6,No
33,19.84113426680542,18,44,0.3920621165837422,1.010781384005735,0.3871617791163626,0.048924824680156194,-0.2753092123620546,3,6,No
2938,137.22569486061673,12,11,-0.47675298650126785,-1.9052124638307364,-0.9746094224524149,-0.036046089297868865,0.10147922917039104,2,2,No
1158,144.45291001462175,4,33,-0.6775147397704298,-0.8285600351404542,-0.7834268880407628,1.4927046072759744,-0.24376712339584375,5,1,No
745,36.56292763805386,11,16,0.039286821570550176,-0.3436532764230419,-0.06737104723034884,-0.05962763239041407,-0.44703095762712625,3,9,No
1498,10.484673308151647,2,34,-0.15522078756021063,-0.21451047665013417,-0.3680671447638095,-1.9887720434149363,1.3748648057082475,0,5,No
3460,71.6799791186033,22,34,-0.6882221687476503,-0.9315253339782039,-0.7971880004372696,1.7006342163564554,0.37112599438269284,4,8,No
3756,20.15143087839598,6,56,-0.7965580293734599,-0.0873570180777389,-2.423801502546067,-1.8024787965978253,0.8037126389916157,3,7,No
2592,286.76383736774915,17,25,-1.33698055041447,1.67782689138792,0.4832609980829666,-0.7041022875327038,-1.0965916566645615,2,3,No
784,80.98090033330763,13,31,0.620017214093578,1.7152571026625716,-1.7253464742590232,-1.2877346269007441,-0.7914462587281675,4,3,No
3494,42.15916757458862,5,48,0.10054372348197903,0.10840605711956422,-1.9093314775874923,-0.353413327556478,0.8640374561567171,4,1,No
2950,106.6198931322214,23,14,1.3784387402568954,0.41540661299509846,0.09018863732990444,1.282252262014753,-1.1100612621525996,3,5,No
230,24.84400903710024,20,4,-0.6470166219514599,0.037722896682238334,0.3831690226561928,1.7182372414513813,0.7863236682915793,1,6,No
858,50.651350688463936,8,4,-0.6410953827408479,1.5951138587973928,0.04529496432508237,0.049745250787830674,0.0989812226027311,4,7,No
2267,60.85242899769409,9,58,1.1092358000407778,-0.20402205410241547,0.28410480889670897,1.2497686952567908,-0.13323016480975813,3,8,No
4275,49.09341929866721,12,58,-0.04659047320829736,1.0821170585514013,-1.4647471302726052,-0.984589883364019,-0.5819518443572261,4,9,No
409,4.512898495201244,18,29,0.28207199622729967,0.5526011803546168,1.1916714356246376,-1.1871973989673668,-1.3120000145777906,4,4,No
171,17.20521102614481,20,22,0.8456753684533224,-1.9413141205973408,-0.38115530770242934,1.0096857385188218,-1.4514533243732721,5,9,No
541,6.132066764085272,13,0,-2.1902358192678286,-1.8238708550204004,-0.0023413881869583275,1.970489965483977,-0.6986441958730818,3,4,No
2211,72.995184773516,1,9,-0.5539610702342861,-0.05835936047652984,-0.34804803691154235,0.48797285611316915,0.059822147463227435,5,7,No
2305,47.911619807223225,14,33,0.47948879322404475,0.18836469186814336,0.3929077717436935,0.7050448120198358,-0.1705239122982678,0,9,No
2568,51.3937281347578,1,49,-0.5809563234561563,0.08346260275123667,-1.0699519582790673,0.29876728497083155,0.508135391469566,3,3,No
614,51.744707042523665,13,40,-1.2607992972206816,-0.06328092891678859,0.8077076027014347,-1.6118082676014285,-0.7208978676544061,4,5,No
2102,5.962644582178588,18,20,-0.9223867925846672,0.36276482603990634,-1.924461303828756,-1.7661311658852938,-0.27046174039426135,3,1,No
1809,34.45635761536506,8,18,0.11871975553304809,-1.0183266983729435,1.9520658700471099,1.8486977265675786,-2.0738707448234552,3,7,No
3439,24.92573975485099,7,18,2.0846479025555773,0.8284003679211955,-0.3974029762855181,0.289421572851065,0.4221379773576923,1,6,No
1162,23.02865597614571,16,1,0.28375900435247053,-0.6056605504265781,1.2807733161431698,-0.590759756645964,1.3978579785775362,2,9,No
4226,50.339891189874244,5,34,0.33518345783094694,-0.5530036615515798,-1.1729375879144057,0.7322774553179215,0.010329116382568502,5,7,No
3120,9.499673117138975,12,22,0.15382160591500038,-0.9242043345531175,0.7038076493013575,-0.2713392059427344,0.5439007373055086,1,3,No
3653,77.72932994129074,5,31,-1.577794948111944,1.0979354877243896,0.9668405395509013,1.4950287035678718,-0.5164409008308182,4,7,No
1611,44.177652562411225,8,2,-0.2746598848076422,1.4478452201802798,-0.15633542897648545,0.6079887781716096,-1.761778622872557,4,1,No
1933,13.968633303341225,16,43,0.8977163887565969,-1.284625119614848,0.6193856420858215,0.7557366499929544,-1.1404321044907264,0,5,No
3028,8.514210619683036,16,13,0.20664609246019208,-0.6400640289670326,-1.2381413802999877,0.3891496935302486,1.3579355021024158,2,7,No
565,81.46590295207,16,15,0.5701725041085097,0.5377881668730922,-0.2154268594424721,-1.0947054828862488,0.5648914068846425,0,4,No
3572,72.59922803793457,2,12,0.6568888131048776,0.03275380021457846,0.9421590602876091,-1.1353458413499715,1.8182815919130166,2,2,No
4248,54.64256367515576,16,16,-1.4192190127852016,1.4126136229994521,0.21942921529093604,0.7089596206050398,-1.3211326119767428,4,5,No
2389,101.80860514357234,22,30,0.38299102534957313,-0.25054225782708167,-0.302715502342898,1.5279883901618925,0.9304600697882323,0,1,No
1472,102.00725331710584,7,28,-0.24001715181677286,-0.3737569538191105,-0.5416361454877889,1.7769508428381933,-1.6390668778955666,3,6,No
2631,36.23975887770103,22,2,-0.5766796386342469,0.4610690275555554,1.9451392467373763,0.6563402638289583,0.9456936090599898,0,5,No
1836,36.16033848836633,1,32,0.6925198408593666,-0.7053294927074957,2.1747717418166843,-1.0876372010831383,0.11316865829340152,2,3,No
4929,372.4350757562755,22,0,1.5629467148148646,-0.27041539982871793,2.979851734995047,-1.0625294236328484,1.888979394116803,1,1,Yes
3476,60.991966318059056,5,45,0.0002494756959870948,-1.765859371083207,0.5228315960154524,1.1714550487726032,1.0203727637693671,1,8,No
1534,10.331235752717722,13,51,0.6282093964264505,0.8299363160572701,-0.24210483074267797,-1.091030338173488,-0.8735809803291802,3,5,No
4328,53.09111393451872,12,20,1.1141339414127562,0.1596315176718564,-0.1871906523683003,-0.5686435677259153,-1.7680198924669173,0,5,No
2485,29.955182037708294,23,6,0.9600772983713738,0.9301154737777166,-0.21713309215251053,1.099121036550878,-0.8959231261972913,0,2,No
4208,80.45566253941904,15,16,-1.242451134350375,0.44797140427006255,1.3810507744921308,0.10586492498506153,-1.4442855799313163,5,8,No
1173,29.46254552929752,20,12,2.2613648247920697,-0.6132049398993309,1.720505214605611,-0.184473785072716,1.580746708820308,4,1,No
1428,83.19196314901866,19,7,0.2164570434536348,-0.7912408182580523,0.9647932363648231,1.0122957331691809,0.3313906685180812,0,2,No
326,68.77048743020795,21,0,-0.30601012309680875,1.6743592401868217,-0.7194038196869753,1.3914331792553123,-1.0412392363121137,2,8,No
1052,27.002552958722855,20,37,1.694198974580798,-1.2249780892581503,0.18465220763086074,-0.3936867839234699,0.13947233585003932,1,7,No
3320,71.80048141025223,15,24,0.24873024071635427,-0.5652790172306897,-0.48874420296591464,-1.881798783827629,-0.05033256405941083,1,3,No
4722,13.376856013598482,19,34,0.39732428373046036,0.6300317127095115,0.25301936012981874,-0.4737398531624348,-0.5066053943539274,1,2,No
3865,5.955062604138943,4,0,-0.310359367792185,0.46443841183651585,0.09624165936657454,-0.38737544385154715,0.09375052226795194,4,9,No
2604,40.63812583818826,22,35,1.6108018958066057,0.24268850851261617,1.7542012192654037,1.0577232794825613,-0.06013138116947414,0,5,No
1739,14.588682709323043,10,30,-0.36850244336221244,-0.8812960510395634,-0.42733008672296113,1.873621782697747,1.1124478632661783,5,5,No
1197,9.698780143291266,1,0,0.176064663715843,-1.8760508710378245,0.16923531599134378,-0.09680126481014333,-1.2966260707849544,0,4,No
621,21.313647141796505,22,8,-0.6291191941453987,0.04199908714409162,-0.129530385937392,-0.1536880685175025,-0.41259314991079943,5,6,No
1375,32.32052948920288,5,5,-1.4103381860814241,0.7932264815558977,0.2060595151861,0.15219288177190468,1.95022829984733,0,4,No
2880,49.2253385550547,18,32,-0.2687281443251039,-0.030683177364783768,-0.018548858560692175,0.38096185717883885,-0.3441010076529328,1,8,No
1190,28.760764154802306,22,57,-1.394259146222576,0.5490233343978613,0.28623686456416314,0.10553755720503172,0.27073185896046065,3,6,No
329,10.257332415062077,6,32,-1.0167595748385274,-0.5898869406977998,2.161941781188503,-0.25326160965881,-0.7401741042942273,1,6,No
649,39.032346623800805,15,5,0.6933620096556613,-0.24871432925059608,1.8510842165068195,1.071312844372607,-1.0606925062318246,0,4,No
898,13.980759186601864,23,0,-2.270890892900242,-0.30251761381422915,-0.36416437033440724,-0.3026902319503614,-0.5510818078209812,5,5,No
3883,45.7741213581542,21,42,-1.290060472396908,0.24941262463463132,-0.07289600512739743,-0.030213751378044957,-1.2046213336822362,4,3,No
1124,26.15840719843002,23,3,1.3261849634295788,0.8407453669239697,-0.9700480016220215,-0.3148160501574753,0.749123171936581,2,5,No
1892,15.132127586208467,23,59,0.13652178261843076,0.8936008501490137,-0.7623291856193604,0.38852630524616494,-1.0969327848618573,0,1,No
4644,32.492763412746164,6,15,2.294279574594431,-0.391806439751279,-0.367649765458831,0.45071009924779454,-0.5408705362914867,2,9,No
4792,2.0,6,24,0.4632601826756395,-0.6037105095944852,-0.571193924615953,-1.2781472018649764,0.13150276667204241,3,1,Yes
4530,138.58406568201008,1,0,-0.7400272658414223,-0.9908724872828961,-0.6552901381615949,-1.7093067251324054,-0.2881349319462584,1,2,No
4235,113.21910587200585,19,7,-0.39739994617313396,-0.5434565838518332,-1.099587802101255,0.09738328025693198,0.9340154367253002,2,6,No
1594,15.965382840462494,18,20,0.07939296466366516,0.5144494594410594,-0.26489605390328086,0.44457223924036476,-0.7960604818251151,4,7,No
3313,27.82195445935793,9,0,0.1691225778872879,-0.27348912374257844,0.06889829363373781,-0.24732247820085748,0.7795430797679663,3,7,No
2548,249.79477950542332,21,23,-1.8095168331490818,1.0895088640288708,0.11967520807609801,0.6848528072217465,-0.4059435260331593,0,8,No
1546,26.136718777308825,13,17,0.5557378408401406,0.1881222436058222,-0.2569111775305763,-0.915126315776875,0.8770690975012179,5,8,No
4337,38.53588344772067,15,4,1.6781643812833407,0.1318217278130731,-0.33739491018882556,0.26608481222741037,-0.5942977789985715,5,7,No
1024,61.32175463549912,0,13,2.0774998319122866,1.2801292689716093,-1.1770715056502423,0.4510526820436264,-0.4831465749611137,1,4,No
1972,24.368777742017137,23,21,0.5009955693472801,1.1975696644619034,0.9774305007163383,-0.08495340070791313,-0.1653745406433153,5,9,No
4989,37.759480585956,20,57,1.8968384641057106,-0.027176171654143655,-0.4292741587651545,-1.7471028133157538,0.5025572515844529,0,5,Yes
1715,12.028948847987989,5,42,-1.7215227409939768,-1.6877753678793268,-0.4138117925724948,-0.23201802111278302,0.6825996376798916,5,5,No
1718,19.522621475811086,21,13,0.2722470816275358,0.021759840797327068,-0.14532695985443808,0.5642468996851784,-0.5883933729072061,2,2,No
1478,7.712651921156185,17,55,0.7406810339953532,1.2202875245843159,-0.7563324206936382,-0.1723013547881824,-0.4226081198876573,2,4,No
810,41.15029906642515,21,8,-0.580585664298516,-0.12634701112754376,1.0862369048328389,0.9343144797343041,-1.4660817622396431,4,5,No
2851,28.356880821216407,4,30,-0.5370759294328917,1.6249616391019226,-0.6369474516701604,-2.267723774874389,-1.858565456508074,5,8,No
979,8.0297862397842,12,23,0.4349846021317938,-0.01963896249504307,-1.0821792162311863,-0.6526779865872612,-0.29643600674803083,1,7,No
4688,7.385950376211303,23,11,-0.7389867974527627,-0.47021738578216793,-0.9888801250587383,0.2295685571929897,0.3722792915017174,3,8,No
4896,60.10943346147731,20,10,2.539227637436544,-2.1154551016240806,0.6596629129122507,-0.6291619500771977,-1.9015631132729627,2,6,Yes
1685,17.470200643517977,17,30,-2.122187214511493,-0.04122245219632214,-0.4252852051382757,1.1371833939059661,-0.42537943159186536,1,7,No
4661,6.5353942204554825,15,23,1.2398957536023911,-0.3082569454182164,0.32548538419215767,-0.568233265598333,-0.016970504260323514,1,6,No
1515,6.157516423283841,1,3,-1.6325251363164162,-0.135116007925349,-0.8425590491955116,-1.2582338539842965,-0.6370699550048425,4,8,No
2405,13.930213525914173,1,14,-0.6385868031711459,0.5849639304653893,0.1364026634449818,-0.5497593657574801,-0.7843864858351237,0,3,No
2022,15.029480607758268,15,34,2.172428364524554,-1.2628337297844632,0.3542088059895286,-0.7853096953500125,2.689606059597463,5,2,No
4554,47.387223739811155,18,14,0.10815078796415663,-0.06829605254346013,-1.9670674892776667,0.332814506924558,-1.1013603566408838,0,7,No
1768,76.87086677383341,7,50,-0.7659225773867657,-1.0449909606650125,-0.7783132737845555,-0.558825238466334,-0.16670039379719437,1,6,No
175,9.226339897126843,10,7,-1.6306576222494007,1.4107628543122044,-0.7743519008881833,1.0260719701535328,-0.6213766080475112,0,7,No
1555,8.365251597551193,20,2,0.4505142131307084,0.21891252155566446,1.0323708795521318,-0.9218700543634186,-0.9754729712675083,2,2,No
4216,131.60859519026988,22,25,-0.8986908889497579,1.4258264613130538,-1.3860321757851974,0.02816694024997434,0.7540680991885098,3,7,No
1483,37.13591040920344,5,49,-0.3882322924825359,-0.11121712373266902,0.2092767007791268,-0.5240512271183657,0.505931127647303,3,8,No
4462,31.394262571675803,12,28,0.6933198202659886,-0.47507524025116815,0.08690721189565556,-0.024906621602290034,-0.1481268329796724,4,6,No
218,126.14071978303471,5,19,0.16307020793270105,0.973740293431332,-0.5592364333949937,0.10768631949496932,-0.6477276430783137,5,9,No
3915,3.536277079434331,4,38,0.13577738739547338,-0.43175143065452837,0.24340916908415777,3.4765673550531067,-0.3489689911360931,0,7,No
3721,34.68139152485912,1,33,-1.5884544918435681,1.838324258818206,0.8707795194891192,-2.0010033999191803,-0.06453476245946102,4,6,No
691,45.33490310886218,12,43,0.5760174144844643,0.44201789970827926,0.7359841048655908,-1.8246146370471914,-1.7868476505857773,0,2,No
2578,12.631893080833095,18,2,0.5750709224246391,-0.9335860707017114,-0.5312521641983385,-1.2444118759093221,-0.6022657234915083,1,2,No
2234,161.22960172977264,1,52,0.07860395283669008,0.10205701109779418,0.6475720998400183,-1.3781524372396443,-2.5493767704006305,5,3,No
2239,13.43003334702098,16,9,-0.9928320278055999,0.5820558248452637,1.26792350634002,-0.6600930679640102,-0.727632144277959,2,1,No
1107,8.535091091357897,10,23,0.9248841939194079,-0.8192821061003154,0.024393069862838467,-0.10250671091268397,-1.0024354713204127,2,8,No
1790,91.42465738065331,18,54,1.814754293948813,0.590467204934292,1.2115908787941763,0.9205817582716221,-0.1500735619498677,0,9,No
3189,23.166214361156477,12,56,0.7629758049383263,1.4884180035291825,1.7232088486329806,-0.8917340638495348,-1.3909897527417179,3,1,No
2437,12.390103787756047,5,21,-0.02671652899829002,1.8514838475629,-0.02859144789927242,1.3467706690639987,0.6524748644050148,5,3,No
612,41.899592929238594,14,12,0.6136799793544542,-1.878876052122701,0.7768264386493173,-0.02317344423611007,-0.4870620378310888,0,3,No
3661,33.61209173203343,22,48,0.3965990052496025,0.5646325899934531,-0.26501960457467,0.4627206918824197,-0.7084685958536481,4,6,No
3712,64.59892976574767,23,36,0.8192204299495043,0.4364552710486143,-0.1622111877132452,1.8489766318616163,-0.24525565837136334,0,8,No
577,125.98792890390389,0,56,0.10121536575725322,0.10327436220914413,-1.1181528281069966,0.10078172895023148,-1.1459375683400963,5,9,No
2064,48.409088770802065,5,37,-0.9453806240931127,1.7807283731179098,1.1477734005974183,-0.22779927366315994,0.45935984575446287,3,2,No
4436,77.31386375385998,22,58,-0.10426967492120225,-0.948691202361331,-0.3507123116517638,-0.34295865827872946,0.41227494573519735,5,8,No
1181,8.841981612539971,0,32,-0.34550122266235284,-0.12889290824276448,1.0326063460518784,1.2492544380914892,2.005462505389322,0,6,No
889,2.7136650979415062,14,7,-0.3076647991835818,1.0920570251263066,-0.5670989730027903,0.32685174780732407,0.8205549402713387,2,4,No
3129,16.02028284638522,20,56,1.8892565434644546,-0.3831455060827344,0.32362741265593636,-1.0437572273312183,-1.1563438969091695,1,5,No
1733,26.725679715825144,17,19,-0.15406685822731384,-0.5642774619101438,-0.825364796090765,-0.16342484916519912,-0.9778262538964486,4,7,No
2664,7.934216154314089,5,13,-1.253769883342659,-1.2110296301510723,1.1690449647887804,0.5512052115734114,-0.1424568759379192,5,7,No
818,42.271131769024514,19,21,0.10078359181005818,0.43897888360182563,0.9631409731750529,-0.07335479457677492,-0.3726711627863816,5,2,No
3278,4.015048203260389,7,47,0.4190093112070743,-1.9234906855585665,0.28794132653147847,-0.8687305635806749,-0.33885764009882186,4,1,No
1860,8.191015986516472,9,1,-1.7806539771146803,-2.2507455951814874,-1.5014242324134326,1.7457708556984672,-1.1481548228470906,4,1,No
209,13.761125621826498,13,6,0.1676514647267018,1.2391720620880293,-0.09089614008213873,0.033246516344661574,1.7215769172969146,1,9,No
294,2.5429925557057307,13,30,-0.4056426325128372,-0.45961508607392565,-1.2130355851987074,0.5565591280933229,-0.8200112026395026,5,7,No
1120,12.321834491675048,1,29,1.11300020604651,0.89520582888624,0.07498963191282787,2.4834239000812164,-0.36502040652708934,3,4,No
2214,196.04042867691712,14,20,-0.7512343194730294,-1.2557756424029562,1.595722483590618,-1.5020519232689415,0.14889547810609455,4,9,No
1610,22.560465816072654,13,42,0.3546887244730622,0.5113329740388726,1.0358742547319129,-0.6159827851771732,0.6679356671805321,1,5,No
1265,31.51429216476679,7,38,0.3912241634067323,-0.9963063912759672,-1.6582687630439978,0.3109564521495716,0.5319205511195337,2,8,No
991,79.08756128862278,19,43,1.1515917063236467,2.1541982333569365,1.2809876791726227,1.0855232687864715,0.22611960514560306,1,6,No
4198,6.427657053880282,18,9,1.8020688082671856,-0.855485948976514,-0.3938557026175791,1.508255774867143,1.5522327508664944,0,3,No
1617,610.4794599904125,5,27,-0.5390876941718167,-0.4204464374074576,0.06644080471399794,1.4795596456382638,-0.29995313298298404,4,5,No
354,74.72118776196929,22,53,1.2474263368236806,1.133602358005998,0.0077383344216193865,-2.3367413763573883,-1.1057722952153066,3,6,No
4558,52.58262062876952,20,48,0.2466268014346208,-1.6821247406975852,-0.8604658467770981,0.20714196944506144,-1.3590144344526245,4,9,No
2023,37.71017131299006,22,39,-1.2278674758694206,-0.9860560747762581,0.7462745056817888,-1.3624921977174909,-1.331113844742068,4,3,No
3691,67.92117807521832,1,8,-0.028125561597194093,0.11469797122315951,0.24439185860744117,-1.3475291994369099,0.48844459922340216,1,6,No
2556,22.645517688724922,1,15,1.395154931756322,-1.3713386919423076,1.6563669714191442,0.960160108924635,-0.02165649503739868,3,1,No
3049,80.5584638961094,16,24,0.5054861146253387,1.2926695957872654,2.6730760995005705,0.40751862204241723,-0.6611007401522513,1,4,No
1229,57.947670504944206,20,26,-0.4244402673476728,1.0180986474793647,0.14478788760424122,0.33807172672727276,-1.6359673537043573,2,4,No
260,8.373769919413755,20,10,1.920900822086021,-0.3484860780268965,0.38442943761965875,-1.5655272274684384,1.5201061224168706,5,9,No
1520,4.7849198011147935,20,57,-0.6277653229124105,-0.026643686793205047,-0.49629189788378053,0.6428165751670194,1.0888339444483472,1,2,No
1778,40.88106010692172,4,4,-0.6066963690697782,0.7474569572421684,0.08021603968896353,-0.13683447267787338,-0.8478400707777279,4,5,No
4740,31.57120217507365,15,7,0.8019571735080248,0.18632503430303576,0.36686544664686194,-0.14170386224722925,1.5131752428671448,1,7,No
1771,21.086131490193516,0,27,-0.26183696449230887,-0.9579642225236714,0.2781212197293803,0.4389811954670256,0.6007195192940576,2,9,No
4354,7.655831397870289,16,4,-0.675936414548395,-2.0759771157675355,3.15433394861123,1.1177967442564694,0.9322792268432305,1,6,No
53,7.712513812427551,15,44,-0.323922473928551,0.29171100909410663,1.9947464184091128,-0.5500155783725553,1.814675348928969,2,3,No
3474,57.422344864885424,5,31,0.7169331212360757,0.6882949141323649,0.2759311920785483,-2.2016072522358923,1.1980488610539375,4,3,No
4684,17.789448603495078,21,5,0.041103373634314384,-0.5421050385119961,0.004565378070281253,0.5443993651855247,1.639486121755516,3,3,No
4412,28.929053251719843,11,6,1.056660523347073,0.8197733102918805,1.3435303709772901,-0.05924231922764349,-1.3182911357525373,2,2,No
2410,19.380843450837123,22,48,-0.438016149157182,-1.4913876349798483,-1.5298919895419743,0.25526271056272676,0.5390115494070183,0,1,No
2788,31.298147269076598,18,46,-2.1431840267898767,1.4422032525136863,-0.8376649990436005,0.31362500736416515,0.18100476116719894,1,1,No
2345,74.56980823907692,11,50,-0.774232070040323,0.35337302341920734,-1.4088751352015636,0.7826608771802104,1.049316534862222,0,8,No
1034,53.793955660897424,6,14,0.9200895143318293,-1.9323059563591691,-1.474428128002068,0.5934570713186816,-0.2848738330374696,3,6,No
1098,54.301760889746156,13,3,1.3345249030919577,0.8576614951660694,-0.7300268877930614,0.6000895552626019,1.8674739726346166,4,7,No
544,27.681750643763586,7,37,-0.44259023798936625,0.9595460626447856,-0.20305716706866234,-1.4965072277938996,-1.6794237349892838,5,7,No
1047,19.3431320391927,11,15,-0.22809895734323926,1.340056614746298,-1.8360815355329978,1.2728208037290885,-0.8801879491362172,3,2,No
1895,25.370484376620777,6,29,-0.7588015195223506,0.22655866626637872,0.7813687094923709,-0.9624128490889345,-1.5942578374059322,5,6,No
4377,7.288067147585781,2,4,0.6187184168872344,1.2157695211529504,-0.009141293870519174,2.39534443410562,-1.0225959019372366,1,6,No
31,281.92683893288614,10,9,-1.3359173093914338,0.37975218849869696,0.7402230636056872,-0.5494270197753985,-0.43702730761000175,1,3,No
726,142.76199409965002,17,41,-1.6194237434347885,-1.0505529960715239,-0.7036518358315914,-0.9743269366169109,0.09366084764485418,0,7,No
4962,137.07974657402931,21,0,-0.4851835778999176,-2.0466454695200818,0.79873406105053,-0.030626267893374748,0.19811392506226477,0,2,Yes
4719,44.14063159561102,7,50,-0.2996431684052626,0.0061274077202285405,-1.1968016109975028,0.35162021582984043,1.2133321051796981,3,9,No
3904,26.283472513402593,14,27,-0.21345762813971317,0.29202958098114623,-0.47532224473630746,-1.1621618620252094,2.1972361359016217,5,1,No
1427,75.52223093511628,23,37,-0.09163355195690347,-0.9302433850070968,-0.4676904265729778,1.7485538771297098,-1.3882133365453373,5,8,No
2498,3.6967590715440735,5,4,0.33987256883113187,0.7153174901793481,-0.7995136850986247,-0.5789213825439219,-1.1313476460586354,2,6,No
437,19.4160445248639,8,19,0.9152683866465448,0.21485988889479202,0.13195730132923905,0.5268665856999025,0.30376407551719103,0,9,No
2471,20.883799595400514,0,42,0.6033213805492871,-0.6919692758983038,-0.34107825551218224,-2.6770761806813215,-0.11646765636659494,1,2,No
913,57.71875064937123,15,11,1.1986514731331785,-0.2085989980333654,0.27839846587282113,-0.8795320133153465,-0.029054636225450865,3,1,No
4223,872.2064253517935,21,47,2.018111743598011,-0.6715241851950495,0.5574844794073719,0.39203405027569327,-1.9284888225408328,5,3,No
4353,36.19552675488657,10,18,-1.3316196707659167,0.15510595928459378,-0.8328738365224929,-1.2531208944142564,-1.0916645193750876,0,8,No
4513,118.18354259958896,18,15,-0.13227567242221916,-0.9315841956019763,-0.66885653941027,0.6926163908889328,-1.43606992285352,0,7,No
4444,11.938120790908162,13,54,0.6761937693795765,0.6819558713617342,1.5521373422988027,-1.285616023496463,0.3244623565264023,5,4,No
2288,322.92834243249496,12,11,1.1118560895246137,-0.5541944340199974,-0.0017991270465755513,-1.768692805220901,0.5835980475312131,5,6,No
4598,46.076695988456265,10,3,-0.33959099383399427,-1.6547328120757085,0.5622358084801367,-0.688997976423969,1.1580362723251274,3,1,No
1239,61.4479647269483,10,24,0.9357146457139935,0.9546925060562871,1.5657205638618863,0.19854755545048933,-0.10691462763475694,2,4,No
904,162.11016048829543,15,2,-0.12104764266231073,1.4436993029476561,1.693828127622051,0.7938084898413628,0.33101972480350106,3,4,No
3621,45.98310112203377,13,43,1.4889861572958767,0.07775211380487776,-0.7179858498296258,-0.14503673151583202,-0.3193975562100273,0,5,No
3232,149.88535218968153,13,48,0.6185876138854682,0.944638316369788,-0.1082388660421918,-0.3963211199068042,1.6334606949523043,3,5,No
2860,13.601902514126474,12,32,-0.04978266316281681,1.441337087876839,-0.15991847588461555,-0.08671879308249515,0.6976775056368316,3,1,No
508,51.15622937852276,10,55,-0.5389735082790941,-0.9179238050923317,-0.007316132694947453,-0.44157813534799617,1.5510714046556944,0,5,No
3222,36.06674975925234,7,41,1.531670466388364,-0.4922066283104829,1.3376786610107516,0.686045855225755,0.6003276593155121,1,1,No
184,100.11191498531429,6,6,0.4288032178339101,1.13138676195831,-0.07920404098801156,-0.2026489933002083,0.3734403532155694,1,1,No
1565,12.932956113764789,7,4,0.4654747370529418,0.28071770498746496,1.6586115688783254,-1.6333128662720742,1.241224524059651,2,8,No
2705,40.88914408768286,2,36,0.473799169517463,1.2004966876433938,0.27293282756109766,-0.35316368801169146,-1.059137321644359,5,9,No
322,27.367301983122644,0,57,0.5394385206366479,-0.9371492065131337,0.9182325265334489,-0.3384557462419147,1.062533516309917,4,1,No
3564,27.941848643959844,6,45,-0.2682522122632316,1.82269766633683,0.859235386966303,-0.5146511130489596,-1.6662329521125243,0,6,No
1539,13.062366541183534,13,2,-0.29234167320751325,-1.2310283366062782,1.9385255423403462,-0.7914081659625453,-0.9936327119850145,0,1,No
1838,25.56678628338758,19,18,0.532607283793853,-0.15789901769657472,-1.1010063385093518,-1.0904336546709064,0.6554415164696908,2,1,No
2381,25.186194426560213,4,55,-1.39338621236748,-0.6096190325367516,1.4519363006285246,-2.434473082869535,-0.8163625248873582,2,2,No
1913,57.504245021048945,4,53,0.3417576813576451,-0.9563337029945921,-0.029414454951575738,1.3936742224562821,-1.3122650975014607,1,3,No
1841,18.406046729572065,14,53,-1.9012086250262723,0.6026979998756027,0.24831683955559872,-2.119392943833091,-0.11670926888492182,1,7,No
2116,25.55392028482471,21,57,0.2611661028790306,-0.7060707378823271,0.945877088714622,0.43005514067285533,1.1435274200570102,4,8,No
4438,75.04366118409304,15,2,-0.15575461621944514,0.15436920011455715,1.2245085264879219,-0.4276766927947394,0.8501982731703276,2,4,No
1147,53.14835733106532,20,56,0.41454835697503,-1.606958648554557,-0.10339539517381979,-1.1772665604142774,-0.03686390297702623,2,9,No
2487,36.859191955378,11,55,-0.14672604175213805,-0.37076388592769405,-0.6671333860592241,0.13367771881822318,-0.5285904578303546,4,6,No
45,37.21402882505558,19,39,-0.3111992442315934,1.3509909387784689,0.7130692818515867,-0.9824552586675914,-1.0336356655189114,0,9,No
2155,41.442101443787244,6,21,0.2743801437775672,2.1844558941257537,-0.8693450596806322,-1.1176453826140642,0.36583329266431464,0,7,No
1527,109.78455304371207,16,15,-0.33564026515051754,0.7911406384942357,-0.5631771623208023,0.8344341544476959,1.2359469389340596,5,2,No
4856,268.6773569747699,16,22,-0.7747308907646573,1.5878574590862171,-0.7490027856522103,-2.399621172377168,1.0089636352426563,0,5,Yes
1379,44.31093192159022,10,17,-1.2646922996999788,1.0544358076053275,1.780830548761419,0.32295239904683726,-0.5943572783674849,0,5,No
1766,28.66611093702468,18,29,0.6414510064117495,1.414800586184388,0.37259435149587056,1.3526640946554191,-0.4160826397204141,0,7,No
3013,21.73332979250304,8,17,0.4857225114866528,-0.5936116183594963,-2.052711519188836,-0.2468252384428593,-1.4494730493891554,1,1,No
414,70.06573688487593,2,38,-0.78651511399908,0.8737662540561958,-0.059500528286736874,1.0626473640318037,-0.19504985120443202,0,2,No
4285,21.969590969684194,20,56,0.12834495846543775,0.9403124309903641,-0.42017450476212354,0.05845330448287185,-0.9794373429428846,5,1,No
1408,63.54498888401097,16,3,-0.39574824605886477,1.1000094354874357,0.24455046298816424,0.9585940807773453,0.5160685376747014,2,4,No
1659,70.23146751785205,7,6,0.26475611106891084,-0.5295114324220319,-0.985977260489188,1.2667424915373615,2.169721357835259,5,9,No
802,11.204339657143013,15,4,-2.3310196961881937,-0.559391659643186,-0.17135464587813257,1.7425403033424056,-1.1690628800144518,5,1,No
1289,245.5521652488421,10,25,0.1493582276986776,-0.09561891671659228,1.182240170076993,2.012979079132458,0.45645034041423266,2,9,No
2183,5.142376092082254,11,31,-0.4351410706639482,0.8694098577660546,-2.9530954287447893,-0.8241933387090763,-0.11908383760119232,5,5,No
2589,45.123936105239665,14,26,-0.08968426619184752,-0.07924984322810705,0.13841173339032659,0.479868481340785,-0.0018163614302302647,5,8,No
2616,16.793983304868636,16,57,0.47129454534458826,2.3710465285685087,-0.3362622421041108,-0.14126848696349262,-0.6472316003921244,5,3,No
2319,309.32306428040994,11,27,-0.3375318972369645,-0.1774875383065662,0.7969967803585124,0.26938036450055797,-1.0599081153043324,1,7,No
257,51.15018322315664,20,43,1.0823430544352473,-0.7701280826406874,-0.09480855938998854,-1.2345022797926115,1.5568946000974326,2,2,No
4542,43.4814061170349,6,53,-0.6744332340548242,-0.16574267824610864,-0.17808798918860488,-0.19776489396226968,0.07619952259538343,5,4,No
1730,34.38165826938352,17,18,-0.303902134921351,0.5279817014910116,1.0088508402701262,0.7742354415187955,0.7188075711629788,5,8,No
1152,86.71766160899394,11,40,0.12505619111189117,0.8767065773758641,-0.5633314769813729,0.885377552899125,1.0158094421858677,5,3,No
4145,137.00643804964727,21,53,0.7564700217383904,-0.15546343262097842,-1.0115116958690493,0.4816617558317295,0.6153371413761288,4,1,No
648,5.866911787672486,13,48,0.3701954570502046,-1.1686417535643978,0.7290172528625397,-0.014280612396933458,-1.8279092187172135,1,3,No
2909,9.982992288140284,5,4,-0.4806716102665296,-0.20113135674714627,1.203944919729829,3.202325903747537,-2.4588209778245154,0,7,No
1703,38.14594546599513,14,4,-1.3954566958665493,-0.12098674758908495,0.5097360236772348,-0.08714486150098782,-1.1830062023209929,1,6,No
1882,137.29149276421333,12,13,-0.08507471266522389,0.13751230612798523,0.6020364999525094,-1.7151660028286206,-0.2604069068744816,3,3,No
3769,83.72568308435741,0,28,0.2360638084442118,-0.25355962542200916,-0.4203484640402984,-0.6909449776543308,-0.625720155599829,5,5,No
1316,207.72723309293053,16,16,0.014600233547214906,-0.932724973689029,0.7389894470366405,-0.6116048999444152,-0.65274731108104,4,1,No
2270,20.999922581999655,7,56,0.6499469110237343,-0.7694554668060049,0.5020281277390727,-1.0335577439006578,-0.7972458639802081,5,4,No
1967,42.03019862670074,13,29,-0.7177494755598762,-0.8756622330858662,-0.6558181318663012,-0.36464139579884286,-0.6626171533255922,5,3,No
2466,15.270366420069989,18,45,0.8249910833476561,-0.8764222304605156,-0.20581055758128874,1.1502391179811413,-0.8576320647592103,2,5,No
3856,5.092885152434379,2,9,0.8546068960015675,-1.170025631498784,1.2802179861001273,-0.3531620683824602,0.6079098601199859,1,2,No
1351,25.71613339959457,1,29,2.652291687986943,-1.8492464802903776,-0.2060119453768321,-1.1334043000328504,-0.7400021099732134,1,3,No
3297,51.53298365773453,4,7,-0.737171962937461,-0.5658252500269186,-0.17011612818354802,1.3119442310391418,-1.0016471429923817,1,6,No
113,18.280776519399733,21,46,-1.5374429491266413,-1.1838678626399737,-0.5178000026979704,-0.05593699406042271,1.7690833257701195,4,3,No
3134,17.750212547746145,15,50,-0.07037418432348097,0.7943605856718889,-1.6050073669962046,-1.434174142523057,-0.7348560441436768,0,8,No
264,19.004442757618932,3,50,1.059118660208185,0.2730941056315511,1.172112927476695,-1.9792524766837778,-2.557679737834006,0,9,No
1394,52.57351569315735,15,23,-0.44889546688333115,-1.020406756088811,-1.0638948997728754,1.0866338154663382,0.24751285580509758,0,6,No
1879,137.73464110279505,6,0,-0.3042360687320763,0.17949336040773675,0.6416382875279029,1.6144221509724763,-0.20251253534281774,3,9,No
1187,24.138360460830746,6,40,1.1442462581456216,0.22690101596279635,-0.46290972922859297,-0.13358192997404636,1.2197004570559355,0,3,No
3072,40.762013155935016,19,24,0.7785193267370195,0.5088093660501498,1.0209573546927946,-0.8864073450402452,0.1985366301126829,0,8,No
57,25.149996283523613,14,34,-1.4226006487830172,-1.6188652932801901,-0.8285541534336024,0.2873106025759928,0.6207548206407568,5,3,No
1310,23.3939300187776,21,38,0.004159138781156173,0.46305796042254327,-1.727314537702048,-1.7434436603689656,1.3067897496253924,3,7,No
696,15.143685797539458,21,23,3.064728037894776,-1.3457955975050075,-0.12509872083178206,-1.4237321112037242,-0.3877858759699509,2,1,No
2953,24.666134878856585,11,52,0.1360746265233924,0.41652570475073714,1.27404266170917,1.8391590829377737,0.03741617559507404,2,7,No
1727,12.92896036267346,14,19,-1.4404416962621578,-0.6347131070612035,1.3223236746761615,0.9548448860788854,0.12205062822910663,3,3,No
2092,62.140876312990706,21,44,-0.3946883837708456,-1.7484009322633238,2.0415387843169444,0.2124912169339837,0.12582928383100775,0,6,No
3870,58.14023401697454,3,10,1.3108768219820783,-0.7940676205909327,-1.8557635806144948,1.8475653485417256,0.4881272188723444,2,8,No
320,10.192950734280524,3,12,-1.479132554141762,-1.5638035002056712,-0.3714261276946395,-0.08509497042491564,-0.8753008101623161,3,9,No
4321,16.185933397098154,16,49,-0.056579819027766994,-0.29020620509882683,0.5551669460532002,-0.4480507247390829,-0.753003815789836,1,9,No
683,115.78384047637567,2,58,0.041610348696014196,-0.13374782175867694,-1.4894939023310871,2.82582696895091,-0.4953371690186946,1,5,No
3842,30.328036768660418,6,10,-0.528964058859165,-0.6441215770132318,-0.25401021704565135,-0.963906243010109,-2.1572183797743083,5,4,No
3214,11.879578167950674,7,45,1.8003265120616876,-1.5819364279319013,-2.078843098616905,-0.8867234102646949,0.8121874478983028,1,9,No
2003,51.111515468206754,10,53,0.032037510311895445,-0.05686014709491926,-1.93374655753542,-0.7723291046234922,-0.11184759450465882,1,7,No
4783,25.08478579141687,22,48,0.36924294133983904,-0.045810534948934556,0.8488538207079135,-0.511458574077666,2.453238682488837,2,5,Yes
4151,22.28874930288108,12,5,-0.29258364903458406,0.4212327050194073,-0.24223983533155816,0.6112446806084272,0.4149422486126251,3,3,No
287,43.108371145180044,23,35,-1.0878520374669252,0.4035223474539224,-1.1123319147813555,0.7402843336529155,-0.6629660469697535,2,7,No
1889,6.950385167401762,22,18,-0.09919612008756219,1.1710615226618508,1.6506266279033337,-0.03291885796166941,0.12975161179698358,1,8,No
2338,76.2887549014338,23,47,-0.02592275207982139,0.24450813382834077,-1.2385224069905463,-0.9117867376775254,-0.060861837284073246,3,1,No
2521,26.702455926014895,7,11,-0.04052506712566763,-1.0912303753627135,-2.7968301573124212,2.507583296192893,0.07302422561501296,4,8,No
2278,218.3696258796225,1,25,0.6205708661328546,0.7200731732094269,0.14095237243740402,0.12979091938957085,0.05012253576855028,5,7,No
2128,19.613678813349917,11,26,1.9582814791855765,0.835268079629934,-0.9970912329070127,-1.2390227813082875,-0.2976294200631005,1,8,No
3500,60.02074253349797,4,57,1.3925589635386457,-0.04313721298796677,0.9517987481847486,-0.7682630869859833,-0.8696590344418867,5,6,No
4212,44.72867553388301,19,30,1.0240620048788691,2.4000807583476185,1.0585644502916203,0.7982439105588898,0.9078744068025953,3,9,No
2084,38.80107880517309,2,2,0.7066509835397154,-0.8359729436834187,-0.886835469363095,1.0411560400300823,0.10855715192493393,5,8,No
737,72.07933512163795,7,49,-0.1503174494263918,-0.7237586747755422,-0.8698703225607956,-0.7149733299695444,0.8240664756369391,3,7,No
4802,124.47162752204513,9,31,-0.07302060981629599,-0.5938540613251098,-0.19692451408655942,-0.2787290885833926,2.1041183774024583,3,4,Yes
337,16.926149310921833,7,3,-1.0372509462656228,1.1467446054496968,0.06456797438739051,2.4940228163819067,-0.36509797601075417,5,4,No
2597,114.19227927857611,21,14,0.49834986848772744,1.2184899218032264,-0.40508516779387616,0.4045176882347607,-0.4156738117376999,1,8,No
2772,58.95110441265858,10,25,1.3193225723965953,0.43737614315034784,-0.5541895470618681,-0.9259960723554513,-0.7581103986134754,3,2,No
3705,55.83272761404367,9,37,1.9006180029688753,0.44739369550005736,-0.31399431340248285,0.13793340736099136,-0.10051845689141516,5,6,No
4405,30.498403006725045,19,55,-0.3712092125640576,0.11720279088520369,-0.13218624816475696,1.3948862787334337,0.8102163756896525,1,6,No
1072,10.86322288367673,3,56,-1.2815805089154055,-0.7516253766464014,0.1579079115198747,0.22594269408905215,-1.2716965542996927,3,6,No
2291,51.76227050666235,3,39,0.6350449654318838,-0.7052072853082931,0.8142384003799,1.037305600003608,1.084506292594542,1,2,No
1673,37.90653224051697,12,21,-1.923367276473013,-0.16166765578694714,0.2645772446304975,-0.4510849038292606,1.5355311485939678,0,9,No
4084,22.85996086585029,21,6,3.145128115262409,-1.6707397996306834,2.1474451670879215,0.9912221880494576,-1.1222418326765982,2,6,No
4251,25.33759276517636,14,59,-0.7816145952474789,0.13544340581940512,-0.990708176361029,-0.10220927449396547,0.7200946458000866,4,2,No
4114,57.23252212549239,20,47,-1.2085240770798997,0.8771742708931943,0.4813943874533876,0.7601465008328266,1.0338910106512036,2,5,No
4409,31.3283670847189,4,16,0.8956446182132107,-2.3238395267844325,-0.1258694030759923,-0.17469193912868208,-0.06427831707046908,1,7,No
3367,34.12419073610185,17,41,-1.65239413763393,0.14164003806090744,0.6639689393531096,1.4828339925095613,0.6806060876196242,0,7,No
1489,45.9874242310871,15,25,-1.3878873051156215,1.9187899306080671,-0.7913744025654164,-1.9944251417501968,-0.3511257378250668,0,5,No
499,4.523056602896254,22,59,-0.5664418879967954,-1.1161079926843374,0.38581846787197815,-0.5333878552769735,0.14609578573239815,1,6,No
4383,53.240336974924666,20,7,0.19807469635718636,-0.1490918790122348,0.24642215453267752,-0.18299792220435596,1.1439827552857997,3,4,No
3480,33.73022148869668,8,44,0.2618702884906011,1.0215661959764897,-0.1224311368557277,0.0009888933750404464,0.49907591745713104,3,3,No
2582,87.18207994289985,11,58,0.30398295055210667,0.8051235214103482,0.5453453919583249,0.5051894729183323,-1.8662826499564005,5,6,No
3124,57.17471932767637,17,58,1.1060104389334366,1.5816587038801533,0.16203184887398447,-0.9699910923437538,-0.8811871596044757,5,8,No
2922,41.44177373069735,3,20,0.2369340007917713,-1.1438662573569283,0.5478332446417096,-0.45372978326480484,-1.1960264038786907,0,9,No
4378,29.010398266785725,20,30,-0.3498076689059971,0.2834821745661336,-0.7428552490976797,0.5675105511517674,0.5436090217321041,0,9,No
2645,140.76033551279943,16,50,0.387973525707626,1.086962703498417,-0.21830166885451202,0.05981178619117832,0.5714117166842468,0,4,No
4287,16.213900142082604,19,40,-0.6514204188993276,-0.33629481442716663,-1.553499861108687,-0.7169201450558668,0.0030982282731083525,3,3,No
4041,36.31304733934015,17,4,-0.9151720542521978,-0.8913597136895522,0.5146239775977388,-0.038402715636916496,-0.893220156790138,3,9,No
2035,37.10486724092395,22,51,1.2508093217785257,0.9939400434555947,0.5244517448747253,-3.3770974934763096,-0.25941169847577666,4,9,No
1023,49.89039290803437,12,45,-1.311295235043519,0.1684987947656227,0.03154467860443138,0.5550842495960578,-1.1868864746607124,1,4,No
2283,99.97703293479768,4,4,-0.3973291887424982,0.6562531748955085,-0.8659361582742,-0.22541606691735783,-0.10667560405200974,2,8,No
4887,86.48478715820711,11,5,2.188263327461322,-1.0542884576345717,1.5417893242777616,-0.7529679951145959,-1.328532674622411,1,1,Yes
4220,22.500875909721028,5,44,-0.2768362907667664,0.4379402343101718,-0.8657046299337433,0.9183078511044562,0.7295902351469703,2,8,No
3064,39.271858199427804,5,21,-0.6275161006155908,0.0360080440000675,-0.6364264465800669,0.49068167276395847,-0.05648543811091493,1,7,No
4366,87.24676926569518,23,39,0.7701602246820013,2.7777749453404548,0.30308995483622003,-1.032110806153423,-0.6790998026295231,1,1,No
666,6.0155500040097145,12,57,1.281290356169706,1.9454724558645653,0.619853980326533,0.22881059193862816,-1.3849831213257466,3,5,No
3933,47.05464923814642,17,3,-1.0120645343059802,-0.2542245727674272,-0.7681613181415141,-0.7024287686632099,0.1354634142281664,1,2,No
2639,64.3471279957608,1,36,1.3503180635875418,0.9393677687987464,-0.32446212910082745,-0.07844189436572595,1.3921770411365206,1,5,No
3177,78.49912812551577,18,15,0.32591220443373164,0.14133882491400304,1.1785891533359611,-1.4973522142023494,-0.7992509723702166,1,2,No
4266,20.54048274017073,8,20,0.470350036713133,-0.2107071167128448,0.9680745251161214,-0.809633167766715,-0.690805049922266,4,3,No
3122,39.86558046375225,5,27,-0.5854659534173516,-0.999304539983591,1.0729187803816422,0.7735405928586261,-0.06104329600330352,4,5,No
1018,25.182504674352504,9,12,-0.5552100970015839,-0.5716750652851643,2.143941938236131,-0.6850207686394431,-2.154965220500105,1,1,No
558,11.79572678974589,10,41,-0.5209015616632341,-0.5129411149897811,1.4463148979339198,1.4625173326199776,-1.8769159761207344,5,2,No
2400,59.662475889382485,0,11,-0.39686709472701687,1.3314749495046554,0.2818638384599395,-1.9825203096943333,-1.0194242984175317,5,6,No
1208,13.742460842016591,12,23,0.5169167907640803,-0.3642632627726218,-0.334399403847255,0.03672502826448412,-1.0657985840373894,0,1,No
2006,101.7662233202348,16,18,0.5166530828139859,0.3389153580775631,0.08563770765617514,-2.1512070041123073,0.7778926289381731,4,4,No
2657,43.30043932172822,5,38,1.2835910144651879,-0.6605185081816152,1.8148375202904201,0.02719735427631316,-0.1155295471981899,4,9,No
2136,23.30051037543139,13,22,-1.0758514886645454,0.6490851030934534,-0.246079735826514,1.9610948855197334,-0.256178656840482,1,2,No
1511,35.442553311219754,8,13,-2.007228137790559,1.482069037796416,-0.5445868205930625,-0.5349629549374902,-0.35492797258591785,2,9,No
1737,8.428895155975344,23,33,2.3807095273537615,0.595390294724766,1.6409242010534517,-0.34772223493197585,-2.356831103756661,3,9,No
246,9.139241715452215,16,2,-0.32515940300375434,0.949679902816359,-0.7853075926357327,1.735022999773876,-1.3250596328253537,0,4,No
1164,7.335124260588299,21,12,-1.6377500331815378,-0.7955081772094081,0.8133726894733257,-1.6098511833319389,0.5970490565620198,1,6,No
3363,41.07944888433349,0,48,-0.7946445606944802,-0.18597160813029445,-0.4969115415060088,-0.48719226644026625,0.49316588560677127,4,3,No
267,38.68412571599935,12,22,-0.32774241666676374,0.6323153404675466,-0.29917347918958953,-2.661965337157328,-3.0628681231743076,4,4,No
2367,101.43286610849364,19,19,0.9637988025594604,-0.92497409323813,-0.8081068632553141,0.5344396526836521,0.9798397814479904,3,6,No
1115,36.6726518927045,8,4,-0.33165226659745056,-0.9057959365609791,-0.12052669445771902,0.10782914744085476,-0.3513830591154286,2,3,No
64,59.51463991983176,13,52,0.32319759685870747,0.4837013936085136,-0.0057675461827832435,-1.3298910224405813,0.7277861503101892,0,2,No
2593,52.97525528982085,23,17,0.4826009029320935,0.02666455455627987,-1.0027436891760515,0.5086177899281171,-0.19753513915045626,2,1,No
2789,18.602602886679342,7,21,-1.9386932638347938,-1.0023789065963726,0.8262384372443394,-1.4466218625641745,-0.8802809700080043,1,3,No
2758,46.13360739466853,19,11,1.2548781099293775,-0.8075088474292291,-0.018415131539620374,0.5368776568350904,0.6942312300572769,5,1,No
3012,23.26049221197222,23,46,-0.47324312114852984,-0.5436558959347381,0.1795932340777843,-1.2465543012242044,0.38073940214626,0,7,No
3077,32.82092049726877,0,15,-0.349398118883248,0.5624910743599889,-0.14122684089428747,0.54823020165745,0.622453613832846,4,7,No
2999,75.14710350570236,23,32,-0.022196166913670337,-0.30949624386233104,-0.3123025006102262,0.9307123465545034,0.40294958327295505,3,6,No
2816,19.389747235834665,2,31,0.0944926997905119,-1.0651906536963711,-0.7195420015508934,-1.0745693863829666,0.13082252989655052,2,4,No
2260,57.45053868812517,23,48,-0.8157724406166661,0.06981358150805178,-0.5156941370086527,-0.03131500614289812,-0.11759794171030778,5,5,No
4959,134.31987659950713,11,59,1.7472819132557555,0.13368209592348512,1.0546555535365039,-0.34407795374133976,-0.023018231477829554,0,1,Yes
3205,50.854336094833045,23,22,0.044678232205685064,0.7417667352334982,0.06701899033333758,2.0939176955545595,0.4562172641207515,2,2,No
1238,58.58841824261877,4,42,1.6636636969545726,-0.7622656752638802,1.1007951763012123,0.549680819551018,0.9745366094600776,3,7,No
104,69.23562681224533,10,2,1.0363742425589795,0.472451014355301,0.1523003725473193,0.7972725611692801,0.0167507090717422,2,6,No
2644,12.719843916488198,14,48,0.01371721688493822,0.49167443030684665,-1.7299036016391465,-1.695437763689586,0.15462784410866132,0,9,No
273,30.045515089904896,20,0,-0.12596043254699904,-1.0305155023876045,-0.03634612366690454,0.9940731700058961,-1.0511759472670905,3,9,No
509,18.923938614080328,14,22,2.4754181395979424,-0.19476022673068688,0.5561568651990907,0.646309433386353,0.7314016437182146,0,8,No
2227,38.51013782675406,15,6,1.7958348093792744,1.1399852627282254,-1.198926353941103,-0.7890184755006823,0.4212487640448262,1,1,No
4934,123.56244391606626,16,47,0.19043833026909773,0.18005943593332863,0.8123646582173824,-2.49941810952987,1.622898237416039,2,1,Yes
2442,58.62575272196219,19,35,0.5413209613564595,-0.18259268555799602,1.1577890988306425,-0.0392716184597749,0.2672200981968966,3,6,No
866,76.02269070762169,9,11,0.31353958160566875,0.4181120962930776,0.9795176008871962,-0.8576223481606312,-0.5774786862287933,5,4,No
3327,59.45665331607523,17,30,-0.810518219355687,0.18997020227305722,-1.5037941718491359,-0.7737385624780454,-1.1997747119838766,1,6,No
909,35.51373705738369,16,20,0.9475895674145403,0.4561926374143078,0.5011912229081226,-0.6336022487850572,0.17628775889980952,5,3,No
2115,54.02159850645445,10,30,0.23166997253042865,0.31557219784948487,1.1186152928631783,0.47651466322717995,-0.1778765946763719,3,7,No
3897,8.43067764524339,19,13,-1.6101567975864288,-0.5160238540945036,1.0836530276410437,1.1512407029592042,1.2807435208511746,1,3,No
1628,162.46332726250733,19,47,0.8165501281952182,-0.037296452956514285,0.9896960479049417,-1.5083720856454044,-0.30506405795494373,5,4,No
2874,4.977631373368533,21,15,0.9769329535545207,-1.5440176285183866,-0.4751545729944498,-0.29637993643437244,0.1665637879886019,5,2,No
1523,26.203014534501662,4,25,-0.16800441804892752,0.815214056987588,-0.4434963521062697,-0.4056860618836856,1.8733826408134555,3,6,No
836,13.540076994594065,3,12,0.02665150200081768,-0.5555671964265207,-0.5178459011425355,-0.563227076945396,-0.4738031774076939,0,3,No
359,13.966404053911175,10,37,0.11791266966603123,-3.0163812465202113,-0.3922536181361517,0.3382722238272125,0.4652898753983397,2,5,No
139,243.8933139316563,6,50,-0.40925030661018263,-1.4026906774030896,1.5949368233406982,-0.06734265280915312,1.9076359704420263,5,6,No
300,45.970297605961214,7,51,-2.278689003445357,0.5893505016383412,-0.3338848259935533,-0.9123181245536214,0.3365442242759801,5,7,No
1557,15.980824180202575,3,15,-1.765414638410031,-0.8947268556281281,-0.9564673328037719,-0.3165277851406263,0.41951428844670424,3,7,No
1004,62.42153810337306,10,54,1.094452751305546,0.05641486202585029,-0.8168032658303619,-0.14429170310403433,0.7537808187349968,3,5,No
383,6.670804443926924,6,43,-3.0017278418893385,-1.5293860658082796,-0.019704855845401752,-0.06589803780888462,0.6332004347093099,2,6,No
942,80.3501500444791,12,57,1.8249849162168217,1.0094850534809183,1.3193086485871355,1.216615458798611,0.5569161527640661,1,6,No
4447,50.615008220103114,15,0,-0.23963855216129976,-0.37289009344832696,-1.7114652695867176,-1.8172882574197327,0.8036317114609134,4,6,No
4855,50.91317147487372,2,41,-0.2829933452295419,2.082301468758322,3.879173305966406,-1.0343321922057789,-0.9650013386035845,0,1,Yes
762,62.51278794050557,16,30,1.2835986301081355,0.4942201192784956,-0.3092307239504844,-0.3903572032092572,0.5616087507496011,5,4,No
1706,222.05108372567602,1,29,1.3373413712329436,1.5875715067580416,0.8844363055512506,-0.9215836236702943,-1.659341600135192,1,2,No
1874,10.030540805115267,11,18,-0.545453156528892,-0.20886676587261033,0.2912159213168894,0.09701776762285522,0.6043079879670906,0,5,No
2551,6.177351207411361,2,25,0.9085849510519427,-0.6507759057903191,-1.1012032378261611,-0.2839364940306632,-0.7723077775323667,5,4,No
2087,30.105690678929715,12,38,-0.44371820552892227,-0.055886052896756015,0.4407416036627621,-1.2575119586549002,-0.7693819076064597,4,8,No
2198,33.584749596368304,9,19,0.3906823750224901,-0.3654318573986666,-1.7540702517567133,0.45712859041199905,-2.4484283162896685,2,9,No
899,53.456890205158615,19,36,0.14474704716741205,-0.30012398679624325,-1.3752815465686778,0.06253341283377067,-0.2949501950727061,4,3,No
4000,9.456428148920365,9,14,-0.2062188683916423,1.7783688301033314,0.5379817245076602,0.22701307148516015,0.3557108625041354,1,5,No
3616,78.39487020863623,1,28,-1.7252185950132546,1.1371769173210577,-0.018374313344588094,-0.4378788471572448,-2.018210076089549,5,8,No
1403,27.002527829899922,5,23,-2.159248413413239,0.3262908245538229,-1.0833539581026397,0.40825382854699094,-1.1615651332376917,5,3,No
3874,9.856097311011212,21,29,0.13550487176253406,-0.22781183638968291,0.9862482232621212,0.5184225573940461,-1.5340098375148419,0,5,No
3786,9.819239069450495,10,47,0.39570359864166116,-0.32666937755649134,0.619064126750466,-0.8756884517596438,0.8718422024518231,5,2,No
4387,24.944586539540193,13,9,-2.1170498067464747,0.3146768852883976,-0.4255398468447668,-0.040160147635817385,0.22576471250607377,3,5,No
2956,11.963763685979542,1,31,0.6676063425376766,0.13992522099692056,-0.7013411209443716,0.9613559491672948,0.837631310491192,3,8,No
1513,81.0936973307685,12,40,0.9964393121627113,0.42761023284313576,0.938892608723679,0.8710605841147306,2.6765079066841464,5,4,No
1189,61.12771600787761,23,51,0.5294491562496214,-1.1319244506457213,-0.5290767014634118,-0.546460614528624,0.15987672130233085,4,5,No
2990,132.12128958606823,22,20,1.2939993393891067,-1.9203374682892587,0.3899250939353232,-0.1038072677758833,-0.20418974483697613,1,1,No
2081,49.76260974678803,11,35,-0.2593805613484587,1.7070827619264102,-1.3650288863899045,0.9312134911910329,-0.0682381088639992,5,9,No
4984,593.2532026292314,16,40,1.1297149587143454,-1.1710856070591449,0.631014494551235,-0.9721721089557405,0.7913402010877097,1,4,Yes
3438,36.60444342135806,13,6,0.04627943863364253,1.1320701325616331,0.35791665085309543,-0.011929769942344924,-0.9965621549543237,1,8,No
109,76.73117944644468,23,5,1.148495298580351,-0.8723851082937929,0.23857611005047125,-0.8478315477218382,-0.18824703835356665,4,7,No
4699,97.42898750168742,19,17,-0.9884658546681356,0.009509267848892453,-0.8513464605518729,-1.6351332892186174,1.0642660290205803,2,2,No
2828,226.8969698221894,3,31,-0.6512032324535616,-0.5956558996330859,1.859871068064664,2.6963797625551447,1.1497725901185043,3,4,No
4748,9.676883068702303,23,4,-0.5948709365698784,-0.19084238790318753,-0.8716895316885217,0.13964884393034407,-2.4112353803124407,2,9,No
59,13.931728771719593,9,50,0.004956697009070176,0.23627077058901358,1.1557510374984181,-1.5852546226077653,0.03075254853490416,0,9,No
77,21.601167273363124,6,31,-0.03745308498329951,-0.719085478888462,0.6101305037971094,-0.04345063450892596,0.16644884394822793,2,6,No
797,89.63101287228547,9,44,-0.40717668042659255,1.7246011064932987,-2.1241586675188358,0.134795604145148,1.4293926401013202,4,7,No
369,40.54069124562268,0,26,0.13393474375865663,0.6702214569915914,0.7531123008777751,0.16271873503280307,-0.22039449349611565,4,6,No
4906,277.7401677135715,10,33,0.5610321247211307,-0.6719424822194573,0.3557513834674201,-2.71584023049709,1.1368945744832926,0,2,Yes
786,42.46954835416314,18,24,-0.24101324378546057,-0.5124002186018363,0.9249832473220889,0.24988022632679388,1.0357008818896303,4,5,No
2089,17.64858333170837,0,20,-0.7957262027088433,0.2320426047432404,-0.7788072407790315,-0.1973395335773042,0.14383739415156346,4,4,No
2315,54.38675816184291,9,21,-2.112490040137815,-1.0391208310755444,0.3068882206930588,-0.6756469985509331,-0.31527987833788707,5,1,No
3385,30.769419962524864,2,58,-0.6510677962739593,1.548267096227133,1.0745977654132517,-1.2708947948745322,-0.17389473521889334,0,3,No
3606,74.15075249404907,4,5,0.43854783400172864,0.03001898816790852,0.8652032993368507,1.2714282587409156,0.5229265678434162,4,9,No
4112,57.88829363152783,18,26,0.5754437187770781,-1.0458771277499732,-0.5339013102523176,0.9561500807241777,0.48917411431567326,0,2,No
1903,60.51776411992098,3,34,2.0052678813877582,-0.5378612066696534,-0.4798108853584959,-1.0307649278017306,0.009321803567251047,5,3,No
1704,3.2369406021828295,10,6,0.24803820190132506,1.166801052791138,0.9286690993604492,0.5968468261195791,-0.3213373551470679,1,4,No
122,39.61768600941229,3,32,1.4390750834862203,0.7327109427693562,0.9621645431462449,1.4461041099431382,0.5697078815226975,2,4,No
1845,8.932561985683224,17,11,-0.6563073527953184,-1.094559235058568,-0.5223336742273718,-0.5913027716817708,-2.0512894560470265,1,5,No
2370,72.88682410531736,20,20,-0.6700624996857939,-0.4138585496704325,-0.9994263975842171,-0.7071449963877648,0.6436360006037405,5,1,No
3729,43.90762041741147,17,16,-1.2217785933831198,0.7221372659725718,-1.252352847885232,0.7210160659805871,-0.43898303698163843,3,1,No
911,15.615189902219251,18,25,1.769422906014603,0.20217249698807344,0.7021418523041564,-0.33760375067647724,-0.5106215889393767,5,4,No
125,76.33345020192773,14,34,0.4826354994557758,-0.6075290409554163,-1.6490663313591984,-0.2874711320558362,1.3247369656272514,2,8,No
2573,144.51930271614017,22,2,-0.21073317578293682,-0.9446745099315496,1.72882078096639,-1.2226112792475317,0.16946665976348838,5,7,No
1587,3.176108456523035,3,28,-0.20359401254422652,0.0562763140152175,-0.47976687969372556,0.9566179767534554,0.2915285477217645,3,6,No
1258,31.86351861115846,1,41,1.7401437708414367,-0.6212740137725519,0.6714832883630556,0.19002493268160509,-0.12052894007772563,3,4,No
3442,34.69214075934728,9,57,-0.5059469763754163,0.16670368274229586,0.13545725098508216,-0.6896366275086989,0.5689479384174226,0,9,No
3481,20.10688814294973,4,17,-1.4897854233163332,-0.597917174637081,0.8361872566323788,1.2606741426952055,-0.7731569015573314,1,7,No
4109,143.84894337629365,17,33,1.2398817684438883,1.8367991795933583,-0.43761981069553063,-1.1351205140823268,1.358557520061708,5,4,No
1179,47.76100911735309,10,16,0.9019812951759152,-1.2711467743565588,1.1713036321164139,-0.008952339772220732,-0.04801235175172841,3,2,No
3464,8.321446255471075,18,15,-1.4783611084744996,0.3376397868166987,0.22418181965839756,-0.23122115741675406,-0.10456557749798145,3,4,No
3470,84.47033579216715,22,14,1.429956522045134,-0.4510911190156343,0.355511085948428,1.2710089185473643,-0.13155940201285796,5,7,No
3468,4.972957834715152,21,4,1.1066065376736536,0.858532654342998,-1.2059744561305938,-0.039652109962020246,1.4967742890147124,3,4,No
2104,71.65581378040949,18,58,0.2646190067284926,0.5471149352947167,1.2763835590745916,0.07527184311995858,1.3673188377502348,2,5,No
443,47.556660554219654,22,39,-1.085278059661935,0.6340623560790319,1.3788866996062104,1.6310455439079523,0.708524054109816,5,5,No
2228,59.103016949317144,11,56,-0.35939634701610634,1.5248117581200582,0.008306992701303577,2.4205551310087463,0.60267529711283,4,1,No
4417,113.97720619711889,9,51,-0.7883024305697173,0.3050437343451042,-0.5894618684646402,-0.36053528216138137,-1.5155741888293852,3,4,No
926,217.4947865168647,23,43,-0.5138901289409595,0.6951424275179644,-1.8395954925862088,0.33497609022887453,-0.4121066726936051,4,2,No
4021,40.26090568816221,21,39,0.6487237071652568,-0.2351164263125392,1.165966210968567,-0.38541618814593326,1.0264819577047986,0,6,No
2146,16.539248243591107,9,51,2.822111783859559,-0.9916245447619685,0.881229551720133,0.33278488807662393,-0.06253744217872143,1,5,No
4771,83.93192926705406,17,27,1.4169353230534005,0.22935753086563992,-0.1692684621473879,-0.8450118942895326,-0.40150402466729207,1,6,Yes
1412,307.88669484439635,11,6,0.8060798912806176,0.4835993152605212,-0.40019321169725186,-0.06331025284445918,-1.1902210941542422,5,1,No
3467,129.34176524200763,17,50,0.7310453731591017,1.0586846764470546,-0.0802160999371592,-0.06612513846366957,2.011757867258598,4,9,No
2073,4.582528580688642,7,12,-0.3553453276653664,1.492494464014205,-0.10957720028334725,-1.4678268356512514,-0.24512443614896287,2,3,No
1510,37.80141388921778,20,58,0.14791933990914743,1.4689938162322835,1.957697342347237,0.7704103507492184,-0.1748405039583434,0,9,No
1228,18.603555302823466,3,54,0.9711248384525527,-0.08561643891447089,2.6263900853423796,-0.5174179565194872,1.0025107220447482,0,5,No
4073,28.210861325469367,22,54,0.1273826667362414,1.0135887655432392,-1.8656803034781193,-0.6031302239397506,-0.5182870036312062,5,4,No
2586,89.5100104942847,0,52,-0.8336129713379762,-0.6164915006077158,0.6799929216352303,-0.8858025723216734,0.002688761079135327,4,4,No
4451,15.35371086591083,11,41,0.1010516043613916,0.507962283902583,-1.4276315688509178,-0.563841847050409,-1.690836367956179,0,6,No
2952,70.44708724362862,9,16,1.3900627257574272,-0.928675464463819,-0.15753923471929213,2.405191179927027,1.9429304211713976,3,3,No
3886,35.027845827546265,10,37,-0.6130917495197014,2.3168732217700887,0.25761326004933066,1.0543739597357351,-1.4182425616931185,3,9,No
325,204.5159888775411,12,9,0.9064581208123634,-0.5013201927182781,-0.968952955674198,-0.4741866158547388,-0.9658123191841855,3,2,No
3978,25.69155757418185,12,7,-1.1885341731008119,-0.7427498001575039,-0.5650979860562547,0.3837523845411151,-0.15672692422573775,2,9,No
3577,46.50881045114365,20,5,0.04048148417039614,0.9285899229642176,-0.3021451034372762,1.5945520305423257,0.4709681787827312,5,5,No
2212,88.19809297284947,2,30,0.4611806655547585,-1.006421538301779,0.31700876164470465,-1.5786830961518248,1.105571343141608,2,8,No
3299,21.298096182855378,0,18,-0.6624893260377074,1.6607573113664507,0.3396060683477311,-1.0048589731708821,1.6207805462828389,3,7,No
3036,53.8831895537145,11,20,0.037029357690153225,-0.07486116385663526,-0.18209288174713076,2.2789979443108566,-0.5424462679222075,0,1,No
1499,67.4898369602668,17,0,-1.4218611776748866,0.6207157307197384,-0.7853960359401979,-1.1359619241090577,0.19434346448170625,4,9,No
1503,124.60475015672057,23,5,0.3457919212581986,1.5908507211018605,0.32532359230211194,-0.29749104819918826,0.7181756226947392,0,7,No
1007,64.72058050553386,8,56,-0.4218176060668454,0.28265879022990076,-0.1289082760674993,0.8374768129058131,-0.9334225378006665,4,9,No
4180,15.094387284855504,20,16,-0.8963940276830782,0.4029393409613626,0.8638641631478498,0.39734804343584346,-0.3541734110693161,3,1,No
3014,37.28772446706781,2,54,-0.5879948798798813,-1.2955622805094575,1.1867891790322294,-0.4536822949281935,2.353350863781843,1,5,No
3517,51.751893520550844,12,29,1.2504701878099427,-2.0072356829529028,0.8137295983205773,-1.9819329236065346,-0.02722785148012611,5,2,No
1468,8.497241944382226,17,49,1.3626477430072432,-0.2362524647697995,-1.3065758665745653,-0.04063158995848167,0.014807018230262495,4,9,No
1226,55.9216136657392,1,43,-2.1135577062037103,0.8541377839773792,1.5585277495351475,-0.16422380393503327,1.2994929467204897,2,8,No
3168,17.820634313179156,2,9,0.823317951775014,2.14975734774323,0.6657266223531276,-1.2090817009760504,2.0397835383250227,1,6,No
2268,26.728356885091397,3,24,1.434877610609374,1.2887835128175609,0.7149877663288735,-2.3441575840917515,-0.6358327269963114,5,4,No
3809,29.9981851261651,1,13,-0.20263846935834745,0.2813494378557904,-0.34991874381135796,-0.25861163529318837,0.3402164210887915,4,6,No
1217,5.416128817894487,7,9,-1.480419170138724,-0.1883177435865066,-0.5467758337539146,0.5775773184176594,0.09130022265857075,1,8,No
3977,45.27307927174682,19,29,-0.6559481525597863,0.2637707455991821,-0.0038442529863135454,0.9396509181676689,0.07906441878402612,1,3,No
4585,24.650157572932905,19,40,0.8081019661735034,-1.1014194661738395,0.7993282067303403,-0.22349733496054844,-1.7632252815297518,3,9,No
421,36.31121542525743,8,36,-0.672325600147821,0.11783607551763121,0.5834681266318139,2.269612569285197,-0.020017030030925434,4,9,No
3423,95.99654356104251,17,9,0.2905194599334413,0.13113809134143364,0.3389582672210746,-0.9745966366664115,0.2901077037682979,2,8,No
7,37.6314600182089,20,24,0.37607353169579993,-1.8082375550040173,-2.1270975436158617,1.372387434143576,0.9038001294014344,3,7,No
933,106.19823993430278,3,9,0.2806148769517333,0.12258856559924342,2.7664660844189584,0.9111258440443519,-1.0817219847067305,5,6,No
1692,6.872113837791713,11,59,0.06295293521602019,1.2287080639742345,-0.550274831024222,0.9639224425456392,-2.4449633250399656,4,8,No
440,50.79969957530077,6,21,1.1008579733812893,1.0029969004507249,0.37431822737010023,0.8821976399431775,0.2151042344214637,0,1,No
1314,49.598174109043065,20,56,0.571970019247058,0.3107132017429109,-0.20330852850732195,0.44951714565208367,-0.36494046373297717,0,8,No
679,48.798674044076414,2,17,0.26126438752919223,0.35595468025181004,-0.2068710730943909,-0.7015885075549914,-0.3350711199625306,4,3,No
1944,3.7420507546240978,9,47,0.14138057222559625,-0.13933448517973934,0.7800739502478649,-0.3604600901469326,0.22709049337885945,0,8,No
4611,36.51025795078887,11,13,-0.37492975342302265,1.039463117655455,-0.6613430524268527,-0.8073484326159717,-0.5465928659843894,4,5,No
3304,87.88155569184369,10,31,0.10849011109484802,-0.5771631758144851,2.5329908532608028,-0.4822764307618817,-0.043351350721190444,5,4,No
2269,5.226087911367434,4,30,1.6882648344406712,-1.080541633557196,2.2422020885964304,-0.3823279632742421,-0.766901313473445,4,3,No
4634,10.198189783141444,12,52,-0.24343710456419648,-2.131291678632996,1.2717571934846976,0.6755192083461314,-2.370009570230428,5,5,No
4081,100.25102990332266,5,12,-0.18295745020822007,-0.17223959547805534,0.37298340396300117,-1.5599949840012008,0.9199342952920321,4,3,No
2519,57.69901338259707,16,7,0.35764141350861095,0.7448263348685243,-0.7669697193401658,1.2589056893158195,-0.14179355708717323,3,1,No
2440,29.086198892376206,6,9,0.6249363905316047,-1.0090873103296993,0.14684845840864394,1.552067321407369,-0.22462349734481402,3,5,No
4038,32.537786345045404,21,0,0.8060120260493259,1.0271940632308327,-0.06979538927315415,-0.35814811559361204,-0.9762836793714943,3,8,No
1894,3.8342619203232116,3,18,0.5478735694650663,-0.8782130721518852,0.7219638704134186,-0.11563907346182578,-0.3251231503923271,4,6,No
4245,41.35247367563596,12,22,-0.8645931389981188,-0.06390313605294856,-1.409392490026804,-0.4886555691111665,-1.107229260647537,5,6,No
4830,7.588769386646633,15,21,-0.17140682363623516,1.9979453946968788,1.0133083569561383,-0.623749807262588,0.6913293408922546,1,5,Yes
2641,59.658709726299406,14,3,-0.6357067255381511,-1.5245809383957594,0.12239869172149931,-0.5130814209685131,-1.1991081252397104,4,7,No
195,10.94578354756012,21,56,-0.8044978195424114,-0.9853780040698807,1.1883499206053487,0.3546211607750226,-0.23492942824827223,4,2,No
1475,27.364308086626306,22,36,-0.003719665087893742,-1.15219444687591,1.153806130248567,1.2630245767810238,0.2324430940059693,1,9,No
4617,1.989041782610298,18,57,-0.31095695364425274,-0.4280817013801334,-0.022637334543495907,1.2922507162902683,0.15831634411456713,5,2,No
1212,20.306124334060183,21,42,-0.48818806203637516,-0.0028058524917748207,-1.3120358772309886,1.2434010550415135,0.8747430433514232,4,6,No
2439,89.61648865006575,2,47,1.164963167409901,0.5405013115277916,-0.08604906673669008,-0.08118735053940336,-0.35065448223628093,4,4,No
1658,5.698393495978322,11,26,-0.28888734210231437,-0.05531856603524731,-0.806631113127184,0.27659260180744516,0.19738844631147082,3,1,No
2701,78.03912890690644,6,9,-0.4696373643153294,-0.6083641757329005,0.27650006823869727,2.2262279829742355,1.3317651703373652,2,6,No
3083,41.656622703445535,8,49,0.342705746112182,-0.4215534637480234,1.7028611922056234,1.1368784629352133,-0.3862930759141056,2,6,No
2706,27.765297263245053,14,7,0.2724670758911905,0.31539839299486344,-0.21756757984707753,-0.0923663609253804,-1.2511695180590927,5,2,No
4227,49.265993350286884,4,12,0.20780819833574302,-1.670773831511292,0.22748426837194383,1.3395568507042883,0.6670602949202648,3,3,No
2843,59.168894014755395,16,39,-0.4133145546843729,-0.06395233187832489,-0.11376481829694274,-0.407880213235845,0.3829553434621597,2,5,No
2303,2.090335322147403,1,15,0.39043344921914314,-0.6405653606589702,-0.17769501994666997,-1.4750269514389793,-1.7415229570683606,3,4,No
1131,13.541955053595219,16,12,0.7214123735592936,-0.44294548030984626,-0.6412670439998478,-0.04975414759483271,-0.7601014410792472,3,3,No
1462,16.04486640860985,2,7,-0.10418755340144568,-0.635280249865139,0.7357495297606192,0.36284824662322557,0.1418231751196062,2,3,No
277,15.439710436456107,9,28,-1.629636090484295,-0.8424820425687267,-0.23689755911329374,-0.41708822714195104,-0.3327566983298747,3,5,No
2223,36.08919383393783,8,39,-0.4742086773826163,2.5114240168750044,1.020202041456085,0.16788228482539208,1.3659842751296847,4,6,No
2332,7.011085411853294,11,14,-1.3412389906348752,-3.188146327938179,-0.4156742669459145,-0.48402589991402845,-0.37756817539797416,5,8,No
4323,7.4211924300388326,5,11,0.8884023586780654,0.30931277291933157,-0.32379364221008405,-1.2258306613213117,0.34144709742466905,1,4,No
1303,61.207543293775096,16,26,-0.25662753545421646,-0.7046533096343361,-1.9894384247239287,0.36742584586781474,0.07899296760840173,4,2,No
2518,139.21145243663017,14,17,-0.5480223263456659,-0.7466159816479937,0.19082127186492498,0.21144208103522996,-1.6740748681552187,0,8,No
223,39.510772587295136,10,10,-0.3182064721325846,-1.5584172797168765,0.6498779734925669,0.6794024247266021,1.0540415961636707,5,3,No
2037,20.851883578803875,15,11,0.5068080189166481,-0.4603043845625302,1.4069555777818088,0.6084338842936083,1.4428916925146216,2,3,No
1925,31.340083490806272,20,43,-0.7689372058793238,-1.3444903615265256,-0.730372202360799,0.24227698886521123,0.08439050783867602,0,8,No
574,13.467847976948319,11,39,-2.011379861081323,-0.5970017585210479,0.4612121187043472,0.19413626594750497,-2.1540298213537055,1,2,No
1237,34.00764462742567,10,30,-0.7851314727546698,1.9862215672632384,-0.2653633731153731,0.11358498241807989,-0.40177953771044195,3,3,No
3545,25.370901949882757,2,7,-0.10004559013353101,0.02868553576688976,-0.1637300052472913,0.15280179391747475,-0.30912545238327666,0,2,No
2134,45.79107587850044,2,8,-0.6259516222759774,1.2466910468987549,-2.5607419565035765,1.9302257449578126,-1.3384452777496652,3,6,No
1335,49.99742890103815,14,42,0.5834327494378747,0.3887783869976185,1.0616631730810906,-0.27404471898259025,-1.4307372576005426,1,7,No
2458,18.09076132305559,9,38,0.30221974269364166,-0.03550994349792386,-0.12449018617308494,0.046283559060141234,-0.03622440509418289,5,6,No
419,30.903271907551932,0,51,1.0821973305993051,-0.5213358322020036,-0.7429207679090358,0.7413665309309047,0.5748919179139307,4,2,No
4915,264.1030097423339,21,6,2.278091246191968,-0.026238742762428158,1.3085566518607834,0.7214786120760668,0.0634671413515262,0,3,Yes
1105,11.05256276439343,19,29,-0.1986215920083254,-0.5776693847451299,1.0255583557177004,-1.675841772589761,-1.1428644727903685,5,4,No
258,22.733598237057446,21,37,-1.154148935586928,1.535907049242632,-0.36593172704714716,-1.1052048408175186,-1.762118012472544,1,9,No
296,39.508364989491916,12,39,0.7261290561155536,0.27388393825968216,0.9973845837063676,0.5190707129218126,1.7608811400323037,5,3,No
2362,12.206595332675931,10,29,0.3292319363179372,0.24541789986735613,-1.059330534928173,-0.044372359551817266,-0.1438514335271137,5,8,No
387,51.399919484834996,21,11,-0.40288595717563497,-0.7498950313803366,-0.28709680819556727,0.5322326862649144,-0.11949191043999567,5,1,No
3309,12.073754200462925,23,11,-0.5619532803775938,-0.7366126689041331,-0.014155638354808184,0.10425808618534001,-1.0711750877388804,1,6,No
4014,185.4582674402125,0,26,-1.7546898109250193,-1.0225259884408404,-0.13624160678983105,-0.5171127568523178,-1.5083271154622577,1,5,No
2232,11.273317734774936,22,49,-0.04347637559950335,-1.9970218899543064,1.6625947609033647,-0.3678288474017184,-0.6177701275301731,3,7,No
2555,48.86383686280176,19,21,-0.5245905503020182,0.4850993084323594,-0.71111805059888,0.9754415567366225,-0.11921447941736316,1,4,No
4336,14.083659421996455,12,46,0.12536445993517284,0.5222210799848434,-0.05345331329138289,-0.6478043678861966,-0.8120262567308079,1,9,No
3516,24.422923824623602,18,52,0.046156513549677744,-0.792411484420032,1.0675464745256318,-0.8539212546464721,-1.768929084065334,0,9,No
1840,13.454421879439654,6,40,0.522454861209501,0.0676087987782057,1.7691491720192023,-1.0045621448299802,-0.6611037168937204,4,2,No
4385,68.18837850509176,16,46,1.9957692858503804,1.3629460631718362,1.2485667905842046,0.8420610010646401,-0.5957814121255338,1,9,No
1564,10.518839818680984,9,32,0.6638012949911665,-0.12413086991404836,1.1814818939252518,0.6317300774434418,-1.1869330707008243,4,5,No
2016,38.834063387134776,0,5,-1.910428686386731,-1.5535406174235262,1.0028569747749874,1.569796340625739,-2.1291789717047367,2,3,No
1401,108.04315620006386,9,46,-0.4171415986152579,0.4209420239051994,1.3970313748793493,-0.10290317131597083,1.4764774059167223,3,8,No
713,11.762563294745762,12,43,0.2833323793569209,-0.0965188030948501,-2.1326830296728474,-0.3836559430526696,1.1692312249747645,1,1,No
2421,5.149019537559401,8,21,-1.2786691779251602,-1.4540556006084089,-1.539285998285257,-1.6521837644104314,0.33654896516011623,4,1,No
2620,173.7080680287369,10,54,-0.9629437258182533,1.054599605833873,-2.126621314376833,-0.46853989490219317,-0.6159218476530665,4,3,No
210,23.709517725055566,17,7,-0.45355157730561674,1.4631735002084985,0.8004183579152141,0.315581254197363,-0.32187271018994457,2,3,No
4945,55.40036344673391,17,46,0.22204036448814934,0.11444515194765392,1.3560263619453443,-1.1626614750707698,0.3306176581006486,0,6,Yes
1290,75.50505591661587,18,39,0.009302923320473023,-0.24012525378149832,-0.8616011211798119,-0.464220039222007,-0.1777910112738275,1,9,No
450,48.588025574030674,12,32,0.5420546505486971,-1.1115156549745906,-1.3523330192363985,0.755269157570397,0.2525199103172139,0,5,No
4092,35.21986768298483,10,51,-1.1857202394120994,-1.281983056749377,1.0274516845381663,0.2581671684936005,0.690327544544323,3,1,No
2570,52.95066651620424,21,32,-0.49557749381354266,-0.6355968038704153,-0.058995195036868626,-0.1897348979997314,2.0606822250493186,4,8,No
1821,4.024137541013286,14,41,0.5192038674849416,-0.2860773433964429,1.266758821897002,0.28097720683042815,0.37992328680044857,4,4,No
959,33.05193614309252,9,38,-0.07219553659670648,-1.0331305834580906,-0.7303801267312622,-0.3946749051389369,2.065195238088322,2,3,No
1794,24.51378016517714,19,57,-0.9195730298823025,-1.5566494542389513,-0.7024466741065368,0.9040528673405135,-0.4244169426971771,1,7,No
4787,14.63060092129144,4,2,1.71714745057788,-0.45482398181702294,0.745179804511312,0.2893406184972882,-0.04307889947473076,1,2,Yes
655,59.57637880891194,12,52,0.6435853794331272,2.352313897312389,0.4040558481200959,-0.7652120445880223,-0.6275686027358373,5,3,No
2408,23.229254467561347,14,6,0.6913629637748382,1.8092884435515908,-0.35332488744912666,-0.6636681674336484,-0.685331823910873,5,3,No
3853,8.552233530346825,18,34,-1.0540113125272748,-0.9888732017440667,-0.04569301394219609,1.387442731629602,1.383517976572821,3,8,No
1996,49.009342213969425,17,36,-1.0723197145189576,-0.9413317556329183,-1.3271278095014138,-0.9435508196243241,1.2473448771190034,1,9,No
1761,10.214412195626256,11,23,0.18998708002714262,1.138223060052627,1.6525387866290535,1.00286528504553,0.24103049895055914,4,7,No
2355,10.123054227548602,11,45,-0.7105607626899747,1.6779554099237237,0.37529136982787337,-0.79548482749426,-2.0526450047951466,0,8,No
2742,63.28030245395556,23,58,1.6816021273796067,-1.778758785889637,-0.14310547792725536,-0.4058958402654971,1.2801304808099998,2,4,No
2618,83.9631370284153,7,4,-1.2951280591322758,1.3578583118756624,1.8371514863220448,-1.935862753499927,0.28926363785061077,0,5,No
412,3.210362567535713,16,42,-1.6925606735716086,-0.38847682561821334,-0.7422666371576447,0.17250718838507423,0.013401858218038697,5,9,No
1775,101.44336686103719,11,53,-1.829211027713974,-0.42334172933427894,0.058113174133872056,0.039689532456326865,0.5560374413464144,3,4,No
3979,69.70928960653262,3,18,-0.7026283709296304,-0.5640328138582191,-0.7481257015707895,0.6731127837738594,1.3680443838418432,0,8,No
2187,29.317798119258114,10,54,0.2124474277695408,-1.6085419264167173,-0.44159329258107544,-1.23320808685344,-0.4071086073883589,4,1,No
2380,30.365141799061263,6,17,-0.1043888642558086,-1.6603672466550468,0.5768139749961225,1.0221282705262742,-0.00791773490932441,1,7,No
3964,21.007566155685748,15,25,-0.6475396004929517,-0.29797743965861934,1.1323269556003437,-1.0783356130757928,0.8697991505599149,0,7,No
4312,34.39392653200404,12,43,1.6809126132855228,-1.5582106480966516,0.9141389719288129,0.5811211685129576,-1.6033634888613535,5,9,No
4775,50.7759362253891,1,41,1.1168256116838244,0.24099031463677212,0.02150114103535339,0.3623248242108219,-2.5958226559854705,2,5,Yes
3703,15.783757741147648,9,57,-0.47175514444190453,-0.5770462583888749,1.900946760415316,1.6524502163826356,-0.9211768129693929,5,7,No
3973,41.87108867026119,3,26,0.886859654010306,-0.9461098091515893,-0.5219137707260653,1.0342860752568597,1.8352175152205237,2,6,No
4766,101.82050843888015,12,7,2.05932530359787,-2.557334452853788,1.3769748156562436,-0.32896072884019933,1.7186486247395,0,6,Yes
3559,59.21641666599425,5,42,0.4412481317859137,0.7055610621486665,0.5491526948711534,-0.9887566896626693,-1.2185715913640798,5,7,No
4111,57.90310642752446,8,49,-2.1520063178577127,-0.001555425618620257,0.3681709875598373,-0.47396030210732526,-1.1027591834342336,1,7,No
3498,97.44768368766368,7,5,-1.3674935288779129,-0.4159622212982152,-0.11658493591911696,2.065134166396841,-1.692583315718176,1,2,No
3766,106.67066395328081,12,58,-0.8871237688405786,-0.20746834917486945,1.2366177140002625,-0.4816624236407643,-1.3407856674764764,3,6,No
431,11.698446565888956,6,23,-0.07258694730721668,-0.06857746905868485,-0.09001025892361937,-0.3676996212463275,0.13983409501498167,0,9,No
4485,35.1313302840186,23,19,0.5139386269639443,0.4504617431920696,-0.5223479251190953,-0.7086424001234951,-0.5491576679920709,2,8,No
2322,116.48691520598936,4,9,0.9585187329102928,-0.8131027528662195,0.14057528279507805,0.24539264063408073,-0.24969182572347334,0,3,No
1367,10.729662366081723,18,12,-1.4622589081012267,1.6595325997585602,0.3188858642454964,-2.0734663566586917,1.5918796358216134,5,7,No
1993,41.748371486992475,3,32,0.1881306671883057,-0.02357746215505412,-1.313558178184649,0.3813660378108791,0.7160544516995808,5,9,No
2852,138.50674417197513,4,40,2.214467601644522,-2.0399606717519947,-0.782554883164555,0.08902579478820845,1.5455069656705527,0,4,No
1177,15.456436857951527,6,37,-1.0098854360721943,0.11385961815052391,0.36094871434867937,-0.31132365148330604,-1.0022037645773594,5,8,No
3529,7.096811680826825,2,46,1.8043008150594142,-0.3539676378874304,0.46197699186362096,0.4342832501386858,-1.3304701931955158,4,2,No
1477,269.346525703395,18,43,-0.7307584429525649,0.22616531586127328,0.24779955785298277,0.08538255970381457,0.11485603828621535,4,7,No
3741,6.770041224987883,14,14,0.9665810523369827,-0.19717859769749094,0.9870589363405647,-0.801352105736755,0.7259715713431093,4,4,No
2046,12.251702311067435,20,43,-0.35211634338830183,1.2829187342068633,1.2080615000880572,0.9467521020073675,0.2692328900921232,2,2,No
103,23.190345015760098,21,13,-3.131904818744181,0.382845708865145,2.5703219809445987,-1.508373387331847,-0.241369454701366,5,3,No
4332,10.055489346863077,10,22,-1.9250775383648886,-0.38399431273163326,-2.281841421944396,0.661009083363782,-0.6798557833644203,4,2,No
2993,31.21684280636106,21,57,0.029795302245296897,-1.1062355369241117,-0.12906162562737494,1.5442735465024513,1.0785477884244095,1,5,No
1264,21.175446842358376,12,1,-0.7937954650871212,-0.2664947122195833,-0.7139314586655916,-0.30577697857007885,-0.3286476158895048,2,5,No
2882,80.9473340213674,18,50,-1.2530131170349816,-0.4439009554702268,-0.18249728676057775,0.20909630777006488,-1.6823916332877236,1,4,No
3139,56.68070506985262,23,11,-1.7411932180918586,-1.2769361176042486,-3.1501115504989277,-0.3078791918928512,0.360498648299699,0,2,No
3623,13.688757067565488,18,15,1.6476813609402634,-1.1866029673884124,-1.456046871114051,-0.6532600167504974,0.9213163403295124,0,3,No
3204,99.93250670872314,13,42,0.6584720231155342,-0.2283380404307892,1.2988433100943901,-0.24465300287326744,-0.4065951755241627,2,5,No
4279,22.685246576398246,11,29,0.7761790293619415,-0.29533844249082997,0.855733805352121,0.033461380341051686,1.8775228918698121,1,7,No
3300,38.53399334543687,0,38,-0.4867812231994301,0.6241530995377397,-0.48152828780396206,-0.42085631454370215,-0.15997764201790937,4,1,No
4994,30.603285320885146,2,34,0.09251649001076667,-3.386063625431704,-0.14953331970700368,-3.409114563974642,0.316170417894657,2,2,Yes
3634,29.158506576017295,18,23,1.3030116943355474,-0.7019605602850594,1.612521160020552,-0.5728733812651744,-1.0682271563811259,2,3,No
1644,63.33220776726992,19,50,0.7568735811344582,1.1125318503624593,-0.23898558717989435,-0.0016486823987459664,0.6992645059585234,5,9,No
4506,164.27985030929335,11,42,-0.23882037049138166,1.4680883968622018,0.17290635338975055,-0.3259398223755232,1.0348693780033964,2,6,No
1,44.912541648045,13,18,-0.2994858907916149,-0.6966599125054466,0.42848292865583376,0.23464618770475926,-1.590649698269418,0,2,No
1581,108.81204165651712,23,25,-0.005990856213556338,0.3327221082319697,-0.49368957119855783,0.8841465348154398,-0.30547974323760496,4,9,No
4423,7.990654353336163,19,22,0.9060569663279536,-0.7120622337148926,-2.5862031088558277,-0.306332574273596,0.314196039027041,1,3,No
4117,102.20117177496084,20,42,0.43008124723464225,-0.4389463000152934,0.3817015195278768,0.8856735138556571,-1.3277178911753982,4,4,No
1357,22.732324451188116,0,17,1.057329042985862,0.6830370831217859,0.18163246152835105,-0.04278557362527005,-0.6806688772498428,5,6,No
4202,4.530500543763095,14,11,-1.1037752622950843,-0.7738912475867935,-1.1685424496918684,0.7509047693323933,-1.0008417358589414,0,7,No
4575,94.11259588885903,13,47,2.0944231272463436,0.14143595882415852,-0.6729310091862251,-0.1662951391585652,0.5683232653602605,4,9,No
3734,22.764559647732504,8,45,-1.3195433810721482,0.8314819538599876,-2.0169825604534526,-0.3044590057879007,0.9403064281783567,1,1,No
2026,7.60029945641428,10,15,-1.0860831239438267,-0.8710996998684417,1.5234538572959289,0.875839780302813,-1.2616068747216234,2,8,No
2219,17.30052902281848,14,51,-1.7013150734801645,0.48557702994877266,-0.06324481340103867,-0.8257774299767748,-1.8761051244360556,5,8,No
397,70.8194078546498,18,13,-1.298410478961941,-1.169664396093517,-0.6886720403226348,0.18621586235813473,-2.0319331900437034,0,3,No
4942,36.60323454460604,12,57,-0.014866577349146426,-1.7977879907161476,2.3560813309491757,-0.2190593423659064,0.33819706357597495,1,2,Yes
1065,17.385436618060204,2,27,-1.5022274165792362,-0.43430326342030356,-0.3945514938829501,0.08996041154820894,1.2397229643551753,5,6,No
3081,20.7715340479401,13,44,1.4811224555584723,2.1708230024062236,0.7735345476277582,0.5139721177685398,1.091547741955067,5,3,No
2154,11.295763160449392,13,26,0.5331344037084068,1.3960472999356885,0.4947297644723308,-0.1976065518151338,0.6167685261844357,0,8,No
819,43.51927845763053,23,47,1.986264680489528,0.0065861560995518365,0.7195618315979349,-0.5395396433762586,0.6899096516358328,5,5,No
1813,43.545390129189194,0,10,1.3150562714566263,0.5703389962644321,0.23516883399180646,1.0932340918565167,2.4859721145920526,5,9,No
2553,21.463901302798433,6,51,1.263523242297267,-1.8703530724191204,1.7629458205356219,-0.7006594668703151,0.5946308881352735,3,6,No
1553,18.509398882931475,21,56,0.3873436762533315,1.3926606484755626,0.5163674402551751,1.0263942941019852,1.1091266896484484,5,7,No
4048,18.799132499732426,10,29,-1.4535069851478462,-0.23243168050396884,1.1559590046192088,0.07367231540710718,-0.48858637190769366,5,1,No
817,22.15376412265642,3,43,1.1040238857816786,-0.6858276808067391,-0.46956651097237645,-1.2770039485518438,0.704993786006137,1,9,No
1573,46.595719725869024,20,42,-0.1170015514719639,0.6648251619535254,-1.3775070628614443,-1.16926560926157,-2.4762115997213816,3,7,No
4553,16.635648327246642,22,53,0.7897066358754802,-0.04186596292185646,-1.1996434870661867,0.9521047829023668,-0.982835591885607,4,3,No
1801,31.826323094896445,13,12,-0.5252032515953069,1.639946892824547,1.4468630676808638,0.5040935065846489,-1.9261318364495255,4,8,No
4288,16.77569052544673,13,6,-1.6858828344203014,-0.5114507984719445,0.1603155682431401,1.4080434109284783,-0.8450126277557082,1,3,No
382,122.67648473034815,3,58,-0.8236959765713334,0.45568991855492125,1.225756448723621,-2.201968596139199,1.3744712159904158,1,3,No
2875,37.22498717427044,6,36,-0.11465396117318255,1.3723362709546834,1.6912092781721646,-1.1178967533993476,0.04511121026353519,2,6,No
4348,3.472325149719146,11,24,-0.43591405729956817,-0.2500905403298752,-0.18942046378835165,0.6849357602204122,-1.2100043972597048,2,6,No
4627,19.302057510435116,5,50,-0.4330694608558538,0.045372400841382624,0.1518194413179802,0.44435759876910186,0.23476103930614245,3,6,No
3504,10.06955228346555,13,30,0.4432605696039191,1.1575850523338427,1.106014529454586,-1.5069273189031764,-0.6486722521746818,1,9,No
2312,43.78282223026676,5,44,-0.67191436622018,-1.5924138728455486,-0.1402807907109069,-0.22559636167738192,1.4594141523893558,5,6,No
1781,74.38056851501044,3,45,0.6172095336452706,0.2872133311295464,0.5485411113532397,-2.045986805407087,-0.866760249357017,2,9,No
2727,13.399166409633914,11,8,-0.7483540204397984,-0.9776421270354221,1.3895077982281645,-0.8865282965153725,-0.2761480587683602,1,7,No
2438,43.659214700403794,7,0,-2.1193174141427438,-0.3191116598853623,0.23221850583119408,0.23166290969257514,2.465858757153896,5,2,No
2334,32.02114801683827,10,30,-0.3464966137256527,0.48637043862486423,0.600366237611991,0.8896810212187528,-1.7123927598904787,1,1,No
865,16.55178308720439,11,32,0.27081415688101457,0.671499528500248,0.21692868541698562,-0.8811812094861174,-0.4635606398556775,1,1,No
3639,41.986078699124086,18,3,1.2494839889235163,-0.23462440215894628,1.089403907228681,0.23768483642294919,0.8825756619804925,4,7,No
3165,17.376864470746625,14,1,-1.3759866908279061,0.08461971483258673,-1.5136875947111803,0.2423070655947365,0.6534029337804097,1,2,No
555,30.35331778359673,12,38,-2.427308244795156,0.39085302121855847,1.4705737392246134,1.2337904078135682,0.4629490097437198,2,5,No
1160,8.023027383098608,13,38,0.2212134023925114,-0.21982058923398506,0.37068434299115627,-0.8686145408535492,0.6815858690394274,3,9,No
1214,16.223260060041444,9,25,0.8981718246566575,0.4081904694201736,-1.740542764022799,0.26883017049547747,0.21062772725160755,2,3,No
3761,21.239837498919883,18,5,-0.1078391953189768,0.6808737536917654,-0.5149530947818145,0.7490051045747627,-0.34278544056933374,2,7,No
4214,28.989206121319555,5,21,-0.014394770900357534,0.22284225276370054,-0.06310784255156614,-0.6214279740507603,-0.8967885099410754,1,2,No
49,65.29487590040985,15,41,-1.0601538975982672,0.7957210808805493,0.8923733745114522,0.3149672871517889,1.1314243705027294,0,8,No
2368,22.470695642723392,15,9,-2.1975905928432646,-0.5485161098987617,1.0936568078962312,3.0097701334193614,-0.23882383414896743,2,6,No
701,100.78261713012047,4,8,0.15115723167903694,-1.8889474270426652,0.0810816844115734,0.5145325253744555,0.6371524153104868,5,2,No
653,175.54362914367118,0,47,0.6391177730333506,-0.23103158837459842,0.948937494316759,-0.07897418101747768,-0.5042264181236554,5,9,No
3934,99.40316893471734,5,37,-1.1156981152691303,-0.8284222860647452,2.040828446909309,-0.6974047509898612,-2.1064284089301735,3,5,No
4410,6.064048767744015,20,25,-1.546996667944975,0.21710610558772986,-0.9942516628128698,0.4027413205252121,-0.9372015513733638,5,4,No
3312,63.282825753032924,2,31,-0.5838821702990105,-0.6037170610190663,-0.8401244659524569,-0.1044972857515644,-0.7578183539779042,4,2,No
749,22.834745545928342,12,55,0.8707875968519352,-0.587964036746098,-0.054701815218532915,-0.8952797698908733,-1.1444038120498916,5,5,No
1456,29.5413243409388,7,5,-0.8186003714017367,-1.6009447707270237,-0.014430255720158127,0.8580272441490993,0.7011617181594295,1,2,No
4196,14.251573789548015,16,46,0.16101549640009255,1.5185957403834418,0.2546131288818846,-0.7486513398801341,0.7301576748253484,2,7,No
2390,31.65844040045956,23,19,-0.5844737333806651,0.9814952700507851,1.178691774666408,0.5549436020159315,-1.6167709312084173,2,6,No
3495,139.88387274458503,0,48,0.2679898219824301,-0.19971510751456176,1.3577546629356707,-0.339844025746576,-0.27014703454322064,1,9,No
867,8.65229698965434,18,8,0.03013102925163394,-0.17510372139564934,1.1330308187216436,1.1718086807150292,1.113208100588848,2,5,No
753,12.000305337682766,2,23,-0.327799800015837,0.43470786877039785,0.026892061725186146,-1.2599467010526437,-1.6357432881940195,0,7,No
1645,7.447617365494195,11,39,-0.6747043162638402,-0.44749269975711503,0.04897861250332282,-0.8217101261639599,0.28597897912938647,3,1,No
93,21.68675461882952,16,32,-1.861389755221022,0.6918640223370642,1.7497539194462957,1.129580854227459,-1.9878758296013461,0,8,No
4825,159.4598210711116,14,1,0.9078421579767593,-1.5144924981553558,0.16731312384206165,-0.8897013667498505,-1.054312531311158,1,1,Yes
3102,19.64379515894606,15,4,-0.3986322912947266,0.8270759467747779,-1.1944107865051334,-0.13179107959052716,1.1211802637319142,2,4,No
2433,11.961396042101235,1,31,-0.5383958581782503,-1.9341785743912234,-0.02466706650849419,-0.11500715370273162,1.078182763710338,1,8,No
2630,31.739634192978237,15,20,-0.1211481412946626,-0.5688163816575398,0.41724988383238715,0.09407471754184488,0.6779685553698392,4,4,No
1491,17.88043166528855,18,19,0.2707337101351589,-1.1470590368724591,2.5990281447905534,0.5036237200273143,-0.14550579748246745,0,2,No
2896,9.871001054039855,17,45,2.5204190799023265,0.8160010783535337,-0.48238973461665285,0.028314296010229462,0.919709216602271,4,9,No
2178,55.02174394936124,3,17,-0.13817973987289622,-1.352847250479958,-1.7105524961850338,1.930633377668805,0.46301484795967973,5,8,No
730,10.80991885048163,20,59,0.4200127636721649,-0.897707398975251,0.6890624790152835,-0.7561096421277498,-0.9879004536698087,0,5,No
4760,35.577982865901014,16,55,0.005226958034794671,-0.5998655920262101,0.2613063714008761,-0.545447399717781,-1.9093983913982824,2,4,Yes
2472,21.472377536642284,9,54,-0.5900802922573274,-0.2977469241094995,1.2153659703190185,-0.05436568889346326,1.857916176408613,0,9,No
2243,8.218005302030223,16,21,-0.4471600929352337,-0.17307485833177585,-0.0396552795316196,0.3989642627095406,-0.3265401934909577,2,3,No
1937,32.031034485194944,8,42,-0.02564933106056511,-0.36061612679384936,1.3380090522100816,-0.15331905872332752,-1.2248217499837284,4,1,No
1746,15.261726276508144,12,32,0.24721417761997155,-0.15559309248571443,0.048008138208115815,2.353788076462313,-0.15556118109919748,2,2,No
4747,70.33095751486134,18,47,-0.7928617734766792,-0.14665427555635485,-0.16161340259482332,0.38118617905601926,2.032325585760414,0,1,No
4374,194.7096125974284,19,37,-1.2579738347145055,-1.0035926401168758,0.6879721330580653,1.4216265546611417,0.7340027723811109,1,3,No
3492,12.739259076346745,7,48,1.1262578483760128,1.2974857664461676,-1.1203859828040275,0.059754747080010516,1.5827174845015528,2,9,No
1111,146.5546343548939,17,26,-0.8984588595774368,1.1400221120432803,0.9973017483090362,-0.48547818635361034,-1.8757841160771553,0,5,No
3338,53.94642210611483,2,3,2.7242068606991174,0.10466440630646483,0.923498804914873,1.5767373855999285,2.5037461496038547,2,2,No
4033,59.576289143076735,12,47,1.538164957824213,1.03001856418585,1.202547298153165,0.10114592761256765,-0.6724179315709653,2,3,No
4472,15.639205424365107,15,6,0.14730440246850174,0.1842698004185029,-0.2291498805049794,-0.5050736438828476,0.0965297673735561,4,6,No
4158,126.24142347020445,6,54,1.3230168640908428,-2.3729677882573736,0.09397730642741754,0.1079817237974044,2.0948532489534495,4,8,No
347,18.336554384075757,21,47,-0.7641677578842229,0.017750972207175114,0.18414697291157353,1.547126279542768,-1.481330060750137,1,4,No
1186,8.361288156413737,3,59,1.5621376984528295,-1.4025648238182238,-0.34643983875634465,-1.3188742390267836,-0.730166285865652,2,4,No
4007,24.094234179115244,9,2,0.8392619618769109,-0.5513851282655449,-0.08167249487458153,-0.4703924993816843,-0.40802502517494726,4,9,No
1516,40.86570861006793,11,0,-0.6204707883142613,-0.5391343582500725,-0.004865718221292914,1.0142415707354244,1.4707454654887906,4,6,No
4670,15.074401141151935,3,43,-0.8899790619741711,-0.6766895039590183,-1.2878015599098034,-1.6927067236488986,0.5034609057360552,5,2,No
579,25.72549865763928,9,2,0.6553259745791783,1.4822897993617925,-0.199586921163838,-0.4046668696660347,0.07162102851068375,5,1,No
1965,15.888764792146459,18,16,-0.2067666675311628,-0.9251162743047414,-2.0617763024430626,-0.5314286860726836,-0.5138831812339866,4,2,No
76,66.05484316827346,23,12,-0.8060674729515649,0.848865922635439,-0.16037663594526336,-1.4099534900144448,0.45520272463714184,3,1,No
1430,69.79057043061162,16,11,1.9555608385676886,1.5569813354906985,-1.7355375133587927,-0.31555368832751896,0.500688251483219,3,8,No
3713,28.58626908141228,15,30,-1.841703083068959,-0.2696427108231888,-0.15628382964222606,-0.14339514957622035,-0.6603100820157913,0,8,No
4431,31.401118457022474,15,57,1.1002328390392544,-2.053187253257946,0.6667307879073114,-1.1487348517386076,-0.6815615353619671,0,1,No
2752,22.339636644237864,3,26,-0.13567903406628096,0.19378184708038068,0.572169767254166,0.10046846059654882,-1.5667489906436347,1,7,No
4953,61.00435787668629,8,38,-0.77018556244089,-0.21608688156425254,0.34179123600492334,0.6516002170844506,0.775505172203223,2,5,Yes
1847,34.21606344776836,14,42,0.027604896838708655,-0.6711783070441786,0.5519246267564701,-0.43846696168798505,-0.8375254954727348,1,9,No
132,8.358791443267037,6,1,0.5743542832792355,-0.15355032217003803,0.5280186796945225,0.3139651524992144,0.05826438725148733,4,6,No
179,29.410791766802788,13,37,0.8645851955276563,-0.09984537387143656,1.808299094493722,-0.1565385777150951,-0.23768363840527992,2,2,No
2900,74.33246117132734,14,31,0.3908964318681999,1.8312541997787293,0.07428314426190351,-0.2694472246786843,1.9429985179902964,2,1,No
4467,32.719462361369274,17,41,0.03897112531001422,0.6141388086050966,-0.028386905616412966,2.0785470041500362,0.42084951497111306,2,5,No
4195,118.81054810388223,2,3,1.103322603544528,0.2062617278415875,-0.8583399897335252,-1.0368858379558112,-0.5306965732179645,2,8,No
2523,26.74113825180035,2,34,1.1312191725302414,-0.22878477426350974,-1.5705237591931707,-0.22667083879635339,0.5264824003950203,1,6,No
1843,79.75456869222599,15,38,-1.101012534754103,0.3536238313910272,0.8797647281273557,-0.6684934818931376,-1.643732810811891,4,5,No
2099,5.429548346950612,4,17,-0.3626310438697443,-0.6397149071870721,-1.1450739583590241,1.3659878354682442,0.8823137950296952,3,9,No
3950,31.813956841773905,20,3,-0.8694022817836385,1.7017750374495433,-0.378567465395371,0.05297690720242169,-1.8327227716525976,2,2,No
2374,162.8634450276677,7,29,-2.2135746230952877,1.2481450514496444,-0.3534938100632818,0.8753557474700663,1.07645217088882,4,7,No
605,17.520729397127173,17,7,-1.8634231484728845,-0.2971604172973206,-1.392096516243992,1.6399390068655983,2.1651425947656726,3,9,No
2628,143.48102831933534,6,4,-1.4646816134206393,0.0331457201733783,0.7130148610775204,0.29629952624595357,1.0956236560040364,2,5,No
26,23.286328984532215,15,14,-0.1887487018643749,2.1156298300625043,1.393519509610061,-1.7407964313462736,-0.6659523957592918,3,4,No
659,111.33223475964853,9,12,-0.25809887297952333,-2.091082843136628,-1.2109178351996426,0.6355059681529976,-0.24734043995366325,3,2,No
4978,127.21913588938948,13,43,0.41663157546711793,0.04413379265031103,1.139562187969461,-0.38312936979220213,0.11258393448039972,3,5,Yes
3318,16.945543910402705,3,1,0.8018746827636657,0.8143839145812499,-0.5901410189342783,-1.4399544176719679,-1.1971640501514447,2,9,No
3869,45.378709264328315,12,22,1.3479534858457805,0.9768558035757227,1.4362940801832396,-0.5900456646054508,0.9171898244188604,5,4,No
174,9.722027976159692,8,19,-0.7486823085286762,0.13669920332721244,1.4904416141005241,-0.8313656987973053,0.1451667803970126,5,5,No
1612,25.72918305258319,7,43,2.475511123295525,-0.6667967571213573,0.07327907266145216,0.1265758022751699,-1.5894782909366534,2,3,No
438,11.361694759145644,10,39,0.8427838245063638,-1.6272078065504278,-0.13127347508638623,-1.3838464938455861,0.27670201760488466,0,1,No
332,62.64812864460876,0,28,0.27029494670783055,-0.2249202875059923,-0.2450675715933652,0.0489383927081116,0.07126471557856422,1,7,No
3101,11.988926961631092,16,18,-2.1959046462989926,1.0246467407122566,-1.8600191617644113,0.9288792838403086,2.1855499694698497,3,4,No
1455,143.62148331887903,14,53,-0.23877878224865942,-0.4444309746845453,0.29380356075951225,0.554504084144107,1.9652789446507835,3,3,No
343,35.5888922325963,15,40,0.6868669613348561,0.6062302058843455,-1.3802426433111632,-0.8761188316991384,-0.20498739359912627,5,9,No
3210,19.137589968492172,14,7,2.0474304017463822,2.6987169898898653,-0.4801426145369254,-0.24588476817030216,0.6933312992416176,0,2,No
4577,13.490452952783334,2,23,-1.2120434811115397,-1.2045434085617903,-1.232295360068209,-0.7315381591305761,0.0774496503875742,5,2,No
1089,63.64017054344132,21,52,-1.1951571807787262,-0.29559198321765806,-1.4413311345058717,0.07520240983472691,0.2554031112714188,4,7,No
480,444.8217884653629,0,49,-0.5651880282308862,0.5439316941833399,-0.21880107026272877,0.2380393791163774,-0.7749963814092447,5,9,No
728,71.33001741673957,14,11,0.5201122324227964,-0.10238148004878078,-0.1909527628715059,-1.180790032820006,-0.010802389433337011,1,3,No
3784,127.955349733875,4,11,-2.109638751349016,-1.2573935693045972,-0.016660476090602703,1.013140718400172,-0.4190399462296813,4,2,No
977,99.95091499207746,4,26,0.32768368702794237,-1.7263832352207857,1.4626423427763993,0.5149440970719076,-0.8651977448326591,4,2,No
3785,205.38351121408593,2,16,-0.3280709719332039,0.880898468553479,-0.2213257536248592,-1.115215859388617,1.420596274722949,5,9,No
2978,29.222985788367243,13,1,-0.8789638425770689,1.2561682512433545,-0.5614541064056265,-0.3438298375143953,1.0496953653613783,5,3,No
1929,78.74582030920533,1,18,0.6556448097835503,0.8891962290445682,0.35288992103335304,1.2014360509954203,1.729202119619373,0,3,No
1469,7.947549147578895,21,16,0.0166811788807713,0.07349514814345873,0.3998588297626864,0.6264400860615683,-0.7245374340179959,0,6,No
1225,13.451666540048805,8,44,-0.5821490063576735,-0.4700355817263217,-0.5169366321571809,0.06272191606238789,-1.250759584659146,5,6,No
2857,31.155246218171715,13,21,-0.20785413033412606,-0.12630630896851133,0.16956432295832757,1.7032642890538652,0.91527637724555,5,3,No
1953,5.604678546401959,10,38,-0.8032497510448164,-1.4697423351527148,2.193343386074813,0.6621079965161335,-0.6924199211797911,5,3,No
4831,14.687354881314164,18,37,0.3115884368269173,-3.0112446852867834,1.8862275352375057,0.9741565987386147,-0.4641780543084195,3,5,Yes
4501,7.477834584829433,17,6,0.6759466689945814,-0.14792954257265056,-1.1137182923384024,-0.6245669594479263,-0.37922892403964115,2,7,No
1893,10.623594445629593,9,19,-0.8776543349125515,-0.3031226693659235,-2.2933906429682063,-1.159902437777533,0.7824141562603282,0,2,No
1300,12.612000800968246,21,20,-0.6743018940932767,2.4794034521548225,0.7630703801537592,-1.1274854031700103,0.18522933093641553,0,6,No
2991,62.84862832419316,13,42,0.4460781015553971,0.06066848079275198,0.9353114823366397,1.5903903966621258,0.12691691270813155,2,7,No
4600,219.3040215275116,23,18,0.6968311999357579,0.907656823563879,-1.5275722022810794,-0.4618180632401623,-1.623057364233422,1,4,No
661,6.098466528651953,4,41,1.335080835300719,-1.044206150879736,-1.0808777497656938,0.7527465714983388,-1.5047407384088016,0,4,No
4578,2.8911738213565084,15,40,1.4020359370016018,1.61780819374063,1.5504732935887657,-1.794903768795505,1.673722200093276,0,5,No
4074,136.44400007377465,12,35,-0.001307777430703948,-1.3149598648965986,0.4067717875919572,0.12806183350379338,-1.4687137099617364,4,6,No
2785,48.65567951711981,21,39,1.0468004522087897,-1.1701514194436051,0.8914841441386541,-0.0547470948179774,-0.43373352358613404,4,6,No
4938,9.75989900414773,0,25,2.96372320606077,-1.7287249785845118,0.49097978443311685,1.3623238133749178,0.13113070437861285,1,6,Yes
3828,41.72122437993508,10,1,0.5119742533438816,-0.8858309686698803,1.859990286189816,0.5674811638447057,-0.8029655728581377,0,7,No
2715,28.748837429030015,11,41,0.5452117833780047,-0.2049023590839432,1.3712647730448146,-1.015491780518226,-0.5654835195351547,1,8,No
4658,35.53422188946709,13,17,1.0300896132456934,0.6106934116010451,-0.39942241213329815,-1.084522115025339,-1.5759026699654841,2,3,No
268,47.07567477110662,22,28,1.8873409462559467,-0.017528248282177424,-1.2926348019978913,-0.41958384265100146,0.011424515361312802,3,3,No
4443,31.90744011578606,2,39,0.5919731303509556,-0.08269638676660652,-0.22562748799298785,1.4545792886223865,0.09837842336422456,2,5,No
4960,23.57760825616661,13,8,-0.18670677865974805,0.39650193093737884,-1.1315541475348656,-1.3990867071241244,1.3133203921138765,3,1,Yes
3373,7.559401622069513,3,53,0.37254103263737026,-0.9875308144435018,1.5581062272686785,-0.37541434278450503,-0.3625615342725832,5,9,No
3596,400.5100527282687,2,53,-0.7457789144434442,0.22194424343963007,0.19024628815689923,1.8680885025232064,0.3812957056282018,3,8,No
4317,61.132534852638585,23,23,-0.6562038594828798,0.3114892983919865,2.076972667751993,-0.9893351184311101,-1.1155942295706953,3,2,No
3723,84.36129961058454,18,36,-0.005821454117078409,0.5580810961836272,-1.5335284632336017,-0.7581842841854047,-0.0336929608187298,5,9,No
3407,67.33376809965891,9,50,-0.2846034048267439,-0.7483242387199245,1.1485135007088663,-0.8593869585340628,-1.4076000556493073,1,7,No
1279,47.64121035034827,5,57,-0.30265820100980434,-1.4297037875372114,0.20669070047974605,1.0945843158173858,0.35431481939328524,1,4,No
4641,151.33935196998613,6,44,-1.4940928028330764,1.043260955942589,-0.24585073700035695,1.2674903541379468,-1.833828154051541,2,2,No
3918,17.26538920579262,8,59,-0.49011144664883216,0.6443656083425994,-0.33463011603457793,-1.2548093171430834,0.90128489979266,2,1,No
2679,5.621426521756141,10,12,0.3218142134675939,0.23266250226779953,-0.036289123800469836,0.40993016448193703,2.034934444479208,2,2,No
1622,34.693677763230475,0,24,0.6280578427422266,-0.02009063116761963,-1.0959361334967308,-0.7987762185630215,1.148152650929215,1,3,No
4104,210.69515428544287,1,32,0.5444777702483956,0.3331689114586238,0.542093483002689,-0.5495430355684529,-0.04972834927295644,2,7,No
2858,37.56847231633072,18,21,-0.8981751487917088,0.38953544095604276,1.243745313974767,1.723404398532815,-2.452637189265702,1,2,No
1897,7.021526100549798,23,31,0.22950707456841016,0.7955362981672176,-1.145256131671386,-0.1918875807724168,-1.2784703604581868,4,4,No
3925,33.53245445040246,3,31,-2.232553926669766,0.342696144667474,0.4485664752017807,-0.3247163134027872,-0.8272827602010095,4,8,No
3015,88.87646332647961,12,17,0.03921219438036423,0.3415717298501752,1.0926873330614792,1.104226330745443,-1.7666077121560222,0,8,No
4439,8.185269358308682,0,19,-0.18813519625445785,-0.9726621784754295,-0.7099316580098062,-1.5866825332607466,0.686018714448087,4,3,No
68,20.85613620481222,0,24,0.8067798305481017,1.4768086311982076,0.3717676405528632,0.9245753565951862,-0.2971447372301422,2,9,No
2043,225.0775201205597,4,54,-0.05753291389065263,-0.8715136696348803,-1.1245373223498343,-0.21296980325866172,1.113420653537455,2,2,No
2581,12.291324452019285,20,12,0.9556018103090642,0.9710045037340956,0.17057827067284828,-1.1536117239417165,-0.7700567096316285,0,8,No
3783,12.867997925033162,16,17,0.27587055018568085,0.4023421228016666,0.9577984191847956,-1.4262280038595097,-0.509473990046832,2,6,No
3791,20.555241658680515,11,2,0.18846195148480294,-1.5113104631361634,-2.3118372071381894,0.6432121633028065,1.0183100587941716,1,2,No
821,20.465875228797856,0,23,0.99376710505628,0.5310859581386753,0.1164369305835328,0.7503155893169294,1.8399380899918536,0,9,No
1227,68.62893467533392,7,14,-0.4562178521132108,-2.3648818094311217,-0.07991174410650202,1.7079631934107387,0.534968305940418,0,6,No
2992,168.5784701257999,12,58,1.6982518181598225,1.5703729906345216,0.8873716104831438,0.059853902126576895,0.8151655602984684,5,7,No
3133,34.87715739416596,4,35,-0.05432500157146972,-0.6068217857125126,2.399361487599008,0.40573265467062797,-1.227768005895328,3,9,No
2744,5.604850374446385,1,36,-0.2833735418956831,-1.4526179392440148,-0.7887212177934305,-0.41633668945862706,1.1206993143367117,5,4,No
4458,25.33547091607812,18,39,-0.6246286704939146,2.0737253325203056,0.6083481134868849,0.9417267430778059,0.9765729625632564,4,3,No
4270,27.546819048073946,21,22,0.5918952599777157,-0.5344546236344808,0.6265419815640361,1.022128168319359,1.7539889077572322,3,4,No
3350,13.23614114257214,0,2,-1.4886732610060593,-1.3235672657968491,-0.19946878307365554,-0.8479980913830839,-0.30091813646272475,3,4,No
1144,19.236878057425198,22,42,0.32999016547508886,-1.4842897875365075,0.47313165299275506,-0.44730480700146996,-0.41897231641773003,1,4,No
398,41.64625189782415,17,55,-0.2830371808709837,0.5253209680530518,0.22372415832620401,-0.5416542593988953,-1.9361893602594902,1,8,No
2907,103.81279435210318,10,52,0.6546278576634222,-0.4686823500573077,-0.13371947940079018,0.5306060097858019,0.6349897661603746,5,6,No
4302,99.1012808776999,0,39,-0.9324603242874541,0.01947126336961287,-0.051412153739808356,0.8785588040109642,-0.6707499404270815,0,3,No
2760,79.19993671119657,21,32,0.46565135908335403,-0.7681730945085932,-0.4108284687128243,0.927788693287827,-0.5431848670430475,5,1,No
1399,58.88265175461886,20,37,0.8521104170321133,0.002677127509891169,-1.749932647203449,1.3494216968519552,0.015909284966284666,4,1,No
1660,37.66086879843792,14,57,-0.2655850790791903,-0.07035558260462091,0.4056022634622747,-0.4202477524611892,1.318810060122396,1,4,No
980,51.61501968934818,3,37,0.21036937998711588,-1.5248279832839218,0.6652177440849291,0.003415884008512292,2.552709054150154,3,3,No
1299,10.407590209266226,10,15,-0.4720869364135305,0.0017437500577992453,0.36330887966865616,0.4837543777650492,0.30141220813611785,5,6,No
3556,25.72022602983267,12,30,2.026894516365921,-1.1961062966152547,1.6377245549918655,-0.1932263825994988,-0.03443698136413295,4,9,No
83,23.033418817779463,2,24,-0.34360109440037934,-1.5638146913219246,0.6211975594529023,1.124795965171238,-0.08259146174516069,5,5,No
4508,12.084844285421994,12,41,0.7401011656508809,2.6214363477134826,0.3672752994984995,-0.6928046976549085,0.13541022475122927,1,9,No
2459,5.246785156878753,13,12,-0.4823114551918347,0.12922055068405935,-2.0603352460383695,-0.21517428805831407,-1.0995891634130304,4,4,No
3740,20.61295015610694,11,55,-0.3372845872609783,0.8202563633840034,-1.332406720550684,-0.13867742876492925,0.5398835383246735,1,7,No
3782,5.194379029204966,10,15,-0.08456876836956581,0.48519261912768863,-1.807734043306458,-0.7986561854224704,0.7226430604933176,5,9,No
2289,87.44467747353157,23,31,0.13343615783469404,-0.22019573494393999,-0.38389622387586386,0.23217128684659583,-0.7842425390277837,4,4,No
424,7.534281612359168,22,38,0.3448317094770465,0.5932193807041102,0.7684837373405985,-0.08974113872932903,0.5286167215545834,1,5,No
4340,25.79363460922681,20,0,0.29651683617251823,-1.1394207491127075,0.8851067978114843,-0.12346545376243015,0.4458134511265785,4,9,No
1905,61.50417252615947,9,57,0.1162641373710621,0.008753948314998811,-0.4582419990209142,-0.5159636304721639,0.237722074823827,5,9,No
4539,10.950854680301696,6,44,-1.1840593121671354,-0.6335362533847688,1.7307017424004953,-0.5691678488744291,-0.7729321700556635,1,5,No
3353,75.6162308030057,3,39,0.43052743355188544,-0.23194433673663892,-0.3476661547958962,0.17477274930612724,-1.835400548731546,4,2,No
3103,72.32582120886076,8,52,-0.04887052982786454,-1.628627687756003,1.2416534170506592,-1.2959759103663546,0.07873414321421825,0,2,No
1566,17.552332306309665,6,4,0.12037584716904297,-1.2429260234082382,-0.49651981003569134,1.0217290731659654,-0.2102078813198733,2,6,No
3356,2.217060722893015,8,15,0.11987887101521665,0.6004522470203683,-1.8691616414728263,-1.105228583235357,-0.09961232794462768,2,3,No
840,23.666505416433303,2,18,1.3398797864441758,-0.5874509652091197,-0.4779677205360946,-1.0884878236267916,-0.924259410816647,4,5,No
501,129.52348678290815,0,46,-0.5121598443613099,0.2978244424866034,1.5023554712759948,0.20514468730902757,-1.63314793581862,3,7,No
142,12.310614773941243,23,3,1.498420275650323,-0.20659926056749658,0.7044116685560984,-2.4787565179008344,0.5683113089658791,1,6,No
1378,39.5379656879544,0,14,0.6294016120620651,0.5838343081286667,-0.8932100051977196,0.884933261964115,1.391232836398735,3,4,No
3698,28.06012485722287,3,8,-1.3369452755522226,0.28374090144324776,0.5530151824456233,-0.5902768401417914,-0.6919138007082076,2,2,No
2145,16.127380085987028,15,53,0.5629931670346557,-0.6054869852169364,1.0526771608870498,1.3782779158359368,0.991323082496371,5,2,No
1139,30.301691992336707,14,31,0.6992046915510288,-0.5837620252208241,0.6079316401783048,-2.367921218861199,-0.38556720197524963,0,4,No
2928,43.67691620887975,22,39,2.065741997500149,-0.053225417873054126,-0.8544936215862284,-0.551709296861704,0.4713243817295227,0,3,No
1788,6.739508488825853,18,28,-0.17730048583548338,1.453912503787458,-1.4176090322184984,-1.5992377860316624,0.22079509954797583,0,7,No
3485,79.38761934469139,10,39,-0.07976260817838131,1.244532180664468,0.18847127141780046,-1.6380503640255895,1.6639646981109701,4,7,No
551,48.668788804239696,22,1,-1.4889275239353628,0.747849354193172,0.4199967500699922,-0.27706930703854016,-0.10042370781784783,1,5,No
4907,164.48511108498778,15,41,0.9855583205837387,-1.5605101948053801,1.3254098694948775,-2.2201563120888173,0.9175421572171903,2,6,Yes
2020,53.33554355290361,13,8,-0.25774640292788603,0.8000506705236631,-0.8787977624358302,0.3496863861162428,0.3000857759467001,4,9,No
949,48.56415641048793,10,57,4.151241397039601,1.1946924650570308,1.036943410250951,0.5249742281141881,-0.8474971957101705,5,2,No
2601,19.225109203223465,17,52,1.2938278435243813,1.3950185396383763,-0.9425285579472741,0.16767803547497515,-0.5706043422415404,2,5,No
533,21.145683439587597,10,54,-0.44812080765554363,0.8114153816797184,0.6413213884653558,1.1665671351039588,-0.33102518111119955,0,8,No
1830,26.404789534425145,6,48,-1.016575501994926,2.0555610437596665,-1.0022331360172423,-1.279319318087845,0.21471539705531278,3,1,No
2918,206.63506962200984,15,16,0.3451705919833726,-0.15928693035016447,-1.15180300516887,-1.897286045973107,-0.5954884869308772,2,4,No
4419,47.80133302595732,15,17,-0.3896531409022785,-1.297668284136256,0.5338692393190223,-0.688747756266279,-0.11417405246945937,5,6,No
3872,11.865102703849853,3,34,0.18896949656526324,0.3232700057853409,-0.18341972754355415,0.04892337164855722,0.1728084159097178,4,2,No
1603,117.27713502529436,5,48,1.049751799276634,-1.3567112093107137,-0.1433240988488318,-0.44808942480870406,-1.3892382943521004,4,1,No
640,55.95273828955624,0,51,-0.9789650287637407,0.6955524212942098,-0.782983895318375,-0.8938154934519152,-0.3929688641172687,3,4,No
4833,19.09396969208904,23,4,0.005284506254803145,-2.410087434049851,1.6939134966400113,0.018243144723057658,0.4024903341814362,3,6,Yes
968,15.76524614095382,21,4,-0.6380944676740209,-0.9859776834192479,0.03544172970632749,-2.5680291473060657,-0.31548848191869727,0,7,No
4238,41.517208753500505,4,18,1.6090401256894844,-0.12141410779715431,0.9965000652290501,0.2746371407375795,-0.7860197211232185,2,3,No
2698,38.306910638807615,3,4,1.7406691833348253,0.42912527721708443,-0.700153526085253,0.3422895539486438,-0.9248544389096204,2,9,No
1684,113.11678858370531,12,51,1.2103504324929446,-0.693876499064711,0.5338410165749355,-1.2829056017854663,2.2264068989731225,5,1,No
4471,44.60889046621615,6,53,2.0931399812771065,-0.3506367306839494,-0.2601985738484698,0.11474098946722232,-0.2667734323895389,3,7,No
2343,4.242864761216777,15,31,0.29246545068078506,0.5884859534502324,-1.420505679773367,-0.34093744918914026,-0.5186825290597565,5,8,No
156,194.01392087564844,15,6,2.0554768586186185,-0.8942720041535557,2.0518127559389576,-1.449241480651316,-0.8124011585565369,5,5,No
2488,77.32047081246782,15,39,-0.6675368824713616,-0.10601816131897332,-0.6455390463595895,-1.2056204167600297,0.7637021746737039,0,5,No
4642,17.929680007827432,19,18,0.659089045769682,0.061141877222002115,0.022256013085185027,-0.10598656246192509,1.56229887274847,2,4,No
1090,25.11084714395161,10,9,0.41690123908383914,0.25686204290712383,-1.2015302922969298,-0.25326432551269457,0.409842978266268,2,4,No
2656,18.43188028519268,10,50,-0.2576174385184792,-0.3488207877772787,1.441539007100459,-1.106966299700577,-1.7029689207854803,4,2,No
4241,34.16271528218997,19,55,-1.9508473190115763,-2.339969453915128,0.6933773908458376,-0.5334803415648466,0.4685372841113179,2,3,No
289,24.725344587003818,20,21,0.07609447892251621,0.47064958610407176,-1.4607253059719505,-0.890608297007585,-0.7191868959629409,2,3,No
931,33.3152976515843,19,22,-1.5490640198561128,-1.783115686893549,-1.1160387151997586,-1.2394845881030299,-2.0460769709014364,1,7,No
2536,94.22072049719382,7,51,0.1951038552133674,0.8413970263814929,0.14487017183958753,-0.5060081939264898,-0.14155753655994124,2,4,No
4029,27.96827532400053,13,51,1.9506670181733474,-0.8406933632494217,0.1621032699428015,0.10182821325178884,0.2408987161575721,0,7,No
3372,7.1258405131548255,8,2,-0.04228295456847738,-1.731130387540856,0.8286250343133083,0.011616281868419641,1.1038456727027126,0,1,No
4622,31.756010605310525,14,22,1.4750670083246924,0.800387995849513,-2.544369466027831,0.3826560494606292,-1.986503349512893,1,2,No
3292,43.69982859227206,19,14,1.6178051404774607,-1.4177166437598636,-1.3419037430658496,1.413173392072045,0.38756465881973906,1,5,No
943,54.09634962510813,5,14,0.7360154431432946,-0.7415980065263982,0.73195872931211,1.4586168472970176,-0.20637242832903097,2,6,No
3860,49.14677707244939,23,13,-0.12217484961797923,-0.30636842843656564,-0.033458182865172006,1.1852698187351407,-1.3145000039219272,0,6,No
4663,58.379842033143426,19,9,0.6375974960089296,2.253552005885196,0.017721836356367815,0.18332165867724248,0.4785899914979593,0,8,No
1699,5.825736358058521,15,51,-0.2523879277059673,0.6529292467777684,0.4166547317919907,-0.8808369978340781,0.13692508502200743,5,9,No
4709,14.779687155558717,0,14,-0.8378074990483966,-0.619753911497243,-0.23533731513568343,0.33732934958577165,0.5422932632892441,4,1,No
3201,18.659031827177326,5,32,1.4610606937954238,0.8936977332084088,-0.12227934392709679,0.08106415459462188,1.0137762279379792,0,4,No
4602,34.60986983266953,16,35,-1.1780903155044335,-0.36674353143220395,0.9591417712981956,-0.3734162264623718,0.07930155967907426,3,2,No
4609,10.588995196862498,10,49,-1.556614475074809,0.5955614300088796,0.10819708525850322,0.45551958402510356,-0.8288792915485487,5,7,No
986,62.30124962393804,20,4,-1.4438161822304212,0.27175385153313936,-0.7372841495408139,1.1993568052817154,-0.6795238298282704,1,8,No
3319,103.05622691396466,20,40,-0.011800348490700519,-1.1428279183441141,-1.2636511076484989,-0.016083878395564875,-0.6319546485263915,0,7,No
2868,152.8280569970738,16,59,0.8322283200504094,-0.3917985240681871,0.003085154087149521,-0.5256078712483713,1.4308826235216237,2,5,No
4057,78.71368300777922,8,41,-0.2660515525759275,0.9364046444473557,-1.6889555713384514,-0.6674746708667065,-0.09695096290634649,0,9,No
4778,14.851788137425434,23,5,1.9769681867603115,0.34557178563369595,2.0603873461116793,0.27081155882662933,0.0564532335541561,0,3,Yes
982,7.165549443749336,17,8,-0.47355532130838146,-0.18933626257802227,-1.4239322686100582,1.343127221733895,-0.2777973059182766,0,7,No
2493,71.23294718341225,16,33,-1.6022364078382039,-1.5235831208460078,0.6211030089681117,-1.3951401309238278,-1.074912565010059,1,4,No
3793,22.764694461489,20,36,0.25270415334845436,-0.5385249123933669,-0.4239610422959826,1.7178457651367893,-0.04807739341491185,4,7,No
3549,15.473598591457778,18,46,-0.4377453640626053,-0.23700191496421147,-1.2451186700974364,-2.480212646832914,1.1596900696096821,5,8,No
2943,33.935060803568014,17,22,0.28843871656876874,-0.6601000822083767,0.8551408751076107,0.9225983594884104,0.6295912247674517,4,2,No
3528,8.814619929624326,6,44,1.8525387023066158,0.30000002863192266,-1.3677956340381678,-0.6310003802202749,1.0183634651575122,0,7,No
3846,3.2085623083314783,14,32,1.6530104189253758,0.9406611403426589,-0.09713983776609775,0.09302793991470293,1.3763444154095885,5,8,No
1458,36.2609920300776,3,17,0.43027536843071573,-1.4728250984696853,-0.143026269782909,-1.6176451708508919,0.6490618805588924,5,6,No
1396,213.2185212972528,22,31,0.8392853589936647,1.8820797322157303,1.7819595813307498,-0.7957578149464997,1.2750461182058257,5,8,No
265,53.06611147564833,12,35,-0.23660552444832925,0.20565664059489883,0.9204144983406113,-1.1382639842752136,0.3996306861600717,1,1,No
4096,5.671104793017171,21,25,0.4418794378824984,-0.5627657915113431,-1.0400970607698323,0.5703553529856066,-0.7189663531217777,1,1,No
930,35.72009044131619,10,2,-0.6259062289491389,1.413474017195351,0.5794940879355368,-0.9192902417102595,-1.2235839110617803,2,8,No
4872,82.05466256033017,3,49,2.0130688676134882,-0.7617116866231181,1.4525974996148465,-1.157798950975749,-0.9044481931205341,2,5,Yes
2693,31.083593515388316,9,24,0.8980003669214832,0.8701989943165301,-1.2803215696356756,0.6985230154358657,-1.0196064713000912,4,2,No
247,11.058666525883096,3,13,-0.0010132325366156636,-0.4901961134780198,-0.34372867153785464,0.8013572363555488,1.4998267972288106,5,1,No
3590,19.163267185221912,6,23,0.7441581885099893,0.42873554132052766,-1.8082218548670042,-1.080057241555741,-0.8067896720369911,0,4,No
1759,11.813972818174706,0,53,-0.19994013798826385,0.6510661227372702,0.1396700822764214,-0.72842279757699,-0.7768521091003517,5,8,No
4866,73.66202555914441,11,31,0.5014699931479009,1.1818164073263402,-0.15591512622008064,-1.1802721637481397,2.394109174362303,0,3,Yes
2811,17.56079756288884,12,30,1.3419992669393899,-1.1677223193904813,-1.8011859834145791,0.36098101048333125,0.83569589806094,2,8,No
924,18.700509711775453,0,52,-1.144872725633846,0.9999294713186874,-1.96549837200535,-0.8375320744394902,0.12012676591124238,1,6,No
2881,44.95132294223669,9,32,-1.1235660822700946,-0.8021165410409284,-1.1297810190811273,0.6122124354521776,0.10647130941483159,3,7,No
269,34.92333909153154,6,12,2.239502879643737,0.47828070073017764,-0.010863746698195903,-1.2949669784744322,1.5464338961560513,1,8,No
670,2.5478647569456774,7,47,-0.5666837568372902,0.5050563461996265,0.7804481806100702,-1.1305139965051827,-1.2876846697756177,0,8,No
4476,55.29016217030773,21,46,0.6902451506944685,1.5068426113852955,-0.9624115536198082,-0.6115588608365392,0.35213767549439434,3,5,No
1911,15.173743689628232,11,30,0.6762764274550901,0.8800878568539743,0.5498699844908967,0.883975575631944,0.451374358902682,2,8,No
2986,21.177248218145163,3,30,0.42583260890531655,0.3648694276074187,0.8243122883270015,-0.40994401986941587,-0.7382047388744234,5,6,No
1153,43.49496844319826,10,45,0.7133233324049665,-0.8940044652384896,0.19836226436020854,0.30051047682512244,-1.329515663151485,1,6,No
4818,56.295715974505356,20,21,0.5380297501369931,0.19310615564433098,0.8206398660350651,-0.46641964394944285,0.4754233997572477,0,3,Yes
3456,14.209316823974204,12,32,0.24747084283400278,0.25810884004994933,-1.3161519694282937,0.2886399471167301,0.5585120787317357,4,3,No
4242,14.174931606265472,12,4,-1.6695931816366265,-0.2763976497172138,-0.6848001077437467,-0.025359007031369254,0.5380325776638044,5,3,No
4550,14.598595653915714,16,9,0.2468788805499315,0.26276569422190993,0.5372355784255417,1.8969822360346478,-0.8704958051834639,3,9,No
2173,24.541042890241783,11,40,0.7067786675108583,0.007294406644997998,-0.15682874325924895,-0.6491154690359697,0.19216183392872419,4,1,No
4516,86.024126159801,11,12,-0.0244360796822767,-0.15005212306100058,1.4645379897484432,1.5051533841796465,0.3767996927467253,5,8,No
1916,1.5720294605624974,2,1,-1.6146341779209363,-0.26238603616591866,0.8665217208419668,0.2529570482729631,-0.10786405129862556,1,3,No
613,7.974632488010289,4,9,1.2973037604805013,3.2334936632485123,1.2198708241503822,-0.5653257858897562,0.6297818242852791,3,3,No
2407,44.28885998704776,0,51,-0.9709212983234546,-0.9166943638774402,-0.3186547224035695,0.1143510076537779,0.15525032504097389,0,5,No
4206,25.602298042307886,20,27,0.27147716843810243,0.5850997645137889,0.09140384570291901,-0.25004801489005846,-0.876318380547652,4,7,No
1899,21.115969828931338,1,42,0.31232859035487776,0.0257426758825733,-0.5315282490933342,0.22734998005777673,-0.9376615093472555,0,6,No
1650,16.54131910533851,0,14,-0.21592678953939803,-0.37532662535775185,-1.0390452044290517,-0.5673941757528043,0.13509141429097746,3,1,No
2608,27.20774239307305,12,36,-0.3322258169210742,1.2914922913513938,-1.2324066869252508,-1.2165166508000995,0.5913091627128223,0,5,No
259,28.967573102326885,6,21,-0.6228208365228246,0.7444087336977152,-0.3754001639752333,0.3556933821137109,-0.7233346595322319,1,5,No
848,77.57813134008713,8,43,-0.267070538383089,-0.23510914840814795,-0.5379819271558055,-1.7102121563216897,-0.6776217153899684,1,1,No
4252,21.468205254466316,0,24,-1.2047863626172994,0.07330601752955435,-0.852167963258619,-0.5778804099301046,0.6717327003176705,1,8,No
1234,36.107678441116185,15,20,-1.4339373740349537,-0.467025895079761,-0.10837684395414768,-0.5556214596102388,0.3511439770458093,5,4,No
1128,30.010700388750625,7,42,-0.05303244441196505,-0.5375427685629494,0.0031577227385055856,-0.5672801739110117,-0.22353824155447785,2,9,No
1968,30.30722263030945,20,18,0.8217894239330871,1.2011356152362465,-0.25457382323628786,-0.017636650032275488,-1.1263308601925779,2,2,No
559,9.540331300747976,21,1,-1.033323162938506,0.2617460947171974,-1.3495967909863944,-0.4664553546461,-0.7984737327699676,5,6,No
3906,382.3429034281294,14,15,-0.1874151201715186,-0.047544005809299295,0.40923512447303334,0.0897450711494196,0.9817048173146039,1,3,No
485,31.287442082179705,4,14,0.09272620522395288,-0.8238287659065117,-0.298448925490107,0.8735742024863639,-0.5143890198220461,1,8,No
1321,15.479106578496706,7,37,1.433783954505778,0.472040083088418,-0.9685349230520062,0.5089786345523063,-0.6503028983172799,3,6,No
3405,7.274012598009581,18,14,1.6258349214212606,1.0504954033353462,0.9561157105190544,-1.049388772283755,0.5249991699014556,2,2,No
8,24.137276968159757,20,37,1.0195070602013239,0.41920060829060546,0.1482230961834784,1.095154081312597,-0.7307124752012204,3,1,No
3280,22.204166328174033,21,52,-2.0685465661757,-0.8970340556405135,0.2705202171981383,0.9554674042059295,-0.5992777907759603,2,6,No
3190,8.482024581676974,15,38,-0.17177800302987245,-1.1216693928988264,0.5838966157876588,0.40213117381080843,-0.15549808664786932,3,9,No
1451,23.91378302885766,22,20,-0.16511965017241503,-1.354580642471999,1.007466733665825,0.14377566826372068,1.5059441239789821,3,6,No
3981,45.943440940064896,2,0,0.45899864779895094,0.046421810860825204,0.4661175351193264,-0.6698200994261782,-0.6385798514760365,1,5,No
1815,39.258851832319955,17,55,0.9209464430715432,0.1836091643903449,-0.19149053085420917,0.9058153852833678,0.6810315435642617,5,5,No
774,127.82026800437616,1,22,0.40030340649868873,-0.7507982732920492,-1.3705020650543835,-0.6103616315042307,2.186975838944824,4,4,No
1012,140.0927623188027,20,29,0.5395810642366781,-1.218819096494881,-0.5277557779093213,0.9013585827468928,0.7527213048609925,4,5,No
2819,70.30705624786395,1,14,-1.2427332762339351,-0.39015416111174067,1.3755001385101429,0.5272713484300947,0.12987504139043662,1,8,No
3276,10.676163647047225,23,40,1.950298638778356,-1.4060311971642363,-0.44567588006256387,-1.3869919154945942,-0.8365848119285502,1,6,No
1992,57.129650892815924,5,2,2.2159509392766945,-2.1922185694208616,0.21434151950750518,-0.2652036075300573,-0.213093385083063,4,3,No
1278,167.34713523998334,13,52,-0.617293951412198,1.3381795700463186,0.20478261029949818,0.6308009334244812,1.4165887294944217,1,8,No
1784,12.38621327420385,14,39,1.5960335983414646,-0.18708817975030356,1.043108922882558,-0.839602998877688,0.37235325312685075,1,3,No
3106,34.627850324600445,19,15,-0.7604223965127959,-0.7302361621819414,-1.0389891372689044,0.9482969578735007,1.189721597394168,3,3,No
447,96.27632252634022,10,41,-0.6374814493171534,-0.21371023394730407,-0.5346002402671326,-0.01607783452684818,1.7780160768072877,5,7,No
881,41.494456479632795,20,3,-0.6812176235921815,0.2570751986749299,0.5198037535556334,-1.41453231794403,-0.5039951083635509,1,6,No
4460,40.940250590334344,9,31,0.02735798989342643,-0.2869792496103841,1.5493192818057706,0.27024082625921153,-0.48646266165058716,1,8,No
782,30.577683213706806,16,47,-0.7659459400266918,0.11408741457432525,0.6207974391473984,1.192672233415663,1.0449712989467017,0,7,No
1750,80.87104235755275,10,37,-0.5123502170389053,1.1650887873273892,0.6266778824519463,0.4043099616641605,0.22900740104477266,2,2,No
3389,7.033910595642479,22,24,1.1064324181752578,-0.5641448153028094,-1.3724556119010523,0.7626928754138702,0.13019874366571751,3,3,No
4882,91.17687240916867,16,7,-0.26592975272695596,1.8373467935768564,-0.5347442197826036,1.2337177961389603,0.6664758065352536,0,1,Yes
884,10.257697579457357,12,40,1.664942851172679,-1.3785983876886816,-0.2826048514777008,2.1323045542713843,0.4081300829757099,5,6,No
2945,29.01749103145338,23,35,1.8905775277844614,-0.8762876130095373,-0.8039483095430128,-1.941708455060482,0.8664289846936486,3,5,No
1092,33.39832091533954,7,19,2.360137249657536,-0.6152831127643412,2.12407758617894,0.7682994886584328,1.3403873330267184,5,9,No
4784,95.59690532272546,9,20,3.5437615123710025,-0.07116002713223474,-1.3341776903602067,-1.5328892917017058,-0.5037491175796747,1,3,Yes
532,12.921310228341174,4,23,-1.310216393716633,-0.5620718751101198,-0.37274670030782203,0.5921271511533787,-0.9472499002293007,0,2,No
4023,8.528386170546876,16,23,-1.685696715862276,0.5699304674287601,-1.2052048365490886,-0.5768200084573842,-1.892125588837598,3,2,No
4422,71.1893007055242,4,38,-0.9229883493783066,0.17650573046074605,1.0346130217275102,0.09891042483573448,0.48383648805288965,4,4,No
4099,51.22765142891941,8,28,0.31829347193789237,-0.19224027576583907,2.127625966600811,-0.8686576848333946,0.6024084101916778,1,4,No
1728,19.506108897431,12,39,0.4224287792679962,1.651726075656116,-0.2466188732042133,-0.7663726207717061,0.47037171432699054,0,6,No
611,11.771624690541744,9,20,0.4693409662141885,0.00642023852435217,0.8156703423719669,0.7164652043104087,-0.16499175013517703,0,2,No
571,7.782462000101218,21,9,1.0379892900207761,-0.18009930097924454,-1.2851820924548754,-0.20817192870876858,0.36404108111320266,2,9,No
2672,139.20923997133966,4,49,-0.4933317444243156,1.204823205338514,0.6820856548099489,-0.1866666193776735,1.7665631944954459,0,3,No
3719,52.21127346933327,5,3,1.5308099945178637,2.202669817231093,0.41128985722026773,-1.9001068220141835,0.4769897559945693,3,8,No
344,50.09345121986837,1,17,-1.872175740870574,-1.346529213134141,-0.25652555734260035,-0.06942636681888449,-0.7930537761305755,3,6,No
3001,115.47137882507879,9,14,-0.33335844023348676,0.25247283996301917,-1.2252157958963403,-1.2713437135980854,-0.7129438915654098,5,9,No
3140,237.98221689321718,8,16,-0.1224741611083615,-1.1767557617174709,-0.4312052075813831,1.0508041652173317,-0.9741890607301554,2,9,No
435,83.78860264107018,20,38,-1.2265055930225495,-0.8496410351358846,1.1547321025451627,0.587917945913622,1.149203137670543,1,3,No
1904,29.07776923768308,20,52,0.9887228007219653,0.27106358428850885,0.8518992687651816,-0.3281355278399193,0.24318433089133337,5,6,No
3805,88.49235874853599,5,5,-1.0595034123643294,-0.41439415065527285,0.2978543673592778,-0.29262383860270846,-1.019992309594743,3,6,No
4777,25.090071425122638,12,4,1.2737690045113796,-0.11739426219256083,0.41040485821982486,-0.8755627748622647,-0.6145038690412594,3,5,Yes
2070,27.221189674237017,16,50,-0.09561484916431168,1.7220017623455741,-1.302267368971505,-0.13714283589574375,1.9996737921018612,1,4,No
1538,6.126675717764769,10,22,-1.00835937134254,0.7458644997834322,0.41601663038376163,0.9177853448957316,-0.5147120225832186,2,1,No
2253,65.04924899794698,16,36,0.15685302829435002,0.17577524924004453,0.6213170284965213,0.7410632860450097,-2.086366677487968,3,5,No
2347,27.761052509040766,7,47,-0.12686877615202616,0.4781317236434184,0.30275170329694523,0.09300346417980701,1.0285138034825314,0,2,No
1518,122.9804330987634,3,53,-0.02628395754211129,-0.939173032096112,-1.2993666792404774,0.806322426028862,-0.7569258503964148,2,8,No
966,8.459231648458971,15,56,0.5645841133165913,-0.367035105930551,-0.08558980661080533,-1.4576473569847277,2.325911716715314,1,2,No
4407,19.428631281031162,8,15,0.4867283127133465,-0.4289983400741094,1.6990449866852613,-0.43800264470503963,0.06128630753386176,4,6,No
529,42.87242405462881,6,0,-0.2404989584823943,0.5179041881781331,-0.4104565910390145,0.03620263925982666,0.7506999816780775,3,2,No
177,160.62801990061587,16,52,-0.6616243924638191,0.9040649493002597,-0.6934133311673524,1.4851563449378529,-0.31583416831982436,2,7,No
3483,87.77281381811702,18,25,-0.8125678257952536,0.012401944818845387,2.373489288752978,0.11746129945236675,-0.11551838054098588,5,5,No
2544,72.78302132073638,0,18,0.7408964952471109,-0.7275983327674701,0.5333219529159293,-0.18516342224493876,1.3610849730784083,3,3,No
4936,30.92266758902094,19,39,0.5883420677472967,-0.6111920253239514,-1.4605694936354312,-1.7040810567757916,0.8671271717357716,2,4,Yes
573,43.03594996391031,14,24,-1.3307324368607656,-0.070534216845166,-1.1685714998568588,-1.1180839823267146,1.6457226136182097,2,7,No
2300,24.3828728033754,15,5,0.581248015410128,-0.20067369012537317,0.11599268331242134,0.0381268154874417,-0.706794808628176,0,6,No
3509,57.16139956129854,12,43,0.2977981679429343,-0.5546451572045614,0.14722825871345485,2.0475051100986446,0.6221668898415977,5,5,No
2460,4.871503091447721,20,51,0.2495259006308594,1.226022178048868,0.8553035833207868,0.9832428819980648,-0.19907166159309786,0,6,No
3610,31.85167481881346,7,54,-0.9838731360380362,-0.0067787857349241665,-0.3026193510081048,-1.0304685970840004,-0.48889156318608895,5,8,No
4555,196.57390338282764,16,25,-1.4805564277819594,-1.0457260450529462,-0.9656936365684827,0.9824128235630344,0.8358155446092013,5,4,No
2209,60.99823421204804,14,4,0.7375785328332071,-0.630096707424706,-0.5038587954843133,0.09700057545427611,-1.2673989099597236,0,5,No
4721,2.126305857947778,14,6,-0.8286038865173898,-0.5199762424297129,1.0582226891092907,0.5371253071774642,0.1761111364383658,4,6,No
2756,9.998266330015923,1,24,-1.5304736620270185,0.5146418238593052,-1.0823423568066892,0.438258019764092,-0.8055540385185906,5,5,No
384,9.472120368593748,16,6,-0.413086387660893,0.033610286911577296,0.23077279495527736,-0.7891646992724058,0.9014467003353596,1,5,No
853,82.15447856291,19,42,0.9652226289731026,0.733317864600333,0.27472364844982017,-0.3287026251359748,-0.9862951545724351,1,8,No
1881,68.36456751037376,23,45,0.5147785518436808,-0.1754434421832799,1.3974187713789425,0.7721113787740158,0.07757660711568605,0,9,No
371,33.496000899160514,14,50,-0.6514950825192756,0.26622298463456223,1.2659435841485986,0.5543913351736333,-2.599534498370238,2,6,No
2379,34.557721897231914,19,29,1.522896069369992,0.1496465984459531,0.5655111216544726,-0.5884572179411017,-0.27218052729658815,1,3,No
4324,37.20593959445706,0,45,0.998652976595707,-0.2117178596961014,0.9218349343125384,-0.15021158483774114,-2.405327852769715,0,9,No
1106,66.73457315986523,7,41,-0.3745169729694738,0.41615155727419645,0.027728679388091582,1.2962584129368084,-1.5847230182129213,4,4,No
3414,23.148670068308608,0,28,1.3045896367559764,0.7919933451302751,0.8046191409050012,-0.9091558619701235,-0.47122908639120165,0,7,No
3947,122.47606507848676,21,22,-0.17728113067648274,-0.16653021547556193,-0.6007706954923719,-0.4074594927456377,0.5501228344505633,1,8,No
1337,52.907905947775376,19,2,-0.7635976576279362,-1.226815328083239,-0.5156941089445665,-0.3154306472228784,2.0491460358467033,3,6,No
2190,57.339106284032454,14,40,-0.5241716983237139,0.37898225857006895,-0.29431337433662763,-2.0085948022004048,0.4401064921133193,1,8,No
4595,70.60622890153836,15,0,-1.9916903346432715,-0.2670612611923911,1.0223114571791216,0.4484707094933593,0.2549020079280944,0,7,No
2320,25.269624402258938,5,8,-0.9348262136644454,-1.5895072437723774,0.6248033350255074,0.44639714947946735,0.5567690282809071,5,8,No
4706,58.870924782400394,8,13,-1.392135580074434,0.6546289041655443,-0.8903696639460954,-0.6344716096592123,0.9048511195410772,4,3,No
3711,53.00839809224436,8,40,-1.0325026704167284,-0.36118234934605215,-0.41891725186811296,1.5360882878783755,-1.0353344182808668,1,5,No
4849,28.554359067518014,23,11,0.8323139891201721,1.1672389952235545,-0.13139179861400652,-0.8745128912776359,-0.3248862374967787,3,3,Yes
1172,4.912925487983976,1,47,-1.2644513482829278,1.7907960886110448,0.7105024136636414,-0.28799689099912607,-0.9354531459646455,1,1,No
4326,21.274880492077134,2,21,-1.516410660754228,-1.807198082017861,0.6034085264205965,0.13522092503440442,-0.7817945401483878,2,9,No
2695,134.17385463787255,8,12,0.2565946163030602,0.39221601693713115,0.8930476980827567,0.874408911351857,-0.30418398259205837,2,3,No
1423,48.93684534632455,1,48,-0.4848160224983458,0.7296259919185254,-0.9328903964177435,-0.0541548642225358,-0.3786562845393365,5,8,No
2342,27.38316277086046,22,3,-0.0072815451385564575,1.1095580667467424,-0.7577211325275646,-0.7422167279197915,0.09104570332997283,0,5,No
2652,4.963869114735579,23,8,0.2973042459594577,-0.8009203358967713,0.13787192149519203,-1.1930729967370544,1.3488909296540648,2,9,No
4156,18.921516786880492,12,44,0.24405614230076836,0.8202532507980613,0.18516595543401393,1.4041936936416293,0.32968143415507173,2,3,No
1465,88.9926019807454,20,48,-1.740914883756743,0.6773998803592036,1.9808864004219644,-1.6176153488358151,-0.9504279159303584,4,7,No
875,4.993083958847788,15,24,-0.3107894829721992,1.5424818668441505,0.30657753766456786,-3.0828051429488132,2.420938515658837,3,5,No
3340,6.501011538157037,10,25,-1.041628580059711,1.557385362131891,-1.1099815971120328,0.25726895950847095,-0.41523945734530465,1,1,No
4341,4.311946789476017,12,46,-0.6769940989315164,-2.3277367759056697,-0.38718025602818623,-0.6824069285791311,-1.1430532825977944,2,7,No
1252,150.92645378553806,0,45,-0.05613814540967522,0.28773547176431985,-0.9627249573939305,-1.4251105907999537,-1.378597656794626,3,7,No
2349,148.71463255856125,22,8,0.8119660957518811,0.39725468003374453,-0.11669005993665713,1.6864256759352592,0.7381489163330344,1,1,No
841,222.52961949326198,21,14,-0.2333323411755965,-0.5079742372415168,0.790011098611832,0.4229807383568256,-0.7076374310992968,3,2,No
4569,62.93817858448475,18,2,-1.2519853254848416,-1.0438978550374658,-0.2184358044286197,-1.341995532252021,-0.7987002363749919,1,8,No
582,10.419221690595322,11,28,0.7642861923700136,1.7633608177300442,-1.4369692974692159,1.3702831179905761,-0.9912443119995229,3,7,No
205,4.2623808918958614,9,58,-0.3147719499179916,-1.5974276211665621,-1.0141596921402123,1.3603397390464533,-0.14248242438660505,2,5,No
1642,54.76485567257242,6,26,0.7030654937943431,1.1684889308284685,-0.7251413588441443,0.8038364226253637,-1.5026809519567987,5,7,No
2015,162.42539775579036,20,10,-0.5902909410086109,-0.10097871668938288,-0.09717893606704177,-0.2099584361023333,-1.0285651484486498,0,3,No
906,259.9003193852333,15,25,1.4295623975478253,-1.6292828029141895,1.9016969469220728,-1.5724754137934402,-1.1983080750832058,4,5,No
632,423.82810174197203,5,10,0.8693254268826153,0.5398849872492323,0.2733577439977027,0.10869890001506896,0.8973906253249794,1,7,No
3365,53.822358115313,1,21,0.027257632826938362,1.6736947625658618,2.781304470368258,-0.12127853236459919,0.334882385033006,0,5,No
1975,8.668049479726221,5,43,0.07937016601744597,-0.6050005508873477,-0.17786577356298044,1.413567135542141,1.3808878160696472,5,2,No
163,278.236016140675,1,2,-1.4517054137653986,0.7817402280478173,0.49105460480878543,1.2859973646782836,-0.2108297133561673,4,3,No
3173,87.94093271641373,20,19,-0.4215483150369508,-0.7769593763625023,0.7250216447410412,-0.2724862647495277,-0.6957491389468524,2,6,No
3613,18.551671900857293,14,41,0.08733397526140259,-0.08063383486015689,-0.35086510089874773,-0.01541652581970793,0.7637119213395795,5,6,No
4676,124.0779506870247,18,38,-0.22798749042010016,-0.18467347935022801,-0.6006533922317264,0.12522169727476834,0.6875466012068657,2,4,No
618,42.16727817957634,18,58,-1.7776700611633918,1.4121933783329124,0.15971638439554017,-0.04384263102496118,-1.034765940550586,5,6,No
4069,30.14446203200107,19,23,1.1227618138884605,-1.4464059676332515,-1.170002811589546,0.757153488680802,-1.293627186430819,0,3,No
1432,13.07903848321451,7,35,-0.8884646637338346,-2.6167496049557637,-1.60454308223482,-1.02830161270673,-0.6556915889970717,2,7,No
548,12.078946253808848,20,32,0.4566798597822596,-0.34922829951416257,0.7671248320175574,0.8160419052551146,-0.1906374695919598,0,3,No
3335,35.03002858027953,6,14,-0.3754017433476259,0.05134382423519605,-1.2775441638102956,0.4759445972538914,-0.6809668503361826,4,6,No
4547,2.2389284532060683,15,49,-0.4947074911803534,-0.9570755631547909,-0.7422538374638797,-0.6608861109317863,-1.4682717504673002,1,9,No
4224,10.049451674018819,3,35,0.677972013296056,1.739070238693987,-0.34454833719499417,-0.3445906866602312,2.5178282365823086,5,8,No
2388,64.6220279922599,16,6,0.7348170667287091,-0.7130947942136585,-0.7146073036523718,1.9581369349227224,-0.5312127717698095,0,8,No
4244,15.610811925630616,6,37,-1.2006794971981296,-0.41663839555413007,1.0375403928659435,-0.767659290649456,0.4105979713461898,0,6,No
3996,16.79719362220024,15,9,-0.5788556197884449,-0.10690662541073999,0.857971346529255,-0.5470082766076154,-0.71539345572387,0,6,No
4066,50.163099679839675,15,26,-0.44513357677642623,-0.1281982549724623,0.60066908316219,1.0747034916472022,-1.5186678350997536,1,2,No
1862,11.194128251451579,3,40,1.0683429769514334,0.9013025951587312,0.8898993632435327,-0.1550167029115077,-0.43731489577742866,2,7,No
641,7.430509131824147,8,45,-0.09968952988746987,-1.433044769968679,-1.1427084598637094,-1.2784099400396236,1.3068512236723466,5,9,No
3903,7.226000987552137,6,17,0.2199593929655201,0.17173761860476894,1.2277702084587485,-0.23703288187389265,-0.4656530726109896,4,8,No
638,10.876581134430268,19,43,-0.3258272174433068,-0.22692243354181574,0.748959498198562,-1.1683219148586013,2.018110556755782,3,4,No
4263,20.76379431265823,7,21,0.26731829488695025,1.0539887918519086,1.0744990285793043,-1.0280960290543202,-0.5180633270166585,1,8,No
3911,128.07216700353177,16,35,-1.0048014641148848,0.991122767039087,2.7358655045915286,0.6754182278013282,1.184013718282857,5,8,No
2987,40.87565570450778,9,37,0.25295201435955705,-0.7117129410262295,0.6422172894524637,-1.1783732788607815,-0.4403846593952664,0,1,No
2097,79.10869321907317,7,24,-0.8429288013477375,-0.23178748714611774,1.4041283796080901,-0.07444949739319742,-1.3221682177229857,3,9,No
4612,242.49640363310996,22,38,0.49769669532079897,-0.4963689264227215,0.040427072378806,-0.8431711564833136,1.469297892515984,5,9,No
3076,14.052827150624001,3,14,0.8330185296212462,1.1540467091711875,0.07894806026243958,1.831459031859799,1.3473867522162726,0,1,No
3675,8.49079870688844,9,52,-0.728524841720914,1.1614812410201583,1.5579977955147606,1.1427061072303937,0.9573815707063207,4,3,No
2842,99.09353807026268,13,56,-1.1308093139660624,-0.464315394551542,0.3545856130767431,1.2821920256572852,1.2812602922581782,4,8,No
922,13.915380562346602,15,53,-1.0295889030070344,1.0784225264225882,-0.11452238658911257,-0.326135109704956,0.4621756227502112,2,1,No
547,40.584581993162814,17,52,1.519885075110083,1.0128562081485508,0.3505878868631747,0.16609486126021009,1.3806311003494742,4,2,No
3667,33.433295886585555,23,23,1.3922089505320616,1.2439967164287815,2.143289188570422,-0.010572199431224092,-0.4106894594878018,4,7,No
1901,19.018792976649635,4,20,-0.34132171218916313,-0.10817402174670016,-0.352058229531837,0.5008192220989165,0.7200765660795322,1,8,No
2029,40.66673868317237,4,3,-0.6490793125443132,1.0545944376485756,1.216148940980018,-1.1144114018925153,-0.1480446687526502,5,9,No
2302,13.598768677668058,12,54,0.6796931026475401,1.3769081528064424,-1.8116718979804987,1.6400612383692947,1.1641596759081714,4,5,No
1886,43.2387103951228,5,42,1.8504168680581128,0.5680706632702146,0.592135081223133,-0.24164480725949886,0.006323989816705009,4,8,No
1643,2.9620812580259552,21,7,0.6632076298264207,1.679012447897024,-0.2400640653984051,-0.8657497217890644,-0.9171488778314291,0,9,No
3510,11.744406689585865,9,52,0.4633787341256838,-0.4210860362295192,-0.5095445347890393,-0.011321970470049783,1.5190901151819494,4,8,No
4810,61.82613557243029,9,32,-0.38660572777231383,-3.1545645409932077,2.757028783667903,0.5308278276581917,1.8971694809703659,3,6,Yes
2098,14.812528897435763,23,6,1.5324939714590151,0.5958774356488822,-1.56248307069533,0.30680493510414963,0.38369709915070194,5,6,No
4358,23.043622489208506,5,42,0.23754539302335487,0.7070530999820835,0.5466889786946403,1.4087164652803053,0.45464251213034335,5,7,No
3789,196.61095483134554,22,49,0.8420937024676449,1.464085132591689,0.9986817568981882,-1.3193641842250454,-0.9488478296219196,4,1,No
4495,45.76250331797613,18,52,-0.6675003431336348,-0.5170795735981162,-0.012124372256320298,-0.9325931528828654,0.333323732102234,0,8,No
4968,18.622626061497062,21,18,-1.3290331282157994,-2.648471613781734,0.19066721625328897,-2.533328494976999,0.9715668321809294,1,4,Yes
837,23.896643147107877,13,16,-0.3592066916521446,-0.7577967064033425,0.15504625630497473,0.2398894801181584,-0.5566472142917076,3,4,No
602,18.586975855839732,20,53,-0.5076045890756089,2.357799723374719,0.23366374340532553,-0.061812190903049326,1.19085104425809,1,5,No
2185,5.809514537312485,0,27,1.6450252236564493,0.5459630955291201,1.2334481539361506,2.5919470477380866,0.8373742843906191,4,3,No
3866,11.105558287593611,4,50,-0.793645362637077,0.2574867065571323,0.5096334720212865,0.4384772192666922,-0.29788952836601873,1,3,No
2482,13.718723142671712,20,5,0.03673098437154982,-0.22648308602302578,-0.10567167547406495,1.628295386951797,0.40278257379117727,0,6,No
4308,268.18286754177836,7,14,-0.36828240352530817,0.6618383704752678,0.6336288982725099,0.6161459956972797,-0.5153640820084743,5,4,No
1583,57.4090809792862,7,59,-1.6707101476422996,1.7627267177292758,-2.2127734108941257,1.1937234989771022,-0.8208690112974731,0,2,No
4267,14.88960823405283,21,22,0.6372790224822711,1.193330921295176,-1.5524490998928218,0.03895177893839231,1.9010804114372304,2,1,No
2534,38.30248610109099,14,35,0.7198306439597918,-0.30379228580670764,0.8026377088302911,-2.947413065987675,-0.07278325582567634,0,7,No
2726,22.857735992801572,6,40,0.37279977375507595,-1.224923590526553,-2.1199852990987345,0.03884968559051807,-0.09936948915525076,5,7,No
1071,27.19720746480063,7,56,-0.5670169550815609,1.5230949162350476,-1.4090865905334917,0.48536617754554423,1.7313244109212866,3,3,No
1776,44.5635326392406,14,8,-1.1930397582454333,-0.4411392516375624,-0.6227765566217982,-0.285103802686256,0.6911685352578869,5,9,No
4809,34.68445499496878,12,44,2.6123140706599086,-2.3340302658892362,1.2339287622590593,-1.4692202862350139,0.1519782010218318,1,2,Yes
1284,73.39374068549115,16,24,-0.6060715898941221,-0.9428257182825067,1.5626582864273035,0.8020858742186469,-0.5441519127185926,2,7,No
3051,89.64511638841748,15,57,1.0504099795852984,0.511813290920396,-0.012931644603454636,-2.202519212380457,-0.4907725036179891,3,3,No
4754,12.885169848324894,20,56,-0.7814570276938548,-1.1239951481717212,0.3488627434067819,-1.1279738725738162,2.076340062345629,2,5,Yes
1837,41.24726993431575,2,24,-0.4542567563147595,-0.7717100009985014,1.1883422048081194,-1.204702794582884,0.9835638986838199,3,3,No
4243,11.604678725198111,16,52,1.0581587013248606,0.6706996115097456,-0.18139940381272954,0.6352486283047901,-1.5456143361879546,3,6,No
1020,61.54089821907641,5,32,-0.6581572362146048,-0.4170738021540699,-1.2522882388968095,-0.4650200911709756,-0.23310832997841546,3,2,No
4134,30.836033743145553,4,31,0.2732695421524577,-1.585464357237008,-0.0478838146975563,0.45075838927422035,-0.8597655428426207,3,2,No
1327,44.3864313939249,16,55,-1.3539942359944126,0.5197244960339101,-1.5339620122686228,-0.23266349305466327,-0.32607718575822703,1,2,No
476,23.588080387515596,1,33,-0.07285705542694518,-0.2665848846231373,-0.5138134834059732,-0.4397230014832396,1.1120145981367944,2,7,No
4272,11.215459933676275,5,44,0.8104721519060875,0.813166194426149,-0.6730670683542538,0.7680074944198942,-1.170130028359831,2,1,No
1652,118.2596663135585,16,56,0.5739306153664281,1.3511506197724128,0.8416781361027316,1.024613117720868,-1.3797356790288142,5,7,No
3999,17.294634180306282,14,22,-1.255625498945233,1.5637717926116745,1.2660723566460805,0.7271192703383661,-0.43132653339656546,5,9,No
4468,24.168819675449868,9,7,1.011831229528796,-0.20527294641358487,-0.644223698729313,0.9053448206937561,-0.057288546480717586,2,8,No
2611,6.246150788067702,23,35,0.5106761426572534,1.7564835388897118,-1.1276383531735399,-0.07329129089071088,-0.18198231413405871,3,6,No
2477,4.342196957069691,11,57,-1.198124766698186,0.11849479816377954,0.0067610613883565315,-0.14301452305724197,-0.38260722864699254,4,5,No
2584,46.51656912951558,9,14,-1.1072038446128278,0.39259263896497654,-1.5152734796940641,0.62438925730379,-0.8838418217670303,0,1,No
1374,6.6507441646623695,9,52,-0.47486971630672553,-0.9671585166762892,0.5579510813929365,-0.6810703447669576,0.5125451041001348,5,4,No
740,3.4998896683122656,13,6,-1.1445006174317105,-1.8446572220162265,0.436637577686489,-1.00567841714885,-0.06530673216548083,5,5,No
3619,46.908693274685255,21,46,0.4384687785565753,1.0724353864642948,0.8524559792186709,0.8914372153291228,0.11350661563375239,3,7,No
2441,35.520612391719446,23,53,-0.05650819214600028,0.11661850230386629,-0.3114232441637862,-1.9805560711064139,0.8801748582231509,4,2,No
868,22.044348192280903,16,4,1.9252130777592544,0.8563089769555172,-0.45665898139238964,1.423818846944411,-0.5356089152590949,0,3,No
1141,184.71147315283818,10,39,-2.331812187036408,-1.6308377931125622,1.1900491785997527,0.617294080661561,-1.2974390314394313,2,2,No
998,37.3815754982303,22,51,-0.6862469680194502,-0.5679481469977529,-0.5382415595385981,-0.9849435158485111,-1.751083332544723,4,7,No
1338,63.93634700764145,3,19,-0.05860236361008462,0.264338468378001,-1.2805465775873714,0.4021655344526143,1.20891595227157,1,2,No
542,14.494518357451136,3,10,0.05523925928886656,1.2146838488929317,-0.3459516301665442,-0.6901049080521332,1.4180705541247638,5,4,No
1100,114.65871229901857,1,26,-1.0744136491124197,0.7478451949043599,-0.21876628778938723,-0.6357945446144277,-0.3253339350685435,4,5,No
1133,16.67894797374881,1,7,0.004668895576048859,1.8921837669682295,1.5576367440167387,0.2742386526975789,-1.1486683659050159,0,9,No
4065,39.70318447492359,2,25,-0.38225136969759355,0.11908457974518481,0.8833438920034106,0.6210850400888195,-0.6765960082195143,5,2,No
2716,35.42987830536701,15,29,0.32262188515545115,-0.12719232215678342,-0.25144406794287916,1.131400925975388,0.2403946495362396,3,5,No
2259,97.9626605689824,12,54,1.1605593280564532,-1.031848844224768,-0.7476829058353383,-1.8292466620316457,1.309506304332777,5,3,No
4751,180.61307039170356,20,42,0.39165414770135193,-0.006661890178664587,0.9774725026873531,1.3914663479942602,0.08995622860590857,1,1,Yes
60,87.20645510350722,15,32,0.7772165364561262,1.2871702425080878,-0.5350294543083745,0.9272264856887904,1.3609015874770531,4,6,No
2884,103.62854153876847,9,38,1.2210468021512841,1.9629235439710266,1.0647258668844564,1.8858716677604708,-0.6913319246675488,3,3,No
1939,16.822643663255906,2,45,-0.24951152033808952,-1.5604296200844328,1.0160595313515508,0.16349694608444856,0.389014694713492,0,9,No
2577,14.64608921457471,18,21,0.3998158863956893,0.5740363495126378,2.401700275953115,1.1506442013607254,-1.636370344363338,0,2,No
4937,89.59516430739586,17,10,1.3761796636617187,0.9370888895060867,0.37860263641626,0.16251130787914536,1.424805734057281,0,5,Yes
1079,18.4195926296624,20,46,-0.5895199002655438,0.161133351784875,-0.44783466209495515,-0.3578047901165117,-1.6612719027731333,5,1,No
3250,39.8783901736127,4,17,0.5423344030060535,-0.32974641947704414,-1.0260092490528603,0.2753730968446809,2.119879786875061,3,9,No
3128,50.0434383476919,14,29,0.20090410119253402,1.2791631656965243,1.5843402143895016,0.46982070361352135,-0.6945055177749719,3,9,No
2489,131.33302018840618,4,18,0.33171608186131646,-0.6415284427359669,-0.28691872418274067,1.0570212604673288,-2.2814867670234147,3,5,No
941,40.91962319857452,22,44,0.580084167568543,-0.8922229553220049,1.882873676465777,0.09738927517017688,-1.0941030428499863,4,8,No
1081,42.256258812321995,12,6,-0.2670788900983261,0.1459987585641536,1.7154210977992332,0.5283203232788767,-0.864853980137977,3,9,No
188,9.733085600506872,6,40,-1.1452279708867228,-1.8717014863994363,-1.2512806335226867,0.11195924144437792,0.9802337687226637,5,3,No
2635,103.56604021511322,10,43,-1.315862876362464,0.32571716918682486,0.24242775403789432,-1.2018758779241003,-0.01660300193008339,3,9,No
2086,72.02929843767237,1,1,0.8057915963088538,-0.7871029985946293,0.9126406596059781,2.0548929211131277,1.346663270971097,5,3,No
2250,106.2369620209381,23,30,-0.6446527223520863,-0.40794382113068245,-0.6411712083613678,0.7653441719145009,-0.7535990864709267,2,6,No
4891,126.8842910928683,3,19,2.428843033614152,-0.08807474440270513,1.86953356602465,0.7496451209981783,0.35671427666019434,3,5,Yes
2024,30.882856194911515,21,0,0.38003140719429374,-0.43952529781711375,0.9201465461310853,-0.8618147129764268,0.6266443535564412,2,1,No
3540,14.67037300209341,4,14,-0.2959578904884265,-0.5810692145823946,1.5297758630635638,-0.0885912930181997,-0.41231116673332896,5,7,No
4049,27.743079284178613,2,1,-1.1268373489932375,0.09079510219300672,0.36733351636194933,-0.4908452588868067,-0.7794881892809884,3,1,No
3607,6.373972227907553,10,59,0.7611569856467785,-0.8002591327204994,1.2666419019075918,-0.12372128983951212,0.033283008602781175,0,2,No
227,410.5402755729688,11,5,-1.0110037937149083,-0.37138664118742654,-1.2424584874574092,-0.7051912089293261,1.2521054245085916,1,6,No
4848,137.7174629986203,4,5,-0.6764499261731056,-1.6591748279989553,2.4333095911657807,-0.2368672414812366,1.6649725056450548,3,4,Yes
1930,68.88426722360998,22,27,-0.2605495207917437,1.019848697260064,0.7085724686727621,-1.9770584192526244,-0.9662271349267902,5,9,No
3056,10.608687840729017,15,37,-0.4796139618800079,-0.41056153244190385,0.4065817351786166,-0.8145328971779466,0.3752448095617597,2,4,No
4490,24.04096517805358,19,56,-0.1638428525080653,-0.30527713933086137,0.48653832598583224,-0.3949430814157905,-1.4104571969314856,4,6,No
1405,18.529213547105773,20,31,-0.5164964179088289,-0.914716185351329,-1.2596883066506925,-0.44242680693146963,0.11602839728687098,0,6,No
2180,22.796136347919656,23,4,-1.6307888753126598,0.7035974159716445,0.9892686334202945,0.9361720668113871,-0.4066943812075223,2,3,No
698,12.633620520195537,13,54,0.5589472872248251,-0.2345965097110292,-0.2521762639813468,-1.720813158487053,0.5397345172563511,3,2,No
1125,27.545088765560934,21,37,0.4018474470648119,0.390930551844131,0.25414542769028586,-0.6536971737825101,-0.5509745875188153,5,2,No
3362,3.4583310680349135,20,52,-1.8518550486073069,-0.3750101390841253,-0.22590103098916242,-0.5482402015131969,-1.9187384268936865,3,8,No
4136,18.009454251037514,18,56,-0.05609441204055674,-0.46369085550502415,-1.9309075208054114,0.12402936175168316,-0.6892667368924812,0,5,No
1779,10.78945160908623,16,13,-0.20789474181160716,-0.42953798189719095,-0.6716462670918723,1.254522477626629,0.8813508123793844,2,1,No
2859,23.579907549702828,2,18,0.9089303641637926,-1.739944109395562,-0.2369058367646544,0.8228479168972085,-1.1747477587184636,1,4,No
1038,18.958050200466122,1,27,-0.17134153298499766,-0.8332590248821742,-0.9326053802627577,-1.8258537658331522,-0.6292152476441543,0,3,No
4457,17.78159634778733,19,50,0.05791193552104871,1.004302877532888,0.37191717711864786,-1.6729999500052222,0.5498572191028698,5,4,No
2257,46.15454749928216,6,8,-0.9131791537852285,-0.26649806903018347,0.8206298472079934,-1.0235132521759185,0.20927681753754343,2,7,No
314,51.36685698464596,1,2,-0.4884116560655365,1.544058048000524,1.3860443203860797,0.4443934035776708,-0.10750015443072543,4,7,No
2282,33.56069503294006,22,36,0.8058807621299916,0.5887585974595184,-0.3234333416867257,-0.1101702112685181,0.9644048953605289,2,2,No
1417,307.7456439808102,15,46,1.3913453979864867,-0.41168400884564893,-0.3950606135118676,-0.9212978161298966,-0.9098214252395551,4,7,No
1037,88.77777320844895,20,12,-0.0005295135058651056,0.04357732983061141,1.7989977768447483,-1.7950031127033497,-0.28088345910777934,0,9,No
2160,15.738958517321688,14,58,1.764828784603602,-0.8121187873570754,0.6413120769528883,0.5310427995074826,1.1749808943372717,2,4,No
4164,8.62382655499778,8,1,-2.085370541206638,-1.3501682185637771,0.4136489258189696,-1.383734202049422,-0.29603385429108764,2,5,No
1755,99.40392060071476,9,36,0.7013175782057279,-0.5670311220756922,0.3762569002823384,0.887221995631192,0.3278708819310001,0,2,No
3113,166.66443574959203,9,1,-0.8970823250462154,0.8642574146844122,1.964264636717578,0.8487317539529187,-1.6230063534626042,0,2,No
2814,19.418069698955218,14,48,-0.23314721662939625,0.6315992022913007,1.139895716484215,-0.1645717054235552,-1.3371602671649832,2,5,No
2699,49.06911316016357,2,53,-0.8268711683934579,-0.839441394536978,2.4349342581630844,0.09139228170168794,-0.4317391646291971,2,9,No
3208,45.62471265207168,4,50,0.9640561303560571,0.08198619351439503,0.23414260868117778,-0.5380629380081609,-0.5098964072336639,2,6,No
4351,27.122622963058955,4,31,0.18824138130818194,-1.3948524386685315,0.37586021588823976,-0.08026196986680904,1.0737787793661726,0,9,No
3432,134.7566264912666,15,25,-0.3789967448415764,-0.34359239337499764,0.03225341623343201,-0.292720798356383,0.7330699118773136,3,3,No
1507,4.026138196644437,0,25,-1.360784095352687,-0.623675549392598,1.4314626509552495,1.3019926847411216,0.43748469933537587,0,9,No
1924,102.41068992565906,22,34,-0.10498154417592623,-0.12616404804901657,0.42931973242657484,1.1016500671651597,0.3439053605694905,3,9,No
449,100.94667878131527,15,22,-0.8245546421329034,-0.11045401130771397,0.7345109113086175,-0.5157465846241712,-0.8321419019739364,5,2,No
4129,26.73956754636237,20,0,1.5660066938395303,-0.2085044166809299,-1.7180823402675425,0.09113117672621725,1.747751084585307,2,2,No
2529,97.74401113151,13,30,-0.17051810324470135,-0.801381804043432,-0.6127847688760355,0.8482598251254296,-0.4235862383967205,0,4,No
4970,98.54679551601355,7,36,1.6677842885476548,-0.6947852972503709,1.666768253556304,-2.486596930414077,-1.058705631138986,0,4,Yes
2790,21.126254798616866,14,49,-0.5430481897475731,0.08182151607009264,0.28264273913015814,-1.047225948178474,0.14094291658117725,1,4,No
362,48.58883948717381,9,22,-0.05461488085006111,0.23048964342985517,-0.7264696045288699,-1.8379614830549744,-0.8010932923354382,1,3,No
2184,12.153585805065418,3,29,-0.33759347044813187,0.9902269920616542,1.8116571865359512,0.6706140857884296,-0.6738160712813385,3,3,No
1135,28.08013044443147,17,45,0.4629659995461305,-0.8628006071763994,-0.6359142213913074,-0.713737579187603,1.4167268559880857,2,8,No
3881,20.31414478895175,13,22,-0.02986104290864268,2.5187562908851855,-1.4575272127511913,-0.9262750430983222,-1.0729259346949942,0,2,No
2156,60.398198884306304,20,54,0.18582620325048063,-0.628117160926389,-1.4853557940785214,0.28315055665068595,-1.282592000298381,3,7,No
1831,69.91442898210146,15,20,2.001228053509907,-0.7771298151946303,-0.5784368379739004,1.608805497306857,0.9391237655057844,2,4,No
1054,381.8890590377272,3,18,1.1986515898518884,-0.3628372006334877,1.426078122212682,0.01274336520405819,0.6484289308140446,4,2,No
23,112.45367270719147,22,34,0.6614783946454811,-0.8756287324967398,-0.6472779240873159,0.49493130452329864,-0.62412105506294,5,9,No
2067,86.88198315017982,11,49,-0.39550909005262913,-0.9638189322675995,1.5436493173836279,0.8729120942991958,0.15197633384740697,1,9,No
1654,22.51923917927662,11,31,0.17735790366044885,-0.9150527556868009,0.06763378576780682,-1.726852193777482,-0.5295190365678055,4,2,No
2588,135.66138913620995,14,58,-0.42353980518075196,-1.3554150299549546,2.5919226108406765,-1.4065380666233038,0.29755813105790746,1,9,No
3211,34.50851367497911,20,10,0.101467693461478,0.3716384894869195,-0.5754378443989939,-0.7877033569462687,-1.9854654659155202,2,4,No
4303,16.081019140594144,10,36,0.2329491681403389,0.2877906952392979,0.5380938712672834,-0.5153926345739941,0.2417704872475942,4,6,No
4037,298.5232602201422,11,17,-0.6813425538325805,-1.3592050450386828,-1.8879891854268196,1.1373533938096865,0.9091729350309422,3,9,No
2326,55.5177516215466,21,36,0.4379610210029292,0.4187894090690363,0.7678923114813664,1.1157157017983719,-0.9189863692796179,2,5,No
461,45.32724159499254,1,42,-0.558664227043533,1.105992275127961,-0.6310994500441196,0.16355801139526788,-1.2930836080157901,5,8,No
1068,52.196932059115284,10,9,1.4486218845639236,-0.038604095876893015,0.17857709444821343,-2.1301483581511254,0.43812549244094706,2,5,No
88,33.53179585619845,5,43,-0.2161722233219656,0.10140003340525669,0.2294564744446623,0.4695363670158261,0.9213301978776851,0,2,No
1431,25.256205043853008,16,14,1.6293751728026327,-0.8159301412587299,-0.16240001990572364,-0.749554136189637,-0.19512844410616964,0,3,No
2648,19.813504274469828,4,36,-0.5222380165853108,2.485881337946096,0.24084954143453882,1.1467941621098956,-0.362008859015114,4,3,No
283,83.71670015587132,22,7,-0.3378373313502621,0.6212516108950558,-0.7203480373593485,-0.19110620977990994,-2.3551698851783,1,7,No
463,6.756010186336124,7,42,0.07580455795925227,-0.9162350010787254,1.2689451414331256,0.000530207533099717,-0.1516766230932871,3,3,No
213,34.145523453055006,11,7,1.45727086327856,0.7111501569345241,0.24917050128817964,0.16372225505801816,-1.0036894036331077,3,2,No
2500,113.50820604788483,5,6,-1.7152995851047468,-0.10455565186810466,1.6254372217028938,0.6972561082456549,0.4212422886412489,0,5,No
1369,115.08085406806883,14,14,-0.9815483984445561,0.9949691941604685,0.4642105948193797,-0.38636995973938226,0.01830667293137945,3,4,No
235,15.97326140744906,8,22,2.4102061453067285,0.3924989370016137,-0.7075232960039459,-0.11445501031830795,0.5096507632062802,3,7,No
2771,87.15824607108573,7,20,1.609409667786361,1.762201448790181,-0.12390237404233932,0.045403122852158084,-0.0507215531265994,5,9,No
598,74.63438214928155,13,36,0.5959110467623232,-0.4166701786760665,-0.9434963697507577,0.08097807934998928,0.24778505884688073,0,7,No
4421,105.25029726183979,12,18,-1.5025652514641703,-1.0055926282643048,0.6953791603490053,-1.1743745510818715,0.8049378377158511,4,6,No
2251,11.744887330984055,20,45,-0.27939082757020917,-0.5857882168073019,0.9115561199476964,-2.733519603048116,1.5762440649698903,0,4,No
4032,20.87094075711278,6,30,2.0015801794027412,1.3101254426690878,-0.22027479211988152,-0.3085143332586823,1.6484164160511827,1,7,No
2284,43.682985358443204,20,20,-1.0265125394188044,0.2608865173166925,0.48614346827747346,0.494362983861405,0.6095723948431382,3,8,No
663,13.431153614993523,4,1,-0.02928780913063744,-0.40731391730428035,-0.08278409969766753,1.59455950783833,-0.4430184067398925,4,5,No
4964,38.041394978374484,23,24,1.5670367726947032,-0.6956113124711015,0.005408800540281922,-0.8163195366962437,2.107599872219275,0,5,Yes
2286,47.60840149766552,23,43,2.0346758971383183,0.05374256160762678,0.49930667694076825,-0.9305282886984875,0.8940565258823384,2,7,No
4717,78.93162234496636,23,10,-0.6672442819811868,0.05497757959741011,-0.37089488722001834,2.3255429590788324,-0.6627996734468465,2,2,No
3194,10.16962829518495,21,32,-2.125614124269261,1.2437763926278074,-0.5001194432004744,-0.08628415920207531,-0.07766253954487182,4,4,No
2504,53.755900581789035,12,5,0.74597183899408,-0.08385916637232689,0.45471362746317107,1.233423318370273,-0.31157842696879184,4,7,No
4044,7.818972898773572,17,6,-0.9958373254379,0.9671798914061128,1.7164069077201045,-0.9229854851871565,-1.21672450428087,0,5,No
780,9.001109820886132,3,45,0.7294263339321729,1.193401326442581,-0.13231006293443334,-1.647510643852944,-1.7178022574219018,1,8,No
4020,33.28764971149937,6,44,1.7016424832078951,1.443099524281456,-0.6948523269221415,-1.5471464664273888,-1.6263169711664778,2,7,No
3427,48.46438764341277,17,12,-1.3511288593291515,-1.4029259345055816,1.5697363493845953,-2.2670019734591467,0.46970470980513906,2,1,No
4307,42.93173722622214,20,15,0.338035893715528,2.0523301561070446,1.1368664366437353,0.34876401359279413,-0.70830851562031,2,3,No
3197,9.0089656299845,0,42,0.7558108608102533,0.43318183078511574,-0.5705755802507422,1.0902992164727465,-0.9563153567356495,0,2,No
4836,28.66652573616809,16,26,-0.821067722722828,-2.6441177149246324,-0.27444765387406767,-0.2705235061648865,0.4327961965715476,0,3,Yes
686,20.509677113688124,23,36,-1.2294009019846637,1.6993678975454027,-0.8030651442785116,1.737542432987094,2.0221950569255713,2,3,No
3170,10.09066910053952,19,29,0.7467584192883641,0.8669434518918746,-0.8466525365482825,-1.1532872683290971,-0.8622935558245262,1,6,No
3927,72.97198128605994,17,39,1.419810390210501,1.3444025957917438,-0.366212600271336,-0.08307798876512847,0.7718402442922802,2,9,No
3435,9.214202353741602,20,25,0.5532188219439343,0.9770818959932174,1.033436269602704,0.7889465394517485,0.831115949968102,2,2,No
2172,11.273070640603308,5,29,-1.3279176906145855,-1.8860080994642394,0.4765838032145902,0.5975810254311384,0.5925534365473859,4,3,No
3690,127.76211410759876,1,39,-0.966562455958737,-0.5437974771415511,-0.580012418041423,-1.6435846389722677,0.7624297376466175,1,1,No
1851,17.434609444500527,2,20,1.8877608852169696,-0.41449749016302595,-0.17064697742041618,-0.8368657572846429,0.6332063998861223,0,2,No
488,50.922321254771354,12,50,-1.9599520832598905,-0.09620986189277686,1.456688850916263,-0.785020405266872,-0.21283881042567027,0,5,No
1689,28.749043521029925,19,6,0.450157318950846,-0.9161124603246138,0.2713569626625843,1.1593477099943326,0.9927923254543841,5,2,No
2231,53.78968752290888,20,52,-0.2137755605448221,0.14045048733324203,-2.4119078277253156,0.2804319015758431,0.7204379830848138,2,8,No
3265,20.27802605270247,10,4,0.16454179417396342,-0.5503229556224942,-0.6015919104862371,-1.191488403007921,0.5926011643804352,0,3,No
2321,50.373482354401446,20,31,-1.375364147067248,-0.9865828118518803,0.03373219974833478,0.2623530303221784,-1.6288178959393622,1,3,No
783,199.8488171887387,14,5,-0.6709996139763603,-1.8208660144619664,-0.6711310717105081,-0.8062605142762874,-0.6319870717991768,5,7,No
522,13.630423880195496,18,44,0.05715983600182728,0.017806621486644806,1.0385687974123936,1.309060948279402,-0.18770806139179752,4,9,No
523,125.93732169519804,0,3,0.7673423426961045,-0.5724757991345769,-1.1846974681300548,-0.1855886782040505,1.4004724471977792,3,6,No
2838,41.70713854906183,18,36,-0.5326566529512831,0.48314100447964037,-1.5008655991366413,0.13281839312141236,-0.28710385543127714,4,2,No
4540,66.05959692369466,16,35,-0.0246214955486157,-0.7985573422971792,2.687749780293086,-0.9176238932997199,1.929934665532375,2,2,No
2399,17.38819885877318,10,48,0.1626701525605247,-0.266878447842023,2.496514386020694,0.5942534326678129,-1.1516951814120133,5,7,No
2208,51.29820049720621,23,49,2.174845957428076,0.803247273047384,0.8630743996890041,1.8188277054526254,0.2240870122288612,4,5,No
3478,26.50087693265054,5,56,-0.9430326551397364,-1.3214551080512802,0.46863722606098573,0.4005503944605798,0.24622589223478455,1,5,No
3553,93.11259328914214,9,34,-1.7272601812410788,0.10055893245897515,0.08039625575967736,-0.8161319461637326,-1.8348111270047702,1,4,No
4088,5.952142998426443,20,21,0.8291876204060151,-0.4644255955231249,-0.2635508620436718,-1.0121939693019963,-1.0855013824413529,0,8,No
2823,65.10353545516364,20,50,-0.9643286539702169,0.6040018021981676,-0.3027119043169736,1.1119383889693057,0.31072693050544836,5,2,No
1512,57.29013126424212,22,59,-0.2848140346909515,0.5252772064978907,0.21857124927399274,0.38081451436146924,-0.3239687123812294,2,8,No
1883,20.972037845078763,16,23,1.1861298414542012,0.761505332406745,-0.06084604937204112,0.6749737489487547,-0.20136363555463252,1,2,No
652,27.822005329517825,8,37,0.634399591161337,0.1010126396618833,0.09992565660190209,-0.40282467111081804,-0.5752178401327828,4,8,No
4931,146.3751781361118,14,30,-1.4253870298404474,-1.0157234670991118,2.0971994693152363,-1.6627765543970097,-0.5719055581500629,3,4,Yes
3090,87.30517947954355,6,58,-0.2101409993909198,2.770913210532955,0.8563889423025746,0.5107003086963713,0.8936908443257267,3,4,No
370,77.04465512820643,0,32,0.3913136004273458,0.41390841073906653,-0.6095578522636356,-0.8078223853114933,-0.353852020869851,1,9,No
4998,163.65871499834455,20,40,1.3560141975517412,-0.04468809715606037,2.3138213587016003,0.9703729410781543,-0.5517352133769491,2,2,Yes
119,164.3139441211094,20,0,-0.20426948780729892,-1.8903722477087583,0.5076617688887175,0.9653421122427754,2.5283564752089505,0,7,No
3321,6.644192612043408,2,8,1.9118340405085088,0.16277870235840294,-0.1564771012569853,0.4991449688599044,2.112863537667727,3,6,No
3035,98.65053141998916,10,26,1.1065079983645454,0.5718468925510739,0.31466342916056833,-1.1516548233119837,1.0940302266182664,4,7,No
2217,33.491031836517465,23,51,1.6600607328763102,1.464777771630867,0.8811605101631488,-1.2822095629435222,-0.008361855838356781,2,1,No
3543,28.388004620470916,13,11,0.16816260394714022,0.025757450038373535,1.0026849877704216,-0.9189294294009274,-0.8098101480985058,4,7,No
1614,35.82330667827867,15,19,1.280929535279058,-0.04440604828918175,1.5922225009389395,0.003304434083773343,-2.0474754927143133,1,9,No
3152,13.343138804294973,4,54,0.4358995641038497,0.40190156667265364,0.2051541335730204,0.22251866973722093,-0.5661584224453049,0,9,No
963,12.153971870766764,21,17,0.28699519308761895,1.8798500249452958,0.5719074656654372,1.4484020726356133,0.6452121731035768,0,3,No
2511,18.147615749917534,3,37,-0.5797526668094674,0.19128289725747308,-0.9171839433908378,0.5691578157793534,-0.28546518796484144,3,7,No
3832,282.43454504290617,5,53,0.6394638685059264,-0.8061671530227877,0.6098122805781236,0.10521529218537783,-1.3826026750814762,0,7,No
2824,11.808243999517696,10,1,0.29268213193451403,0.8029323725161529,0.5338506930209715,-0.42300866040898233,1.239437052540271,4,8,No
4344,20.393161019431254,10,55,-0.7437509259153502,-1.070802277258022,0.535964270427559,-0.8861529832914645,-0.30797326694292015,3,8,No
3033,9.684170087053156,4,20,-1.4325890775002703,-0.2733676870793202,0.23362486091930423,0.7440884803062111,-0.6507670379180182,4,3,No
2416,128.6072462560787,17,52,-0.3954939611513931,-0.6056830651871992,0.4395018685343685,-0.8883889189372892,-0.5769064626707323,1,5,No
4655,38.301652713163314,23,9,-0.29118512982712175,-3.597630716698814,0.4811544173978597,0.974141275900273,-0.8117105432029975,3,9,No
4237,40.62353941771814,9,0,1.1781366384763714,-1.1788379456268878,1.2670164494214144,-0.43895384530847914,0.7113384558342863,1,8,No
2186,33.69450033223148,10,22,1.3702151935211506,-0.24877979094801292,1.5057055948129585,-0.06693689798839145,0.33434742094683506,2,7,No
3670,37.97292176895066,22,36,1.5544103617133658,-0.20786046860077745,0.7004464584102765,0.6197110916381202,1.621900780631926,1,9,No
2038,89.70754547173959,14,52,0.5951301628988109,1.442540509091208,1.0167343072391721,0.1382238071542727,-1.8572185076279,3,8,No
4363,22.880825714737107,6,32,1.0648759628732933,1.4389656748742061,-1.363147130491647,0.40088908108267757,-0.10791106968893655,4,4,No
773,42.74334098665437,18,56,0.14572142752565,-1.2197724678764534,1.6822632487266809,0.04352247168573978,-0.12314628929921174,3,6,No
1285,35.17967313738236,22,37,0.3616877153388594,1.410417968616338,-0.06014935078155653,0.5115353224335996,0.30022765524400286,5,8,No
4604,57.82357457789568,0,42,0.3374734823900785,0.32912284199178027,-0.9151881944971414,-2.4385853486139144,-0.24868847581316716,1,8,No
4795,247.75884278312768,2,20,-0.623516966539932,-0.07252999187818748,-0.08096719001604624,-1.3049683898576125,-0.578801716399097,0,1,Yes
1415,130.04849907902283,22,10,1.4623171332871585,-0.7284454121413682,-0.5963278530093554,-0.6169110981183182,-0.5317307962886673,4,7,No
1235,45.92501091582845,12,26,0.6126438353574128,1.3693944968780132,-1.1071675977465478,0.24371586370781181,-1.905004658153818,2,1,No
2700,13.985451974990768,17,47,-0.63849603455326,-1.0946179668937481,-0.0324143969042345,-0.039969089151333945,-0.41703497822642915,1,7,No
436,18.083488551184626,1,3,1.4989716624408718,-1.4655056561789015,0.7461003345449032,-0.4933377145999715,-0.9303001426393164,5,8,No
1675,26.37932573758317,10,45,-1.0500414414445323,-0.32907476919651824,0.2606003030551612,-1.9837086420039391,-1.263741268521237,5,8,No
366,145.686280726455,18,46,-0.6531929062291528,-1.4981453844153232,1.552367006662473,0.42141090704854006,0.4530611058943021,4,8,No
2650,362.37396207846734,3,48,-1.2321293934376853,1.2539006632557497,-1.1277929765676722,-0.9165416140844007,-0.14722177787598442,2,3,No
232,18.343824641019992,6,23,0.6417106490138536,0.2228991630038379,0.7198279809313747,-1.34430712352563,-0.14566107319743485,3,4,No
4268,46.64879979964216,7,58,-2.240987322753276,0.10174839861600972,0.580608481022411,0.5785542232603268,-1.0370512533817633,4,5,No
4042,28.469451047307754,9,32,0.7021749726867456,-0.6742514634587875,1.679908456242031,-0.15592901544151144,1.0190567679901443,5,6,No
4400,9.331574247570593,22,44,2.8879124953969044,-0.10937728020825538,1.2437782197196598,-1.668933778376113,-1.71294142172579,2,4,No
408,75.90776934116573,7,19,-0.00821498041648976,0.6731616050414675,-0.19041175701004545,1.1522189966526697,-0.4320395395107805,2,3,No
2091,40.24975726418415,2,12,-1.3172348617768252,-0.4308181540440489,-0.2755190822941641,-1.262409062503299,-0.29071101150480405,0,2,No
87,20.70960619045669,18,53,-0.33312476588364065,1.6898226204410154,1.3421822947732187,0.6328391323516083,0.3784669392929856,1,4,No
845,37.75273132455937,2,33,1.1893246485533984,2.0503075789780114,-1.1103440262976154,0.720443979592958,-2.877850151340389,0,3,No
1032,40.55970346568446,10,42,-0.6203194325216602,0.008812391506857966,0.235312226348993,-0.7855924812829784,-0.09093440243741396,0,8,No
2856,160.03245676383375,23,30,0.5137348107254257,0.5643786709412704,-0.3629328741139831,0.7453783562914271,1.420791527413573,2,5,No
4110,34.11829624338713,0,25,-0.6470763584311255,0.2715624167258087,-1.0533999194178278,-0.005239820706521647,-0.3478876771237595,0,8,No
4397,35.374219846755416,17,42,1.4011154955258893,1.5601332405589254,-0.6749913099880899,-0.5793160003287822,-0.47157999073088963,0,3,No
3894,11.515034582175064,12,1,2.164244908956421,0.21959452973512267,-0.16645850884722765,-0.01968246606047596,0.142629849748258,0,5,No
2659,27.66200779831108,15,25,0.9748893570444555,0.05432507232805491,0.7337322874352226,-0.03415781455662669,-0.020210085841063947,3,5,No
856,33.58183251784983,5,5,-1.944590623903561,2.274185030318401,-0.23307515911902602,0.34780868217258,-1.4148321576237166,2,2,No
79,61.90434641632153,13,9,-1.2040169138360592,-0.06516161814069105,1.670280420787749,1.7143146799843163,0.9873230940269508,5,2,No
2248,15.726963246875096,5,37,0.8271836161212035,0.8750835514586764,-1.5096648567279527,0.6290524683439263,-0.7082187587461486,4,7,No
4571,29.886714596915887,22,53,-0.501354765598401,-1.0648629339842688,1.5195147828760271,-0.8564954287863287,-1.1170296108229059,2,3,No
3657,26.236439993292397,15,25,-0.43450311468969866,0.19201199223521226,0.5765706656608327,0.30384362677984883,-0.9367607985026886,1,1,No
4152,141.81424124398097,14,58,0.9556526349607005,-0.8133885392814707,0.5007849747974745,0.031092859655171515,-0.46306260441303543,4,5,No
3379,12.616270307757572,11,53,-2.062704053186245,-0.20651095157000204,0.8953983864872654,0.17607807401479325,-0.9138560748347798,5,7,No
2280,4.553320635909629,13,49,0.5439562748031107,-0.7128688863945637,0.8139338679130238,-0.05134271103562696,0.8195952584351628,2,8,No
2599,4.8852490420668495,8,33,-0.5013018785505434,-0.1662108501799558,0.9990434475067727,-0.8081937873347598,-0.9097116050340971,5,7,No
4160,52.24855223861279,6,47,-0.2832287419615139,-0.07055772861117676,0.9139246288999384,0.4850896907932219,-0.7129627979330692,5,5,No
3871,33.70131649312061,1,48,-2.096191876935331,0.20873120229371606,-0.5305652617159707,0.05247484905728923,0.030292890634956292,4,8,No
3429,216.40171570375736,18,43,-0.24490790671092247,-0.6258215727793017,0.46097797628754855,-1.8980992533346577,1.4366269794641944,3,1,No
2177,53.57211363912444,6,36,0.6446303277639107,-0.07289760468213104,-0.4990453460587155,1.0721741677899421,-1.4614256346847099,2,8,No
425,13.62445236390066,1,2,-0.14265811326429617,-1.4452949482311301,0.5991741567799889,0.04217369914115087,-0.41361585235070747,4,4,No
393,20.66050623136773,3,21,-1.306662565456252,0.1706294503845932,0.5493379184464988,-2.0661448050211484,-0.3213099105378827,4,9,No
4727,24.009851261221694,1,21,0.11557419140884934,0.6202624986271726,0.2914755820972467,0.7603782407367021,-0.8076522097816712,5,5,No
3694,8.826103205249616,10,17,0.7931988705190247,-0.8902204445461623,0.2552635980681399,-0.17421868053189116,0.7182675355621152,5,3,No
105,13.018641866229604,13,1,0.19528209848970435,-1.7104680495732754,-0.5434503273034238,1.1473776817998096,-1.3354568503598725,2,7,No
3995,60.454780063914946,8,46,1.7926309624748469,0.327615325157132,-0.9090588977102657,-1.312129938083906,-1.3216882533545906,0,7,No
4413,69.85475931714346,16,55,0.7606966886801599,-0.25467852225435184,-0.3316815254917582,0.39693500964271855,0.027721465758650133,2,1,No
1949,13.856908652983957,23,28,0.7027957889554171,-1.0124999205494856,-0.09384525539919665,0.18097619503380905,-0.5193908703435212,2,5,No
1460,47.33828720468335,4,6,1.101759261329277,-1.1181810953696476,1.385928944472723,1.4660722848762389,1.5526799312371686,2,3,No
3258,171.4517198792567,23,4,0.8965146536640367,0.4103595532910384,1.3963614851779933,-0.0682543085881165,0.5194143982578509,0,3,No
2804,12.404882610867324,8,58,-0.01124918218779526,0.07948117679836683,0.08044896456618413,-1.367489398372277,0.44691596437567,2,8,No
2707,49.417761707654954,21,9,-0.9720927464033672,0.5446610652334899,0.11075610779033367,-0.35833478452759104,-0.46403336552744057,3,2,No
4790,129.82148100517395,1,24,0.04366912921530186,-0.891279254360237,1.5890864056039613,0.16686398215145481,2.333153715632606,2,4,Yes
1588,85.00973686011388,11,28,1.1049612748983266,-0.74406505118464,0.072064352489547,2.3525996831445712,0.8015095417333089,5,6,No
3660,33.25840916496311,16,14,1.2824970617344205,-0.6886167406501494,-1.3939530330535843,1.6399288161803287,-1.756391735801677,3,5,No
1732,32.10999928762017,21,42,-0.8867256328326435,-0.7567908029698762,-2.386404681367707,0.6335134738849201,1.108627197461166,1,4,No
4765,266.80661750359826,22,43,-0.14909635217507333,-1.0073572245120213,4.390696813621817,-0.24141589455642765,1.3950165379300794,3,3,Yes
4225,16.62079708697936,17,11,1.3775719096898857,-0.050633539120257275,0.2833194390115534,2.2315060943912,-1.4029790571670457,4,3,No
3682,58.06372734074369,4,45,1.1406818313032916,-1.095713222797279,-0.38220619118437,-0.21655666998767248,-1.065159023714911,4,3,No
1792,32.85472218839316,11,9,2.1723468524636127,-0.43905434141246313,-0.3047211809924265,-0.6641335984558898,0.04104061568892288,4,4,No
2356,3.7193838440610945,10,11,-0.2157768511535411,0.6036754821556082,-0.34827052846331474,1.0672152751681616,0.9926848357705301,2,7,No
1941,9.257014588112423,5,45,-0.9565743494364464,1.2821678819463584,1.13037949237705,-0.9505288107201934,-0.04597818370601549,0,7,No
703,11.812830599988597,18,19,0.8255254073790749,-1.7927668291001777,-1.0424590110937872,-2.0643640098420826,-0.8974051428696932,4,3,No
2443,12.53320129861205,1,59,0.36735314818123777,0.9072117345839911,0.9349397421295044,-1.5791809153177498,-1.4777797752480817,4,5,No
4376,3.659429858323906,12,15,0.7714368991309327,-2.964566384816968,0.9773682878571948,-1.3667971325945092,0.7248297618479643,5,8,No
497,5.304703690704368,9,27,0.2637469823406603,0.7087936019052349,0.767449208744432,1.395772152812251,0.7280685254317251,1,4,No
465,10.833204269482588,0,50,-0.6191360429413364,-0.90373155594632,1.7763192980405802,0.9060104275706085,-0.420844846005274,3,3,No
4072,28.29491671540421,8,53,1.060906759356373,0.6623956639950512,-1.048442278629491,-0.14474401030249254,-0.44839465826569697,5,1,No
4334,91.97748933620161,19,37,0.834097304950626,2.75467557987904,-0.23568762410081895,-1.2029038931308162,1.241692745580708,1,7,No
173,21.01037828430201,17,41,-0.22088320655085864,-0.45572501084051054,-0.13891181270510022,0.848406448962838,0.5541614850821731,5,5,No
4944,27.92587410429541,1,40,-0.5527444179073642,0.14805390950737374,2.100117197302251,-0.9130078895280037,0.909458398899218,2,6,Yes
4797,99.757712645696,13,35,-1.5501586572685133,-0.8266896285707805,2.886816300711365,1.921799123110478,0.012464264042550743,1,3,Yes
2541,53.529941550971614,2,17,2.6915747130482157,1.241923917349136,0.8321152873843225,-1.0404776343573001,0.9096823836949726,3,8,No
3263,46.08647525708979,3,4,1.5926742412994919,0.5243018505118624,-1.0552320500108352,2.094745015353822,0.26545231461751306,3,6,No
4681,166.35331381816277,4,37,-2.44336525439281,0.9044623635601842,0.44964395337054036,0.28313582888601285,-1.2462132358636109,4,2,No
2261,3.0731697114850216,10,55,0.19265965024424375,-1.1161274229091975,-0.41185791603157335,-1.7367513275100213,-0.40454819145156884,5,7,No
2113,82.37137984214984,5,28,0.2546498973538494,2.4622187450424615,2.0310626272890295,0.5732027808186728,1.3164426100439806,4,2,No
901,48.89580988176632,9,13,1.1300399462894701,0.3303854946215733,0.3961435843407805,-1.7811390002261778,-0.31752499386655414,3,9,No
1447,338.925321272661,18,49,-1.5734146534105542,0.02869810907939372,0.3986105634684114,1.0944042842492405,-0.5687621414013152,1,1,No
3574,30.802247594653604,20,39,-1.0904272938877675,0.7324747199858609,0.7200700827037145,-0.00578691043936403,-0.649697121352712,3,6,No
742,108.60583043026834,2,38,2.6181734235804135,0.18218970088354047,0.45024501703754843,-0.7054806490303621,1.020073416429868,3,6,No
2294,21.615162087630246,4,8,0.017112028447046856,-1.8697830974860992,-0.7137011734705238,-0.07463875197299875,-0.35682327346988724,0,8,No
2453,56.89064055402866,15,36,-0.4925381156136834,0.6205627016310842,1.147993035813966,-0.9024212312739336,-1.097440494941047,1,5,No
2623,154.06237484904176,21,3,1.0647591839740027,-0.15210102014946622,-0.09616194147966557,0.27815914385551105,-1.0022374327951271,1,4,No
4079,22.294866404179963,9,55,-0.013700095673971688,-2.6848596418094988,-0.892078395238444,-0.04505725832055031,-1.5163906397599851,4,4,No
1207,16.243014437597495,8,3,1.164995273929518,0.5479440333912979,-0.597922072276191,1.502451918262896,0.9394513059793105,2,9,No
510,52.72449822570522,18,38,0.10033428983711615,-0.5759939022337732,0.32551880283926843,2.028645837424592,1.2106819089635574,4,4,No
2621,16.700588792217367,0,48,0.3962357360013959,0.6397376023146959,0.7549863642896314,-0.17152560067176364,2.1087043617064585,3,8,No
2803,79.38247920027628,11,7,1.1774536416288233,-1.6766867924324076,0.8899879148694443,-0.007714607881930434,-0.1990461393156687,4,3,No
3314,38.024223816105206,12,53,-1.3063709437498046,0.7120748319385211,-0.5592608900002738,-0.912271397808984,-1.1387996335557053,3,5,No
1550,49.18108539364907,14,14,1.2629499857706958,0.529177807423186,1.2463647094761992,0.0073370758311229805,2.23417468082605,3,5,No
4564,26.378053890018084,12,46,-1.5984083214456843,-1.8128716831795848,1.840776936130149,-1.7137276892686975,-0.167211890719294,0,4,No
2203,36.26307564138748,8,40,0.534178492770258,-0.26763633107926194,-0.08083100561848665,-0.7449489385030598,1.7246477095904997,4,7,No
2567,40.50173664088089,1,32,-0.1940350158889276,-1.7729291554574207,-1.5401609102602785,-0.364467220113099,-1.4645915084347443,2,6,No
3893,3.1907368714051563,15,33,0.6741798987973775,-1.1374902138780185,-0.028908841851069383,-0.5237628098334449,0.013717975958005035,5,2,No
2045,8.338228207452536,13,18,-1.16399570433001,0.5360351912265707,0.06351517676500196,-1.5165500917375536,0.2545209989906128,5,2,No
768,18.988015958695428,12,30,-0.7550295375448344,-0.1693276967684734,0.831128435248732,0.5404641840280625,-0.25538641185426775,2,4,No
4873,14.089568276567192,11,51,1.9287235206966147,-0.8129988885711401,2.225976752003899,-2.3072514790583476,0.4545129156496804,2,1,Yes
3739,16.895190274357077,2,21,0.6586442157705474,0.6207398441603127,1.3950417655194778,0.9503941460088128,1.351882468002411,4,3,No
422,14.333533272502706,5,34,-1.6749463149753558,-0.35230164671012465,-1.5977217178742416,0.014673167169103205,-0.7804541245086651,5,7,No
124,128.91942221965405,2,22,1.1368686334505633,1.3152366287442812,1.1991704686772062,1.2055405644802868,-1.0369939046587182,0,2,No
4163,56.4441707443883,20,16,-0.49974943979828645,-0.8264097118122482,1.4303958575581566,2.3737210991000257,-0.05643001255169677,3,8,No
2629,14.63194014999214,5,1,-1.6390749991623594,-0.27296650037289805,0.5168749468199618,0.7610085137491102,-1.3991855816560208,3,5,No
820,10.59700060101657,12,27,-1.208274239426054,-0.6049733218694675,1.250470040231071,-0.6123258893036978,0.7182561254740842,1,2,No
1404,20.253839591475256,21,27,2.2798715757495764,-1.0230240314925128,1.5491792447079755,-1.8027124170328268,0.20807547647429409,3,1,No
1383,24.108426945407462,11,52,0.6660681903110566,1.0219686887820973,-0.06069020093158128,0.7612165501815288,-0.6624700986121024,2,5,No
2149,23.00295548695793,0,54,-0.995600052234834,1.4350800180007035,-0.7188799926247862,-0.34246810901656316,0.11956591562003217,1,1,No
1576,9.370914602476873,19,36,-0.43242294401210585,0.42643604025989235,1.0219801943278304,1.1951523047116783,1.311872217428813,1,9,No
1639,33.390849986737514,5,40,0.7320734874260121,0.3579932570899805,-0.8202943023252682,1.3456122864142581,0.7325093751084598,3,1,No
1796,23.910122143495848,9,45,0.7930218866509193,-0.029257327962928875,1.7443763934256975,0.04447993896684609,-1.7034668826002697,0,5,No
4816,4.43217051437334,2,36,-1.26744444281358,-0.8080188608976825,0.4873543546956808,-0.3887322054262064,1.0158022484422657,3,6,Yes
400,16.367975905026157,16,8,-0.059905937677162444,1.2292275806261819,-0.5404584760287566,-0.24163761716237078,1.0588144671327948,4,5,No
2311,75.67193181822604,6,9,-0.009356660168487609,0.8610039569234726,0.31870210988764247,0.5112404704296791,1.7135547882300832,4,3,No
883,10.901442272747385,16,10,0.46767837730710793,-0.7620901833167675,-1.6577568404239018,-1.5365738456897544,-0.4180508640569697,4,8,No
4974,2.8586996325857537,4,25,-0.16582493284883237,0.24983486242091013,0.07521270035036087,-1.1378420152078235,0.1697202172247656,0,3,Yes
2898,35.82398601701385,21,44,0.15090695692601908,-1.2379462244525308,-1.32014105055276,1.1235192807109482,-0.16559413535318643,3,7,No
1353,9.098574307727002,7,32,-1.1883460761176137,0.519184581186122,0.5952635114417304,-1.0656467344564875,-0.9272536446037599,5,9,No
2743,14.417997135882418,14,13,-2.3370616302801195,-1.5136008113932788,2.0922931791024606,0.05024439820824699,-0.9984600234690187,0,5,No
4551,89.56419202878692,17,46,1.452723539502085,-1.46237797554516,0.3313723609370958,-0.20133858777335667,0.8542881698918481,4,4,No
2131,36.52518103524583,13,6,-0.7172891963202355,-1.0080205171315602,-0.4827645646031226,-0.8946984417739533,0.5865841159758453,2,6,No
983,41.6575121237075,0,6,-0.5041368130373036,0.33460729173072123,0.841416382134366,0.47403433057432,-2.1966355504990354,1,2,No
457,97.14844382907492,21,58,1.077267903716688,-0.03153878209776703,-1.1340686394233275,-1.3620621765844554,-0.411551694957522,2,5,No
4120,15.901662388534676,21,31,0.6948219697199349,-0.24612898982219297,1.246637164531694,-0.9972366680214746,1.1639127128378917,3,9,No
1080,139.11489252546716,21,11,0.057425774779685516,1.0905077608224298,0.5803274459450172,-0.05954130633021996,-0.6279255530068186,1,6,No
1951,35.03724249909992,9,37,0.17033645828630078,-1.6141923055201761,1.350396627301327,-0.21135405040635602,-0.5275408500780284,3,7,No
4315,32.17924605592001,23,27,1.7102391998162583,0.8845423766653827,-0.5614523645280017,-1.4961634136070765,-1.7010861672915907,1,6,No
690,21.654781232340653,0,2,0.27230173055175044,-0.6495074902363289,1.8856916657855893,0.16060498937944198,0.23288177851622544,2,3,No
2430,204.8043680573311,14,39,0.10914631810118866,0.10361397213421711,0.0660686839264923,0.17733443025982318,-1.0399943539450265,0,3,No
642,66.6327855333994,9,55,-0.8616205089241941,-0.5643716438256554,-0.8252901762373339,-0.8858612163807086,0.46030103121618055,0,4,No
2393,6.2972442595343985,22,11,1.2756382767617225,-1.4965674449423507,0.038360143082646854,0.06249151680014581,-0.7812952818006472,5,5,No
1954,17.219403636326234,5,51,-1.3512775024551373,-0.7534748750839719,-0.13232484516036994,-1.070085096001962,-0.09657946291085408,5,1,No
2749,28.028567726615822,15,2,-1.6275658744690422,0.8079895798716566,-0.5772649950144069,1.0626369936268782,-0.01841472084031138,0,2,No
4314,42.349105928862556,13,50,0.7968345766206809,0.3248761209698765,0.26066205987332464,-0.36422720244345586,0.05129652627977901,2,1,No
3436,56.04763858509619,17,54,-1.8419617121438558,-1.0997907117568984,-1.2631940246292188,1.270173010952802,-0.7829595573922167,1,8,No
3337,25.872385538456154,22,36,2.1765200188422615,-0.642140238478162,-0.8679358332951316,0.8172154514091747,0.9402411138673578,1,8,No
4767,21.379336311556287,8,20,-0.4226543615544085,0.07455246095600632,1.6365847973568655,-1.8447841553788358,2.6142763678303176,1,5,Yes
3371,25.657497394245297,9,17,0.6950039934664294,-1.0117381173518114,-0.13060296450556305,1.8677394463645325,-0.8143015702481182,3,6,No
1885,4.446454109412214,1,19,-0.46129255140475467,0.5118230478198007,0.46881841649041733,0.6135106935103816,1.4950162472373718,5,7,No
390,8.062584124448925,6,42,0.653501321538513,-0.5109126617666753,-0.22398216374577085,-2.4211778573891896,-0.30191321441691565,5,4,No
2495,98.55945164354146,7,1,-0.7150767895851483,-0.7414377928001679,1.8695146613125098,0.124271388451788,-0.2175384885139468,1,7,No
3879,9.008578119395771,10,8,0.891912232023792,-1.5011761604116665,-0.9515790549470062,-0.27925672802191903,-1.3327940776341116,4,2,No
3857,10.494388749002084,12,18,-2.3622947224310478,0.7383334433317807,-0.8319195011895616,0.07346429936477916,1.2447029587797351,3,7,No
846,47.725911700863676,4,5,-0.524967347899258,-1.3130246617542505,-0.21561149494939602,0.8387936983678286,-1.8573132637270229,2,8,No
543,42.421949327456865,23,49,-0.685248893384687,1.4066742089609758,0.273627274534611,0.43478762621465866,0.1316293114291747,4,7,No
92,30.009515523620102,19,48,-0.008648626012240201,-2.3499712152446164,0.4461378272397865,1.1508397491520586,0.36388700382157313,4,7,No
3890,16.024868219052536,20,4,1.0189394219428372,0.10892787126365122,0.06571280393659414,0.7581407607558021,-1.3187958655083787,1,3,No
1980,53.98296449444431,4,0,0.5559334756057036,0.4198838471634218,1.9866030716912382,0.1002745458025519,-1.4888285613450305,0,9,No
2813,21.74734446599299,3,14,0.5567567297132284,1.7956302827980526,-1.9563460811772742,0.36123211910214503,-0.9322075566301186,1,2,No
4083,35.79673629358816,7,0,1.0691260562901375,2.188204837221725,-0.10983704722695203,0.47035763382715096,-0.8024274385394559,0,7,No
2903,91.9479162682321,14,2,2.626467638503752,-1.2033677359653812,-0.7214369921967101,0.7082567378433953,-1.0144399366631334,3,1,No
2530,19.259734086793404,0,41,-0.9423784922308193,0.03524710380702231,0.49116308520945146,0.003218375537777873,-2.4781378957115345,5,2,No
1677,88.99069937361789,22,1,0.11179591879645313,0.41889457047519724,0.6817262268966698,-0.6335508355113907,-1.575796803919785,1,2,No
1049,12.735263925003862,2,14,-2.1131504474535348,0.37712344127022007,-0.7271263141439335,-2.355964021471179,-0.360530097429241,0,5,No
1961,39.02961275365309,17,56,-0.7014903615096384,-1.599236776782504,0.14285992734841,-0.040573372837559296,0.7619641356837025,2,7,No
2531,104.40279263999189,1,57,0.7865322279998569,-2.123993981995468,2.127244323002701,-1.3258515519343088,-1.0784194596445453,3,3,No
3993,24.41207358712103,10,12,1.1400511859215476,-0.2510617203739841,0.5555158816147858,0.34937861259070824,-0.1746502461994104,2,1,No
238,28.143996945247316,15,17,-1.0439156413224373,-0.593156507338082,0.019650095136569568,-0.7862861216524827,0.09605713911744292,3,2,No
3098,17.176014300825933,16,44,1.1222013463934573,-0.41060936368170925,1.5847044157369163,-0.4608723132490582,-0.3472909043253106,2,1,No
3489,36.21628935360166,16,33,2.5480037543006997,-0.26331262601773014,-1.0159955049659843,-0.186849870925554,-0.950947460073254,2,2,No
1134,131.8556275543682,0,9,1.2781549273627004,1.6317204361087592,0.1958928349675855,-0.30308043552315356,1.5487104966609837,3,1,No
1806,4.850511067328712,8,52,1.309002031643162,-1.314801663057185,-1.1629985737084254,-0.28964539344164625,0.08028654100737626,3,6,No
4318,19.257858338430513,12,39,-0.5214010264442706,-1.0406607408492436,-0.049662314373275875,1.561140855213137,-0.14981880882960336,0,7,No
164,14.564882466229035,18,23,0.8918975755070955,-1.470215622097479,0.7360561337383746,-0.020495562172830533,-1.0586372679536964,1,4,No
3493,24.977752235052535,1,14,-0.1453942103030524,0.8602209602802174,-0.27420179821898005,1.270870183159541,-0.5947465284025433,2,8,No
4710,57.49674106368448,20,5,-0.37133002426583755,-1.9464565936817615,-0.3445913651921112,0.047160342802145976,-3.272966546904802,2,8,No
4631,5.697862634088561,12,39,-1.3132151496700228,-0.30234154562783055,0.3664303389917282,-0.07824036409966627,-1.9605342856222916,2,2,No
3454,68.11690176886026,23,32,-0.7070870913780989,0.021036143480130474,1.9452023390492441,0.035168481860796116,0.32099002325267023,1,7,No
3200,21.796112095270974,12,32,-0.2467491050921933,-0.8472959371234801,0.5225696991161167,0.05659944996717629,-1.165775163536079,3,6,No
3635,27.89786516488851,22,54,0.18808791652050877,0.15095339559197893,1.6029602109413394,0.09491454749212686,-0.4704067854089067,3,3,No
3940,145.5403014153615,17,9,0.8940175899056345,-1.3228843122713427,0.3211150185109105,-0.2852066909888775,2.2724169696683796,0,3,No
1812,4.600505230314908,6,53,-1.3169708964801385,1.1620797379907635,-0.4043986487851151,2.019935268799492,0.3039900072598394,3,6,No
3650,34.870866661372524,5,29,-0.6924772977057707,-0.2340338168084225,-1.4536703068623935,0.5337233677588661,-0.9002254100901701,2,2,No
4050,35.19890082007966,4,55,0.8506205514933302,-0.9836401150326509,0.18904329953614543,-0.37419896751268694,-0.7061843540614817,5,2,No
1429,63.730262512159136,22,46,0.28467606529839856,-1.3119290612133796,1.3277848811331123,1.7002090886758383,-0.23595484984027074,0,9,No
3614,20.833356631270476,22,51,0.9821208028928136,0.4689627733559996,1.279111813615516,1.4358497175966412,-1.3605411201887156,2,8,No
3132,16.9508600326357,8,31,1.2017094292909885,1.3571916895657465,-0.4057906609732177,-2.20885617966597,-0.8985399664629174,2,4,No
3397,13.411609472590452,20,39,0.19679444342773547,0.6231234165297684,-1.8215123358138556,-0.4969581064887017,1.783020770715583,0,8,No
4461,48.50614711152813,22,8,-0.5768239164238894,-0.613960947538262,0.9426112987040297,0.07973566052425837,-1.6824452319268726,4,3,No
4650,26.147415902716087,21,42,-1.2105332702890896,0.700489804407432,0.3183657060705877,-0.26079246169992026,-0.2180626556795306,2,6,No
2821,7.094114550470401,17,7,0.211045520667232,1.4693732133552966,-1.0415088826118641,0.8421315419620594,1.4410397463655,4,5,No
1453,29.807971738747426,21,28,-0.557418413982939,0.9053680416465748,0.389086491234604,0.6071424666276842,-0.4553994808406475,1,1,No
594,6.348641492456497,1,37,0.41366675249757545,-0.07014095173715502,-0.8215464394934352,0.3977544760753508,-1.9712273940443676,2,4,No
42,57.00587132919642,2,46,-0.9448896176022599,-0.7655879132883234,0.9272505073458861,1.7707977217275628,0.48030781722418714,0,9,No
561,30.85564199354732,4,33,1.758415614493028,-0.5780597398739851,-0.17829202198912472,0.7200474104973147,-1.2377258082972784,3,7,No
3274,22.71004017614805,9,19,0.11382686731475589,-1.1923837062916716,1.641185731629202,1.157915456352117,-0.2714944335656375,4,3,No
3245,53.79188174613045,16,1,-1.16928739792469,0.46311275426457477,0.2496224029853761,-1.6102212863850438,0.45600198518966306,3,2,No
244,7.636617385977804,11,24,-0.2682331995332666,-1.7219512695466006,0.8193409201744406,-1.0863205578814785,1.4933015621257555,1,2,No
1340,26.74093244636016,19,26,-1.7927773389484423,-1.7722625585075578,-0.9840238027038185,1.5731854067592725,0.8909217105523625,1,4,No
2781,149.0835248859364,16,13,0.3278208788445032,1.3436655704437623,1.5788248977804529,-0.5866403023181874,0.2748585039911937,5,3,No
3188,16.066949147992744,12,12,-0.22138194922990814,0.00733406842951939,1.8972773212249685,-0.25324205794921395,-1.4227718360529964,4,8,No
3800,31.50337266761442,22,10,0.8660833971143772,0.6450194441340833,-1.53586894730235,0.049150477812034264,-0.958236346882068,1,6,No
1443,8.242589629935068,4,7,1.5648146118716608,0.08672137353152956,1.012719819158702,0.5064671545848963,1.4403950535999206,1,9,No
262,25.371145135800354,1,57,-0.390205294166531,0.3495579486320601,-0.46199300235426094,0.04997597470659558,-1.074693701691767,4,1,No
2765,19.259339202739998,8,10,-0.6223812208497901,-0.4548585704596525,-0.24744423010100727,0.5840501843758454,-1.0425601296264988,3,5,No
1690,79.28560609263101,21,52,1.016193277200268,0.3953860848963799,-0.8868696318382332,0.6223275059805008,0.9502703883362412,0,8,No
1726,36.51064976796833,5,50,-0.20352363025714418,1.7978208976376195,-0.7831280950572727,0.20558978991522836,-1.276471051569654,1,3,No
4793,154.9359230788821,20,31,-2.3786475833657343,-0.9565132812062517,-0.3544834339149272,-1.947129413217965,1.7038845786680599,1,4,Yes
835,15.597460035646542,16,15,0.06421307196130824,1.8623209732487398,-1.2357408309978233,-0.38153931645012157,-0.9283557908236156,5,7,No
1867,26.868853249016063,12,43,2.995130363696082,1.905493019098306,2.358131865333807,0.3251675410557241,0.22832823368667324,3,1,No
2497,29.309629444975617,14,9,-1.5988328731673391,-1.056251661934343,1.2976668586049531,1.0444578738347208,1.1513222997781045,0,3,No
2011,9.35076359660547,9,5,0.6095856814126602,0.06602234717647512,-0.08623455466860809,1.306625832078896,2.081879363402041,0,9,No
341,3.349163092199415,11,56,0.14749065443293866,-0.3610184347262918,-1.3427539492825105,0.6714848950092839,-0.5637251508977961,2,5,No
2989,41.346293395281236,14,42,1.2128707571367854,0.8626985849222595,-0.8317834518578197,-0.840503533959904,0.7877923215195362,1,6,No
1602,102.79017972793336,6,36,1.246502417448497,0.46215781970892605,-2.413012127212279,-0.5763845414017408,0.8805517333965305,2,2,No
3876,49.488925601378504,20,48,2.3454988004422903,1.1943570308133193,0.3045263510920115,0.9970491955165695,-0.4917241248613628,1,3,No
4695,29.340581275320186,2,29,0.9185332376937051,1.6762095206754468,0.3719433061118648,-2.0327933479913662,1.3046294787531767,1,2,No
481,41.39167371566689,0,44,2.24556942533919,2.237948634987012,1.6326995854665105,1.2754789857745101,-0.08454835823364099,0,2,No
2826,29.480627558302846,15,23,-0.5958843054724052,0.49272728021696205,-0.1950744073381489,1.3092997823905892,-0.8636196913474898,1,4,No
4330,5.633861924487364,6,38,0.3222072636981806,-0.09377925534826013,0.7893900878979194,0.6447728690667461,-2.176820141332528,1,6,No
3541,39.52958375924959,12,32,0.05686819249813196,-0.7899449274696445,0.264020624355621,-0.5572549334824026,-2.592259783705173,1,5,No
4639,20.658778794303192,2,9,-0.8170544557193846,0.31578697887410434,1.4672920248136985,-0.44521224119327085,-1.3143695090865437,5,3,No
3047,53.80160411908662,17,35,-0.2527975809572515,0.4384840324821151,0.032777786295007036,0.5255835798534022,0.10344510465497601,1,3,No
3991,43.967091592900765,3,15,0.26588258459896114,-0.22910967649561687,-0.9258083596915647,0.33967508372073396,1.0247993658525705,5,3,No
1767,9.808816083282366,21,57,0.8434215382602388,-0.29045040691489654,-1.0462582360197108,-0.20396420699247275,-0.6848684412770348,0,3,No
4474,80.3848984886225,9,26,0.373390296271696,0.2756994075799737,-0.3256211097827334,-2.065274297458198,2.1606246856870017,3,7,No
2454,14.474894851177808,22,22,0.09146893532197314,-0.7393910551016492,0.21522022854038678,1.7150956765401761,0.2543652688569327,2,8,No
2878,19.352201894254367,21,47,0.02143010694561321,-0.5567888044588363,1.0204270995380669,0.07783077516025289,-0.7639740084636406,3,7,No
3816,15.92662229288078,2,2,0.25989310171176616,0.5759363168126841,0.41100462617237526,0.08214322129194503,-0.6788259158876885,4,9,No
4017,149.7129244428681,7,41,-0.17993626292917836,-0.8191828677720735,0.5951981880554914,0.5440421202277,-1.6186725566696931,3,8,No
4678,73.6197202180392,10,0,2.1325449031656167,0.3072437848365373,-1.0072939711693887,0.8729712496846948,0.4019419013719998,2,9,No
3680,35.86180276662126,21,23,0.7479753943100297,0.8154641226942106,1.1391266853922593,-1.3329735000426712,0.5361067817367328,0,9,No
1272,141.0824965552106,23,13,-1.625692606512803,-0.28650905537819116,-0.5361099853253575,1.537705600797142,0.18524878603607414,0,5,No
3078,5.8981912610812035,8,52,-0.22855125697241352,0.02133854864532489,-0.9775246003243668,-0.27061673499292604,2.1581984559754126,0,2,No
4502,98.06292877733655,0,40,0.9074824349232624,-0.8160637573026742,1.8365222950801159,-0.07882967515242752,0.6722856626668532,0,7,No
3095,205.6569206976227,13,45,-0.7251785334997313,0.6040324749548991,1.075357831302598,1.0114619908847764,-0.019748497980012797,0,8,No
4654,21.156290106897476,11,8,0.634909306423201,-0.08134133833323064,0.23678898103161808,-0.9401691351951992,-0.6858448037188661,5,8,No
348,59.79405987288433,0,22,-0.27309728395597477,-1.8909938099032746,-0.582550143348166,-2.768873221464362,0.24092071245615312,3,3,No
3882,135.18112334755247,13,23,-0.5730717934939863,0.896117667120943,0.3696568644462505,0.9381003146719046,1.2034543529109165,4,5,No
4624,77.17883380327632,23,0,0.106669025703189,-0.06750132489936538,1.1602179499742074,-0.6668017754593244,-0.8303063330776225,4,2,No
2563,124.980361991954,10,7,-0.9890342848495,0.4368834560502014,1.5862872655147806,-0.9718568708163785,0.18964552166322302,0,2,No
4591,77.36357831102987,14,20,-0.1833924801489032,-0.7058755405108723,1.1070667483878684,0.08238634037331312,-0.48895610231686865,1,7,No
1424,134.4491788248003,20,14,0.8198907713290137,0.8479217540828429,-1.8352817974361126,1.0451094187643148,-0.6107559064588114,4,2,No
657,13.886994464892517,10,46,1.1430755885056563,2.701967934273884,-0.4656732962826614,-0.4157287143420289,0.5885700156377142,2,2,No
2103,16.21895309919198,17,3,1.582399552691461,0.08226388788949895,-0.37265285346052174,-1.3073595861552483,-0.3846276164270356,2,6,No
633,22.08129200796971,23,23,-0.6937625255478881,0.3855588055484719,-0.06700793646808344,-0.3082559113450759,2.678775974966068,1,4,No
2893,30.143967671207108,3,57,-0.44368306319329603,1.2108178959747031,-0.8709545089790566,0.5630643471922648,-0.10708833498699176,2,6,No
2494,15.45617308812039,23,6,0.885652357796067,0.06046130500149494,-0.7984686791721995,0.9716330097430793,0.7287913848387821,3,8,No
2666,37.292660576516134,15,13,-2.2626132437255526,0.16725731350096998,-2.2987631167790927,-0.3202406587511074,0.6943969732642945,0,1,No
4016,29.575893748241818,18,41,-0.736263730130815,1.521634796836283,-0.0029576785112964176,1.576771076837727,1.358153287286032,3,1,No
3663,21.553265881771864,5,6,-0.40816972203649704,0.6396772687485669,0.34569911539018205,-1.111533108890007,0.10568109397795517,3,1,No
3308,66.95461985563865,19,52,0.38044159908973274,-0.9733258724932714,0.4104929275231255,-0.5678509846584185,-0.77973159105529,2,5,No
3097,125.02063588935103,3,25,2.3636034073404546,1.8218176700575637,1.546553931224362,0.08835773727434934,0.9806992297503594,3,2,No
3920,49.16456511701459,5,30,-0.9422147032057777,-1.722161670653349,0.13376310377269732,0.5272768454157639,0.0024524577683976093,2,2,No
2501,57.574328755325325,11,33,1.3443958210311588,0.47233949125698094,0.8902492470005642,0.07379381248074093,-0.2817314840134854,1,4,No
1466,34.47576115852235,16,22,0.8344192422751492,-0.10172052314883664,-0.5806274992663778,-0.22584211067313115,-2.382089422255963,1,3,No
2834,12.235111048588587,1,39,0.9364306008908072,0.6061980999477652,-0.20719486146244043,-1.9394657039169663,1.4816901708869763,5,7,No
116,19.501810178660627,23,50,0.7010360268721068,1.1178344005497223,-0.31090667207257267,-0.37723567409627334,-0.9615653911218296,2,3,No
1822,71.46702882553159,21,45,-0.05626585426525921,-1.024213455210551,-0.2215014863888449,0.4357524435840783,-0.0043495993440132,4,3,No
1495,23.251863012344216,12,3,0.5893308114979687,-0.39114180865788506,-0.653084363289755,1.0248975069421395,0.11540008605315935,2,5,No
2402,88.25151578252262,7,8,-0.8167349242507829,1.4930050869581586,-0.18317803620779846,0.7735667681014465,-0.6128957711701447,2,5,No
1233,10.133752338686834,15,28,0.30148593033403814,0.04142501005194293,0.1478705914601392,1.8358889975302184,0.17267397698410603,2,6,No
2662,16.443264991308155,22,15,-0.05093239991444067,-1.3029128736478253,0.9075000949206515,-1.2883581851056725,-1.4427702328617196,1,3,No
4101,58.26145080948853,23,9,0.900983980792572,1.4735914934830547,1.524570642908565,-0.13093983802673698,-0.6594385477689149,1,6,No
4574,51.29910472105263,11,28,0.029645756952625533,-0.4209737552583279,-0.717567831748084,-0.26815617433840516,-0.07342444075421387,5,9,No
1154,18.887814396731518,3,35,-0.42791829790943103,0.03976095927629845,-0.7307363846328065,0.08255403862031813,0.06655699043621993,5,5,No
3849,78.7569269403776,13,15,-0.3862727111762711,1.6759827214733976,0.08884367409890792,0.5860846148970307,-0.01722979003169727,0,8,No
58,147.66427889491024,3,11,0.5849179997467042,1.1756854032310164,-1.7630855942339292,1.188336538358937,-0.3120953200462915,5,4,No
4105,23.296907359018817,21,35,0.30653127173886574,-1.0033496551933312,0.26789390057952633,-0.16499776602492386,-1.9987339612135007,5,4,No
4289,29.067065430166572,15,57,-0.4457764128897157,-0.8775712366878774,-1.044339939925177,-0.47479295792768084,1.048011129352796,5,3,No
4946,585.6875626896009,8,14,-1.7025350507199069,-0.03593146877638809,1.1377097063090393,-1.0922505344290974,0.6918073415267061,0,4,Yes
1736,82.65076283986299,11,17,-0.022957713448647867,2.5039260048522243,-0.2874276948939605,0.36143780336482245,-0.8283985150905401,0,6,No
2197,27.65185950240998,0,41,-0.10949230243290681,0.5977179928148281,-1.4541732744065268,-0.1819742702898053,1.9947695091303101,5,6,No
3554,6.024896943111048,14,53,0.39464524001217866,-0.9899384601871197,0.39677308543097434,-0.17858251074282644,0.8644879032961217,0,8,No
2476,34.34583486663425,9,56,2.0974040781763614,-0.006493288169000422,-1.958693533674366,-1.560880356713502,0.7699491493714125,2,4,No
2565,102.88055991422777,10,17,-0.6362060404222939,-0.6819956245505742,0.4624921178999815,1.3971904900745638,0.6290102476309841,3,9,No
3159,7.713828129618508,7,17,0.7204297346973361,-0.12431983327974098,0.10327038043060505,-0.1313746320541986,-0.8529462882415292,5,3,No
4035,16.045463663079875,23,58,-1.330702871086758,0.23504738296966676,-0.5909200755236076,-0.7505042949944205,-1.4638548247859353,0,1,No
3656,46.89609816347464,17,19,0.4306969509927208,-2.1820561918120336,0.6158680983806648,-0.17480264077171226,0.3993535091474883,3,9,No
708,57.89024899603733,16,19,-0.24474717380327135,-0.38748473215836077,-0.6977045706377453,0.24792300451900576,0.4433052412560076,2,4,No
4281,135.42917964596893,7,42,-1.5351895736129901,-0.02330455433213599,0.07945940555333818,0.7468537052963969,0.2101629458907013,5,1,No
1094,39.66082572720788,3,47,2.9236433576046594,1.7178035067971986,-1.439447536700632,0.555738301599405,0.7989310870592383,4,2,No
4840,106.07286682507679,10,42,0.7618583791034349,-2.016402937848506,1.281975891913401,-1.6807765960248569,0.2810130382292686,1,6,Yes
1377,57.74722370206366,16,46,-1.6051781472090552,-0.7408437064288511,-1.2465874940428558,-1.7999654663144513,-0.36301500436813444,1,4,No
4914,19.076286858482096,8,23,0.012095240681963104,-1.1004678368084777,1.5575027562091048,1.0677108159891038,0.46794890520148913,2,3,Yes
73,13.204368396837378,23,25,-2.2253631870979826,-1.0906599743692849,-0.7424695604235784,0.07416617660602177,-0.9453826793598152,2,1,No
1923,4.847656874020975,5,8,0.5789544305794028,0.16181898981519993,0.2965707799739716,0.38104808739949664,0.13809768664539374,4,8,No
3174,34.44325082326099,14,14,-0.32869290626158026,-1.3674080700396074,1.8635174503489524,0.470730537746453,0.4207223756129236,4,4,No
1765,11.566496971226758,1,26,0.2813343707819083,0.4351686713150501,-0.06954300253308074,-0.1928779598900932,1.1756003382308513,5,6,No
744,5.156018089225763,13,55,-0.7179602806153267,-0.05330034288490133,-1.7413570684381454,0.8275952735634243,-0.9629138874658232,5,6,No
4319,12.836769427189145,12,54,0.6476647741314893,1.373227973932898,0.2400413876089237,-0.002656418831732758,-0.9915325730407026,5,1,No
1006,46.535244738942524,1,8,-1.292870229010749,-1.1072175004924012,-0.30125117292122516,-0.1453755978941602,-1.1259551056841715,2,5,No
2669,32.46291396783336,17,45,0.6489455708655443,-0.5002338402469328,-0.3980454360083922,-0.48641466928188215,-0.5057196434069802,1,7,No
1191,153.20530591260692,12,38,2.5385055649842676,1.174567120747143,-0.2884084509598372,-0.52337174710124,-2.8604393974915667,5,6,No
4632,6.923155103270535,3,55,0.5592938556361591,2.5983834058342383,0.1339652032721336,-1.1979673843184642,-0.1605060258253584,2,6,No
2602,135.81816728323588,12,24,-0.3348941220919324,0.19392545652802495,0.9572721652797633,1.5151617237959258,0.2886801448094544,0,4,No
1126,25.27573565869812,20,37,-0.11474874169022896,0.8162596145871915,-1.3802823941539468,0.27297324412425716,0.7846312133833949,0,4,No
1242,12.166771243547393,19,13,-0.23174088664562928,-0.01995564453215277,0.286009233152778,-0.7375551452208102,1.140901118408613,3,8,No
4607,11.497432337839111,2,32,0.9581566426281728,1.001706950018826,-1.1695295102809187,0.36631541242409676,1.1111254109002338,1,6,No
4131,91.57674350893129,17,10,-0.5826946099206024,-0.29621392384607675,0.044925647839215134,-0.7774232922997129,-0.09174674437593262,5,2,No
3443,35.3033447427154,17,52,-1.10998224211312,1.0886673120443824,0.02083462543585792,0.6788250159673933,-1.2161933871197623,0,3,No
999,37.741647310381445,9,43,0.19697980546524393,1.5605752701881253,0.7509563049891836,0.5239648102740447,1.882649022652715,2,1,No
3387,32.34880371434065,16,36,-1.3419409316385686,1.2825621179225057,-0.583634861846742,0.19371981997959664,-0.3991391554780734,5,6,No
2685,7.496684382619938,12,33,-0.010838006888295178,-0.3738098621259841,-2.4653413094680965,-0.6523808099913859,0.3435851538047734,4,4,No
1578,92.64554985073795,8,2,-0.7161398240198995,-0.4681617352263691,-1.1224650248361154,0.6223950317035366,0.2884818116086091,5,5,No
4791,9.166173834808506,6,38,1.8634290448751902,-1.5683839816778204,2.5193882247244086,-0.5674853664764593,0.47130973188012826,2,5,Yes
1827,78.2985988312721,16,30,0.5502387706232047,-0.11629048500729083,0.36602601914408034,0.392211669327814,-0.8455566520935268,1,1,No
3293,20.19129497057666,2,31,0.9539003732611667,0.09987531674364122,-1.5435347440178262,0.7331898723755534,0.4223438766432864,2,2,No
4990,172.66279815135874,7,33,-0.6637069181879776,1.093116997174879,0.3650670054481111,-2.0406575579873714,0.9273353340965671,2,5,Yes
3537,84.56520738101241,8,39,-0.5868281402353219,-0.5391754559945072,-1.3914584985488208,-2.8827793629863554,-0.37407864171506694,2,8,No
441,27.4058271108792,12,23,0.11581268292209276,-0.6323703864158223,1.2634833441823135,1.5215594095022018,1.3799128006970733,3,7,No
4952,25.679907080672557,3,22,0.8201875399497599,-0.5707494927642055,2.4797267793602527,-0.3810330367080912,1.4960884812072441,1,6,Yes
1101,102.52424594435621,5,15,-0.7009750880875777,0.12565347404044408,-0.050675957566257396,-1.1394642231488126,-0.28850469350726055,1,9,No
4011,47.541381528267856,10,34,-0.5262714917707586,-0.9680157700920731,-0.8685093615169817,-0.5436687321716064,-1.8971395218837974,4,1,No
3059,16.91417893210186,18,4,1.3280317813578688,-0.6260075146855234,-1.5679002503716972,-1.039940536741391,0.8567086809982697,3,3,No
650,22.4106445819227,7,36,-1.2212586028303711,1.825738086877094,-0.01031465928015141,0.9334188041831667,-0.2850309125505859,4,3,No
1547,5.58040800243725,3,18,-0.18645428241326925,-0.7327443473547077,-0.5306739234111065,-0.562458313290188,-0.28733741800046864,4,2,No
4757,80.91803090683827,5,29,2.6252876111461543,-1.3283733937680744,3.268094037272958,-1.5888327241285556,1.3617018463312123,2,6,Yes
3561,67.87892535841517,9,45,-0.5579746497377989,-0.9130491022651758,-0.9398518487633353,1.0198363734685407,-0.23915031851215263,4,8,No
3887,12.415092155938424,5,13,-1.0911669584869983,-0.06396739133282653,-0.8797661169280175,0.8264343839205704,0.3985165457938994,0,8,No
3742,15.524016485737517,21,14,-0.15329761377518725,1.3217112210200765,-1.019204919649232,-1.4843174378772024,0.3987425232654315,2,5,No
631,165.82565991852857,23,8,0.877455822153641,0.3972945655950222,-0.6768083017986958,-0.1742070470263107,1.981263454721924,1,5,No
673,16.218055780952504,16,53,-0.5225109588080608,-0.5471099631476519,0.2711662968367763,-0.7745649658228669,0.9532048834912875,1,9,No
1250,6.96304420637504,17,57,0.4586752554239115,-0.1790909608673681,0.03710813602806655,0.24894301426065893,1.1987290052766018,1,8,No
483,36.289200066467764,22,44,0.9450808526179771,-1.6033089668641802,0.28683087014667635,-0.8436933477796882,-1.4267034449994767,1,8,No
1585,29.389392229674897,0,4,-0.3482412012537256,-0.07182410341343931,0.2835351047026308,-1.3028389130875562,0.40729017984017907,5,3,No
3075,117.63934676078823,9,10,0.0035004243602775667,-0.7428266092445683,-1.2042226660064455,0.18540688538097266,-1.480316207781571,0,7,No
4628,72.75404035958209,17,46,2.0721794930005473,-0.4884401478855429,1.3523937716415633,-0.5990123736143501,-1.427767294515647,1,6,No
3039,14.370088334638307,2,48,0.2105668259738844,0.9640038114444975,-0.8523724380144719,1.2847838041077702,0.6703588772128999,0,1,No
1463,14.100930349093257,4,57,0.6054370191303882,-0.8384899561218573,0.8963285487429461,0.25536611768055933,-0.43461619498026516,3,5,No
3930,15.556200128697965,17,7,-0.7674137418937167,-0.20258787974279907,0.3224611620762996,-1.5152465778661566,-0.13081685447283856,5,2,No
3622,17.679800245053546,4,35,-0.17542972112430152,1.6226620185250187,0.17985213093467198,-1.052932795757408,-0.3397846170427152,0,7,No
2579,117.48428232260606,22,54,-1.186512736919757,0.9820257394008927,0.4722138628333851,-1.4488297727144503,0.025972939167428134,4,8,No
3802,15.66220328922936,12,18,-0.2610238154693711,-1.981030832346565,0.47340066368934447,-1.3692386953127913,0.6663654360120305,5,4,No
50,35.430713943358995,11,8,0.1212405446770433,-2.018244085799669,-0.080398393905874,-0.6682505744545707,-1.1864479781925572,4,2,No
4290,50.091302278924026,7,27,0.2091277774731296,0.005213346973517982,-0.06824418160465164,0.2539876722339386,-1.0095776755539407,4,7,No
3345,7.627317724168077,8,43,-0.8212623254558374,-1.1409976430152842,-0.34386334692050263,0.5224321416055442,0.7498803270862308,0,1,No
859,4.773276981746095,12,22,-0.18550639818972076,-1.3639464716624543,1.6263357022156766,1.5860829917212003,0.8519383324555878,0,3,No
1073,26.329957159531194,20,50,-0.18074680811489283,1.9846954572910747,-0.9331870656234476,-0.9769578331357881,-1.1331402951438443,1,9,No
720,11.914065993570297,20,44,0.6963700717220878,-0.6270959337094042,1.6201061394586438,-0.0631798281664315,0.08524877135943626,2,4,No
3718,51.67334420330412,16,21,0.21682857855558008,2.2778514510464523,-1.1268748166546567,0.44742240703576724,0.31373652056004475,3,9,No
2632,12.35128232272462,5,25,-0.2680177499256537,-0.6801248620724167,-0.0223173272589282,0.10863398129714882,-0.624391901991972,4,5,No
4874,16.795954412119997,13,40,1.8928547602752788,-0.16587227746511307,1.30961738293956,-1.592073627489515,1.1043763245521752,2,6,Yes
1661,360.3053259290643,2,31,0.8010714920673201,-0.8451596472798208,-0.24014889117783317,0.5936434162432024,1.518269107037796,3,1,No
1657,48.83631523959175,7,11,1.0867076220654937,-0.1251994421155985,1.5636686743615553,-1.2590985067683942,-0.97169766485626,3,4,No
2426,102.90325475007363,1,28,0.6578599917560968,-0.3590874030973931,-0.09853161723445317,0.6936222296710834,-0.7410942895915659,3,4,No
3525,13.19112485187461,22,39,-1.4518512107532489,-0.26633993036097586,-0.8255551810876076,-2.125736051521204,-0.10668162717257106,0,3,No
4230,81.85247312502362,8,7,1.3718249499584527,-1.815688494594678,0.771558038287678,-0.5081941648838711,0.5029903182964149,3,5,No
4975,39.91212137890515,9,37,0.3177510793597058,-0.8736034044769118,1.8432272156568204,-0.7321212256250635,0.10821200554090471,0,4,Yes
3310,21.244506909579723,20,17,1.502439349957333,0.24108230098607372,0.06910403885386154,-0.49097810052633667,0.6148393920709179,5,2,No
4477,42.849574768684,15,11,-0.9994971014708457,-0.43740992762641545,0.26084438514129243,0.05123664844606407,-0.9636160126179222,2,8,No
3306,55.476442809743304,14,15,-2.3389371806488324,-0.12721660087012307,-0.40110497736566353,-1.8260044103730286,0.9896114302111616,3,1,No
4752,88.93197815935379,6,0,1.4829254758804582,1.2820134397743015,-0.9045727701448265,-0.8719284382412603,-0.19406489343713806,0,5,Yes
4127,90.9276101297742,2,19,0.1454896468335524,0.14169434259591693,-0.9843674997339046,0.4212091157900746,1.0571152989513986,5,6,No
2607,12.269950103450014,17,44,0.8740127530155358,0.6803649216924524,0.36953563342035745,-0.18602828156227816,0.5121065819050965,0,7,No
1386,36.38596263005807,6,1,-0.8846194576513401,0.7142792376934625,0.11082352430691157,0.9836535952108916,-0.6091682115417223,4,8,No
3836,43.89535688120544,8,6,-1.4170889179886805,0.1709910769250503,1.0270726649257955,0.9237285988845035,-0.6939701846262885,5,1,No
1400,8.086375197759065,19,22,1.0291349410333923,0.558091552723642,0.21068571346905124,0.8636480012646043,0.8608983962967114,5,2,No
1196,235.2113803705282,12,27,-0.22525219251658304,0.8379827105522986,0.81595715934866,0.5963385005941313,-0.016473368047505613,2,2,No
1409,32.825488778575824,4,6,-0.9268543647037955,-0.6712358110975197,-0.7485828702916597,0.9810199268597204,0.9705884668497021,1,9,No
3825,23.83002470793701,4,47,-1.3146147779691062,-1.271814661565109,-1.282053791900146,1.6713246009194715,0.4056240037619178,0,8,No
1799,18.850295206146722,18,45,-0.20767196400660862,-0.6800438281748903,-1.1940026559300008,1.4027012897324986,1.5673091061298812,4,5,No
1476,28.140251901435025,4,24,-0.21107981367953002,-2.0557089287774843,0.5634742829724668,0.8922514769745777,1.4410872303793294,4,6,No
4966,77.06979682171013,2,50,-0.344270332591877,-0.2707091830009827,-0.4801050950476722,-2.3243968686246985,1.2592841526019503,1,6,Yes
36,102.40876377882289,1,49,1.0549560947192937,0.14054099491804029,3.2412590769767857,1.054533696542082,0.32487762440682655,3,7,No
3542,47.087282499547975,9,12,0.1997391261772232,-0.4424677225915938,-0.07206016506412331,0.819282647401717,-0.6318116615997146,4,9,No
2346,12.556012127911789,9,9,-2.3105676254753127,0.8140252947611006,2.002536978676355,1.795651198335153,-0.19497351749050496,3,4,No
4679,12.941474843865556,11,4,0.23859785891309107,-0.060100969484402016,-1.2442497922270581,-0.08847375972032742,-0.15143851305101017,3,1,No
2360,159.38709704862046,12,45,-0.11645497871559965,0.6081228991620768,1.7780616086895233,-0.3888954209093435,-1.9997291473456924,1,6,No
2207,20.985753524002714,9,30,-2.2322481303512967,0.9477836585238427,-0.6855198901631185,1.1239685543676947,0.15427480419769662,4,8,No
3768,51.73533468466657,10,23,1.0105347676520502,1.2841314713453162,0.029897005591374117,-0.3594978422995192,0.37718389867161645,2,4,No
1287,8.789904936526632,16,25,0.8923084877295449,1.388546301657105,1.4512867044703506,-0.12559965530689088,0.387879456893237,2,6,No
350,144.88626394663171,10,53,-1.2637503194065218,0.2143134859215077,-0.1492330851799887,0.5491904942330328,0.20039950048029245,2,7,No
2138,77.19263587863908,12,36,0.4194865854634887,0.8434108538525992,-0.27411219523462255,-1.6843747928095578,0.5337601830766953,1,3,No
2692,11.79844513817776,23,1,1.5401893878724215,-1.3008386660580131,-0.27236634322642334,-0.3484495522319408,1.92053206722485,4,4,No
4561,63.063889852159065,13,23,0.12013130834639067,1.3623194389740725,0.558743188933528,0.256007137756969,-1.469888281330458,0,6,No
3968,11.65323136212918,19,19,-0.8699648385306727,-0.7261488959021734,1.9664224338200638,2.1481941152303663,0.14676240385843167,5,4,No
1682,11.876835094106843,7,53,0.0017228004818540896,1.7679319429815843,0.3047089971575089,0.33411263298353794,0.49561383521924485,1,1,No
4835,10.416036167850406,13,12,2.2067687050829887,-2.6456559977912457,0.8434544321933031,-0.8192421779364598,0.4075953617355131,0,6,Yes
1444,139.58943156758423,2,49,-0.10567488377320998,0.5156560461068058,-0.21596110153435863,0.6577317221526706,-0.06569738864044394,0,2,No
3244,42.87316848390947,10,13,0.30986115653000323,0.054433253511990916,1.854958670656575,2.4709638894112205,-0.20726668827278216,2,1,No
1672,6.698928744436713,19,58,1.105668788324186,0.9262058630906704,0.33635408912841436,-0.257716561387656,-2.3578249953999575,5,6,No
3837,59.03644215443393,7,22,0.388677148900106,-0.9194918848286839,-4.257009288247994,-0.7773285141714626,0.5365771013598014,2,9,No
1180,50.273191293048896,3,51,-1.666671935815391,-0.7627766689497861,0.5876732206023524,-0.9612784223046619,-1.548448185724309,5,8,No
2799,58.754190031893565,7,42,2.0227548128740014,-1.134107911714913,0.3136122561354609,-0.6853238042512505,0.7388280793765873,4,8,No
1693,8.314915652996934,0,38,0.4626087683051862,1.072024676601108,-1.0941429216303153,0.6599681889202039,1.2266669766367415,4,3,No
3957,15.489030669636058,10,16,-1.2540734940601406,1.1154765818029488,-0.4457841744177235,-0.7458828313747242,-0.3171929192133447,2,7,No
373,78.00664244121835,2,22,1.0855361331812003,0.9399058658456572,0.667045547583653,-1.7866188201296775,1.1166326561616067,4,9,No
3611,63.12473487969756,6,40,0.29173388315108983,-1.7763221997413345,1.6791810577968311,-0.39141157852714514,0.8702488839740117,0,4,No
1917,17.88479614315461,2,31,0.14691476392588196,-0.9918248570333047,0.6548911579778811,0.8850685466450698,-0.5286487086540953,2,2,No
1358,19.943329361378122,16,34,-0.7426453395192898,-0.892966382013853,0.2893606246160652,0.811493741973321,-0.1284392189010354,0,5,No
1826,64.96147446675275,6,22,-1.3872916243944506,-0.7692895814228655,-1.810633824962345,0.14461628703308219,2.2638402692696515,4,5,No
787,34.61241310913543,14,38,-0.506477114885152,1.0403262322197848,0.4656647022783544,2.603367776807639,0.3101028884946864,2,6,No
470,12.653184006973573,7,57,-0.20224008944705912,0.15536574611559287,0.5737264566512917,-0.7407666037645421,0.19370946613515708,3,6,No
141,50.119463881663584,16,7,1.3045920856783244,0.0037053507974743488,-0.3949972712981747,-0.5645071656136869,-0.553765153836162,1,4,No
789,11.218596494031928,17,2,-0.3268539965989834,-1.3229369429031808,1.6612138435723098,-0.5411736135208487,0.9674404601379066,1,7,No
324,70.16635963743659,3,6,-0.9421809969593052,0.4202005068632542,-2.3416930408564456,-1.1215910116531238,0.46667679808076484,4,9,No
51,44.217445186392546,21,40,-0.029831080944547807,-0.5648033511024263,0.2961695846287402,0.9914360933175131,-0.8269658435469408,0,1,No
715,26.82434808316793,16,7,-0.7823260307742839,-1.7634506056489103,0.007218456725176393,-0.2753723297571609,0.6536639836148213,2,7,No
4890,258.8473436507124,17,53,-1.7942504259450203,0.9076362624081138,2.229278505749481,-1.467433450764759,0.749771934996762,1,4,Yes
2841,27.997799857601866,11,38,1.2465664093979574,-0.28775390314921784,0.10147733577392529,0.6642428564252366,-0.335316358031428,5,2,No
2447,22.7347777019727,1,38,0.8681035715646148,-0.10408545272113312,-0.30573438213208526,1.9063263977834999,-1.070004186831552,4,1,No
4814,63.70566135206513,22,6,-1.2223009939265201,0.13831496352616546,1.3465795579735036,-0.505904668133097,1.1822937789173555,3,3,Yes
4420,128.79012572491084,20,2,-0.6213058534640502,1.0409322318928869,0.6655397730570877,-0.7058447514671461,-0.5140478162299557,2,7,No
4597,23.111684712146907,9,18,-1.0804963268821994,0.33989373692152247,1.2705000213309554,-1.578638469662753,0.12038748679173089,0,8,No
3016,18.789289023610813,22,27,0.035892199253855735,1.712550923475718,1.752766818358935,0.9045962698891303,-0.543533987728597,1,5,No
2667,22.207966112553898,17,20,-0.06784695755870311,-0.8286055284755504,0.18565792299237055,-1.0328298655117703,-0.10449392618302449,4,3,No
407,29.443048340409607,13,43,0.4671358779052533,1.3928218493169693,0.016762457261947625,0.9957658316635309,0.15379768053620216,1,7,No
3725,29.940799560248276,7,59,-0.8061905400911277,0.27457133663544436,0.4935111886688474,2.4003384500050413,-1.8077466356845824,3,2,No
1005,33.21472465153989,15,27,0.9182761213923244,1.5201228168513279,-1.2652000350194736,0.10045927083289502,-0.39954511291701506,1,1,No
3788,34.557428110879215,20,36,-0.320219607425495,1.7464404686428723,2.062888339767829,-0.6370864117446028,-0.9133017305829748,0,1,No
891,14.396185522263202,9,16,-0.2971175736980916,-0.27403226282571846,-0.09388850588850835,0.5516280620903391,-0.563730553179261,2,8,No
2412,160.0806246165993,4,15,0.6515632657194788,1.4197377702319631,0.310375849035939,1.0431204505192768,-0.4438960403060948,5,9,No
2546,20.346042865267847,21,17,0.36406418946306923,-0.598931251033421,0.9919319635212448,-0.9974959492459441,-0.625521632378334,1,4,No
4834,26.22360452218435,22,12,1.7294214368903964,-0.8064835899057896,-0.9909261934041709,-0.991790193331786,-1.136191386699896,0,3,Yes
2391,4.660647567800804,3,34,0.1735565456780371,1.9798030556016668,-1.320970655908891,0.684807520446975,-1.020221358463,0,1,No
3941,37.158066586036746,1,30,0.2858984965866287,0.05428775426418736,0.6990150078055858,-0.8563005742273532,1.3652173398339813,3,1,No
43,17.02172199311982,10,8,2.4274720443376094,0.1024228107189117,1.4618408593935994,-0.740329365838712,-0.04208605163638678,5,9,No
2831,13.260295622914912,8,37,0.5770219209361136,0.46753017929393614,-0.20677308976638484,0.9881315252266694,0.4521478851829387,3,9,No
3966,14.818109363623847,12,13,0.8880195830034511,0.6152619511052647,1.601434794162049,2.1820771137221713,0.9357709596591994,5,6,No
304,23.842620986836213,3,43,1.0315237749937014,-0.18637706395678272,-0.13744699289312357,0.4184493689849223,0.3448170778897882,2,8,No
4514,15.66315480655052,7,18,-1.6810025786683576,1.226343884115748,1.3291807563447846,-0.5394679015988211,-0.5492748955343216,1,2,No
3748,81.45084133248301,0,26,-0.6826454504373479,-0.05324563585475137,-0.26663891393199307,0.09200929338490335,-1.3748372416640011,0,8,No
665,30.520916343141998,16,42,0.9843026554775617,1.5699781961072512,-0.16969316656624964,-1.3270580423615084,0.6637187436854202,0,8,No
1178,38.42188024252343,14,18,-0.7094928690977791,1.3277203931809305,-0.00912599347262875,-0.5238011011476121,0.10695804386720552,2,8,No
2677,158.50395270420407,14,18,0.03528176485155034,-2.049596627280386,1.1959522260811317,-1.875769263407916,-0.12775082265388157,5,3,No
1948,13.341735258779176,13,52,0.602155438090083,0.25552065940950486,-1.3056175719102803,-0.5881620731790873,-0.00011704912568639759,1,8,No
2502,42.47491212428691,7,8,-0.16996000108804354,-1.4140070565414014,0.9539082973195758,0.44002631163938394,-0.6062620491478531,5,1,No
1474,3.4541805209039156,20,31,-1.4535124785244957,-0.8467962618468898,-0.2854057387452622,-0.352235118994659,0.15201384511591828,4,1,No
3484,122.73648918371445,21,14,0.5450850422541684,-1.0035544778671417,-0.41115292673516884,-0.6673289452930362,-0.28264313952563963,5,1,No
3521,16.000696608781443,21,28,-0.30188679205786356,-1.2684812322594436,0.7957905175644467,-0.919310087999963,1.310220144184246,3,8,No
2133,22.690826146067664,12,22,-1.0216699640620317,0.8389195543048392,-0.03129480985833017,1.4495189742906422,0.9151359035853165,2,9,No
1027,3.7426350999477247,21,38,-0.2179085183162197,-0.43535596372080304,0.2086785243654316,-0.5057152019591512,-0.14551492947721553,5,3,No
962,37.75157196154248,1,29,0.20660912772278656,-0.04485618881531375,-1.2711453765590728,0.06228620849061246,-1.8932123032208052,5,7,No
2890,23.749404717975366,9,46,0.07590815548632852,-1.1985349884451837,-0.15505937520475505,-0.03782187326702969,0.28101190322012104,3,8,No
3135,19.560129856869352,1,18,0.6367602448296438,2.466113812551176,-0.738556793132961,-0.3139889991057074,-0.7106552430052673,4,4,No
2010,61.909619506334195,18,20,-0.6678420571173637,-1.562730007139199,0.8282193996856262,0.40013077750903614,0.4560386468987366,0,5,No
2150,37.61347920529947,15,27,0.2912471253656829,0.7748377547924228,0.5684701636794856,0.6054010330667036,0.7615002221739411,0,9,No
3324,72.15594770680508,0,4,1.2037890395998239,-0.10020398917343985,-0.036242503874079485,0.6291570186347337,0.0019011448389050713,4,8,No
2339,94.58497207337538,2,39,-0.8488243865620512,-0.23656199354819446,1.511838342876808,0.5442582325965617,-0.16253304335640567,1,4,No
3889,25.480049598178162,5,37,0.6109879367304878,0.6113468865296362,-0.8238959314326909,-1.0942104559833499,-0.26436016423909664,3,4,No
305,31.145683187551782,22,7,-0.9819723056156512,0.9902664977049435,1.1667831621902383,0.1860828936902982,-1.4941553065496669,4,2,No
1441,17.03677086025363,15,19,0.9285198508026042,0.9613581623133276,0.7499129183216177,0.4401107032656179,0.4128263071564397,0,3,No
1497,45.73196306747023,12,0,0.6903310050046153,1.0044563188719415,1.01903828001661,0.9159991477383439,0.6311891940816846,1,9,No
2653,119.89185538016454,12,46,-1.034750302260612,-0.533204586491409,-0.3738320341598101,2.98134798092135,-0.014446086735217058,2,7,No
2876,3.515467009762355,5,43,-0.407843624335685,0.25486488524678635,-1.583458314611133,-0.0191418784480852,-1.4603037045020144,2,3,No
917,139.25429979389233,5,13,-0.233888192103964,-1.1470439041987308,-0.0779805018944271,-0.501079469607532,-1.1903661362376,1,9,No
4183,8.02844681850428,3,33,2.959457718093084,-0.5307075321793215,0.3273254123084641,1.2922458831548107,1.2874271963376382,0,8,No
3722,66.44748196905046,16,58,1.036277317036397,1.0133868424737364,0.2694516096816971,-0.6416524415197875,-0.6332480292666243,1,2,No
2773,25.937016187903875,22,48,-0.8600811694237297,0.9017025681365862,0.196956748321297,0.14284194253197507,1.0257961481459206,5,6,No
1625,40.141917710223936,19,23,-0.13648023176044785,-0.024090252197638936,-0.34826062024476284,-1.02133755195414,-1.4548028335982468,3,6,No
3838,28.84546893725405,20,12,1.1061496481152924,-0.3305206589480768,-0.42894891219097825,-2.186856492242892,-1.5476736689047896,1,9,No
822,139.45987701357117,14,33,-1.0179145456553433,0.9944279697365547,1.129367623128353,-0.5370369333339351,-2.136013549439347,1,7,No
3965,26.063319296026208,21,26,0.4655456559886942,-0.2741485001225741,-0.892467767981082,-0.3702773043839008,-1.7766336717733762,4,6,No
1355,224.2933532383987,22,53,0.4753228728787888,0.6910374027783259,0.03550216547330453,-0.06068031670928348,2.0635414904733906,4,2,No
4498,3.8483103319420873,3,38,2.046930483094217,-0.46329971269721026,-1.2974403105691439,2.0278080270210506,0.6603771224893696,3,6,No
851,23.061566935838165,19,55,-0.8244660488127444,1.095413792614956,0.0728834797113227,-0.16512256333928968,-2.0081478058002147,2,8,No
1001,31.209338282962946,7,55,0.4138409341418349,-0.18940266780649592,0.5658115720868266,-1.4877899303083517,0.16296212132498594,2,7,No
3378,25.047626706531624,15,52,0.22679153713494227,-0.15585047738786076,-1.5309075246194201,-0.14983658594678062,-1.5336992092614223,1,5,No
19,79.71440432773844,13,6,0.47983903690221674,1.3731749178886479,0.26342526165215957,0.08138783642507771,-0.9365978176102492,2,7,No
1638,87.69098247777868,13,8,1.5253976688745898,-0.5899087391299694,0.783382248852705,0.164568445384979,0.9827231951095236,0,9,No
1668,33.18172778242339,10,34,1.6861729857461807,-0.7634737077106796,0.6409021702125045,-0.9446713301813023,1.008383235601769,2,4,No
494,52.14172955437137,14,54,0.2324276140615166,1.1928527149527093,-0.05421545866331975,0.5311744436838554,0.046360076249706055,5,6,No
1348,15.922204088413938,10,31,1.0078574304895174,0.7593317312674405,2.179889308281965,1.1149720356065458,-0.7240795618748207,1,6,No
3728,62.32584532944139,2,12,1.501765070677553,0.4305274326631392,1.1485122136202721,0.45528127100631993,0.9630847581139547,5,4,No
4826,31.563976288091666,21,15,1.27699947191272,1.1537787376984763,0.6235353018938945,-0.7602740569480978,-1.1673636992460512,1,1,Yes
3615,5.1927952619491595,15,35,-1.1987190680186768,-0.7891933840988264,-0.300768349222831,-0.2945206851702115,-0.6068886882310286,4,6,No
3482,80.58771783923548,3,19,0.06929866764888518,-1.3470468214554783,-3.1107894164246903,-0.9634106410442388,-0.4629458670240394,4,7,No
688,148.17210063225454,3,22,0.41299284017275345,-1.8833284012268237,1.1304778427875717,1.182724860717409,-0.47436681440649864,4,3,No
3732,66.77647436479268,18,35,-1.0302323300470801,-1.6592598522933881,-0.08658164540371352,0.01741212405689858,0.015539847100134492,5,6,No
1609,26.63737504752601,13,40,-0.4257876362725878,0.22748348684137715,-0.12497916129802501,0.8913787722248085,0.2201629742289416,3,7,No
4085,92.40579268760074,19,49,-0.31433085036271674,-1.2965925558700746,-0.1464519051888669,-0.052697279756085895,0.8300306906097307,5,3,No
3403,16.231485709972404,21,49,-0.31401492095391714,-0.18984950649379906,-0.5455277095673737,-0.06605054506465012,-0.25455809923105915,1,9,No
1010,48.36820147351668,22,2,-1.1367864910537042,-0.12570945971872444,0.36472913729270456,-1.7896740223881207,-0.05360170786046118,3,5,No
2409,3.088867355010168,8,5,-1.73032841308321,-1.456751872451672,1.0201901394674444,1.2817940401233752,1.5998895879579749,0,6,No
1093,73.32724656958624,13,27,1.4269741636643627,-1.0873586437238723,-0.16332628181541928,-2.1412526882311878,-0.17833297684915667,0,6,No
1328,6.760537750768494,1,16,1.5985706178114065,-1.5994922005909002,0.8765815827327491,-2.5121579061313772,1.3937111488173184,0,5,No
1678,47.68062057047698,13,49,-0.9546623511739386,0.27770505649242144,1.0679947332681239,1.7291765252393914,0.250610276157731,0,8,No
2000,303.127229219809,11,47,0.9060775733761699,0.7650294797093706,0.9882723359171489,1.8036658074765983,0.38985173953555596,5,7,No
1311,10.17566638464713,5,37,-1.1036408077229607,0.3904746433122149,-0.8225476864634965,0.24162564218405003,-0.9787273627465037,2,7,No
3259,13.782989347185458,22,43,-0.7007646379207145,-1.6828563380795754,0.6549247874201497,-1.0201385325307133,-1.1192426609830441,0,9,No
1988,15.375616823190668,20,38,0.47798096384222044,1.2327190860531176,-0.6787628729596047,-0.667797254265687,0.7561601975395755,1,6,No
3649,129.98272119516741,0,52,2.4448007081092404,-0.4149549242066796,0.24969912103018654,-1.2382692621706648,-0.33047831476545886,4,6,No
345,166.70231579489163,3,54,1.0905735873738482,-0.16162576402483733,0.6963308814017153,0.20321376229469254,-1.402071039244055,0,1,No
4483,50.960687013500404,10,35,1.4733705421009686,-0.5648653374056279,1.0269237750029143,0.1300898358255966,1.6529113448346369,4,7,No
987,8.131382041436927,4,31,-0.6860468571594233,0.008549993368803353,0.9859893300585213,0.11722933166872415,0.12096446070272407,3,6,No
4545,58.248014336043276,2,45,-0.7703767016350556,-1.1132295333063609,0.16388774868496186,-0.4138425845838699,-0.16624963520631128,0,6,No
3808,38.82623749493528,19,23,0.47669009632447673,-0.8241568116922442,-1.464884784556007,0.47011218062826243,0.4325254075428226,2,7,No
4524,35.69201800762938,19,14,-0.0375433134677038,0.3650818881566264,-0.0588650409816173,-0.5924940637370354,0.4669693987202058,2,2,No
4003,43.52438068207228,19,42,-0.06704739309822098,1.3156872409638214,0.836919302527511,0.24132454836131817,-0.2497047806489735,4,2,No
3092,17.02934921036823,7,41,-1.7621964371379413,-0.7276467392713127,-1.315472279988113,-0.879741170206896,0.20185856281974357,4,6,No
3962,126.50152974645756,14,45,0.14950017250009345,0.11524073520294939,0.8512147993761583,0.7186060597791426,2.222678339488907,2,9,No
1143,4.474766875731891,1,13,0.05790190982693886,-0.26845136422912164,-0.08722068549719247,-0.2117816336341373,-0.6604481806075158,0,3,No
2359,110.97051866532715,5,46,1.6314801144427198,-0.40321515633964394,0.850358892014213,-0.8371355925341191,0.0212713681001226,4,2,No
1199,146.19170183844332,13,47,-0.3356001299879106,-1.0529712491154706,0.07276786392135985,1.0651783616224522,0.9327381084746261,3,9,No
86,53.89148462744689,18,39,0.9346820628963304,0.39314090314742434,0.46114639135983565,0.3202916840072248,-0.18822252129193043,0,7,No
1519,24.163074242658222,1,49,0.45898290044606543,-0.11587409745823536,-0.9145515927610286,-0.11344144337049392,1.2155876005192052,2,1,No
517,64.60721023518592,10,19,-1.193136035710258,-0.11346995439007401,1.2282911569331254,0.5996588742203581,-0.7151409284828807,3,6,No
1382,1.8831483797348685,13,42,0.22000830573008343,-0.7900072964370534,1.63052189656592,-1.6061056897904893,0.38448433333011733,4,3,No
2717,37.14889073306184,7,5,1.5134613125939287,-0.7187616119887626,0.2727310670848132,1.350906434737066,0.5421072907794926,1,5,No
3085,20.680233531960575,7,21,-0.8342397439039501,-1.2273982447914742,-0.6182740847024535,1.7382832845010314,-0.036072565999093545,1,7,No
1015,11.645924499212406,8,41,0.9892969954334668,0.1504759220086146,-1.2761722883885986,0.10757880956676805,2.6110762284092623,0,6,No
129,17.46586609320996,10,22,1.7059402787087732,1.9982889833413344,1.1868913445990807,0.025674453657999224,-0.21669325405592046,1,3,No
1365,22.653479826611903,15,52,0.530993278184569,-0.3279348327877281,-0.15877649380672046,1.1376619516033566,1.34591124873214,5,5,No
3624,94.82896362074158,12,25,-1.2859097211106185,-0.022224872626710527,1.7894254820903963,-0.31090070188514457,0.1404725051754363,1,5,No
4971,54.33567520582131,18,4,-0.6777384529258268,-0.48329693460804124,1.5388635516798226,-1.4760070279894364,0.3606172674750624,1,5,Yes
892,18.958855147819076,15,57,-3.025724901882585,-0.6036781736616855,-1.151309499407364,1.2032582230167888,-0.4409327625428967,0,9,No
2794,19.76084398380238,4,47,-1.0033767601799353,-0.12630317056882756,0.027550724189488122,-0.08690409649534755,1.6551559430374538,0,5,No
4239,30.608085551399455,0,1,-1.4118090402313928,0.45903826676709186,0.6579712844176642,0.812390825875582,1.4297898511821234,5,7,No
1360,25.68834332665298,11,7,1.0959522736975829,-2.0753422635971837,1.3429926524306277,0.49966448895423055,-0.7475213283637553,1,1,No
308,121.51583636004932,18,7,0.14795846542479205,-0.19071987780810284,-0.42331954899651913,-0.3514032680054818,2.507724785506933,1,3,No
1662,11.021682249299348,10,51,-0.9460301878398408,-1.5375358505081602,-1.4663784554114703,-0.9726611976947006,1.2334935482459914,3,9,No
2432,92.53445582400313,17,52,0.29905703794100097,0.6187149844245802,-0.2833854265160508,0.8926060522578717,-0.7965542527560597,0,2,No
3935,49.22919379843838,10,13,0.24384690021328798,-0.08953499262384396,0.5498762400963603,-0.09962280726093196,-0.22655226336834275,2,8,No
1318,48.23304512330443,4,14,-0.9754682383702709,0.28224712176715,-3.2249562285208904,-0.8435460672395073,-1.9227609691993868,5,9,No
4304,18.270224463604187,8,35,-0.6351075375310171,-0.14802080439187432,-0.6633336674367282,-0.8002648237067083,-1.4010865789974365,3,5,No
2475,13.361567564522495,7,22,1.095612037126704,0.5475538789942053,-1.2339500495908844,-1.898386382837097,0.496944580460768,3,3,No
2543,24.03376271765548,9,28,-0.6470297880169557,0.5101692578797279,-1.719458199821009,-0.49767185185040463,-1.7227652206626862,5,5,No
1247,21.92989164662094,0,33,1.8542554066796233,0.09352928394320842,1.0192158319755993,0.3989626501066333,-0.3831136138750589,0,3,No
1209,324.28828129486766,15,31,-1.9888999492951858,-0.9930387031447206,-1.7715823589485722,-1.6484444477613032,0.4263551741192916,4,1,No
217,56.7193508308396,22,15,0.8679799343482604,0.45122938552183306,2.229795115194971,1.251109482312179,1.4489340247508535,0,4,No
4293,13.933580906561291,9,47,-0.11760571835677901,-1.9796514475229972,-0.5666110775205849,-0.2863259552332663,-0.1298737040743677,2,4,No
3063,392.21457532222695,10,15,-0.19552886074044024,1.0692431325678957,-0.004823220549396244,-0.4438391334030063,-0.24671004807272248,1,7,No
1240,156.31608139247183,13,42,-0.3942516051833931,-1.1010589312462153,0.8141305654332462,-1.3100209615789538,-0.5013043283502879,5,9,No
2290,6.818644388985041,22,28,0.5890765858496766,0.23923812026770214,-0.43123791738492423,0.037078745622395604,-0.2207252557763486,5,6,No
2741,14.11251767919068,22,15,0.4684750539123603,-0.33744186040852664,-0.2035455894739064,-0.09173241880924222,0.40563165492722825,4,3,No
276,48.708159027580635,21,12,0.03922792776175646,0.05285130986894881,2.3278053364265916,0.6304252879801651,-0.5929040143292734,5,3,No
490,64.43037840899548,15,25,0.48351169621009515,-0.3858781127552457,-0.6717888999774754,0.4986584096210017,-1.1437157779742886,2,6,No
1036,33.06936577516848,19,5,0.8046774281323147,2.2415248891363353,-0.21761709980945082,0.5504131896912926,-0.4318293196910016,5,8,No
1230,58.33415428274337,11,53,-0.0639100226411535,0.3608918630590762,-0.40921770712424965,-0.5919025038834741,-0.24188553163910984,0,8,No
4586,52.85830414052102,0,36,-0.08175878958966287,0.23395870262347823,-2.3060480075654164,0.44125375383736876,-0.6697879270153456,3,9,No
1009,70.54481373073662,8,41,-0.6317946729270923,1.1498116038653579,0.02847079110942715,0.2947588620553034,-0.21149974609685293,2,9,No
4690,18.30316745201701,18,40,0.6784615001465273,-1.2695343173570126,0.8351331642598651,-0.5507479292311002,-0.3060736203509853,3,5,No
4027,17.394881321688228,15,36,-1.4307171397998188,1.8151622353009023,0.616780264118091,-0.2126985104916551,0.0783245871520337,0,1,No
3183,16.247610207664582,3,21,1.0102201778666928,-0.5709813603228443,0.39709535711018784,1.0769217223206249,0.4762561896874243,5,9,No
2533,42.295551941989714,13,31,1.1150067072879695,0.5725486234558245,2.391622746205688,-0.30997027179222764,0.01609324132121902,2,7,No
4170,54.79781317127516,5,26,0.8697915135420266,-0.21937071807241018,1.7533013854905501,-0.5854209122904813,-1.6113300399863975,1,5,No
1059,37.27593385248441,14,16,-0.4624579380344189,0.1850360473653055,0.15514812822643081,0.3867995544245269,0.49948252728899867,5,4,No
2167,551.5040863792982,18,26,-0.039159948670769135,1.2295697376796937,-0.05264523083831041,0.6779680123724077,1.0120389753946053,0,4,No
4579,20.550373130552785,12,30,1.0289031814831897,0.703459132903896,-1.8686780403216106,-0.6124661995934806,-0.3660685221748789,1,4,No
282,5.785842660385525,23,59,0.76677429226312,1.7098992559273836,1.8508536342912676,0.9511651707789268,0.7063801464245854,2,6,No
3566,177.07879415690712,17,14,-0.08829990904194783,0.8302471629608877,-0.36543278198875334,0.4436438240682888,-1.976864778570544,2,6,No
1317,27.032992279474154,23,45,-2.5034476091355575,-0.15777076376430912,0.12551962054762003,-0.3395961557811601,0.16036366568980487,1,9,No
4979,243.66139339170778,8,41,3.8553987912620302,-1.95139715653332,3.7979509194462975,-1.8462630680463796,1.9712246205542103,2,2,Yes
969,83.45918894166627,1,27,1.5132187214493837,-0.5944583747973149,-0.237484242464837,-0.5922191639147026,-0.08156612043058602,2,1,No
3127,31.731722927945015,9,23,0.4497865694317432,-0.8959054009285634,-0.16244980472660855,1.4065044745652089,-1.4195311411824185,2,7,No
3921,45.74503484884715,15,2,0.25240244191033284,0.1698591879182411,0.47489183875357893,0.3236759982592827,0.39381632993772,3,9,No
3167,13.789956479989943,14,26,0.0786459241816492,-0.8225126288905922,0.17775580506590558,0.5524507468840025,-0.83001945061577,2,8,No
3520,63.8680046778638,3,18,0.5444741727735691,0.9645013606985009,-0.7016467637760313,2.1820982252712184,1.9985578910685469,1,4,No
620,141.3414860224178,3,15,1.0489792655557526,-0.9199898521685768,0.5746678404813418,-0.11387055239528114,-0.9430451947409286,1,3,No
3347,42.80412091790841,6,28,1.5101728216538113,0.026757059638855735,-0.6115676992975794,-0.44804505208782563,-0.1058348469422402,0,6,No
1743,54.95876375884161,16,24,-0.456354498308363,-0.00906400742773296,-0.42569679157027407,1.4665965131829597,1.0022737237986012,0,7,No
1391,16.9130916573499,7,51,-0.2593885144687406,-2.125598324530646,1.3950915373207864,0.44925937402602345,-0.13101043455338934,1,7,No
4051,80.59313373764542,14,1,-0.6693994267666018,-0.7651186994914063,0.3390647287524973,0.8265878605415744,1.2707548298428364,4,2,No
1848,10.823223859623967,3,8,0.20581549663066248,1.5167467666559509,-0.29008924660150287,-0.3071494487979124,1.4396335305269161,4,2,No
1580,46.792670611880226,23,55,1.7643119350074923,-1.0611269681278044,0.3314261788667022,-1.0907683526783607,-0.5578734440702703,3,1,No
1656,6.908986181377467,3,56,1.049823811532478,0.1697784627130989,0.10781472625287399,0.22717217057548106,-1.4432043050860484,5,3,No
2353,31.90461746541317,13,25,1.1179676410257444,1.7126053927940235,-0.37782606261066637,0.1837573817907016,0.21506917255752092,0,9,No
2213,120.50442396492697,9,6,-1.1165964397754258,1.1334517288164596,0.9357800635681301,-0.1822320472078898,-0.3766433530549067,5,9,No
2021,33.60517724895726,15,29,-0.2955712065231284,-0.9927501245562359,0.8528799795201931,0.05449557715464238,0.4084283126590545,0,1,No
4973,207.9763382011241,12,7,-0.24193334296416413,-0.48670124483073235,0.734968421384742,-1.8253030814756779,-1.2485911044143103,2,4,Yes
1957,82.11024894125269,3,26,-0.42381584303224873,-0.8620739772698514,-0.7668162666772819,0.5371054964629087,-1.1029604997230638,5,6,No
1308,113.62481611002302,11,7,-0.26069808304951375,1.02128776393746,-0.9868819612100316,0.5348921118028795,0.9566473898452137,0,8,No
2004,42.60000690203895,10,26,2.5587314219806183,-0.25165304156640084,0.27812000826673117,0.24253628500372185,0.5894594986230834,3,1,No
4456,391.19104104836623,16,55,-1.5180472998136585,2.1207479040656207,-1.5463285009509224,-0.806024122088647,-0.6099204076991136,0,3,No
576,7.730530699281077,7,21,-0.4483564600726221,1.4257954735772547,0.00721246283363482,0.8963168161764239,-1.6417983335510877,1,7,No
4090,70.43171206249754,3,54,0.16175021120274843,-0.7915610916450994,2.053058581320267,0.23277499175658944,-0.5908202273024248,1,6,No
4320,681.1492551017974,21,5,-0.8754991392001988,0.19313420881970597,1.5415250486094727,0.7264569916257283,-0.037532936573936214,3,2,No
4437,21.695085151462347,10,56,-0.6519660322563389,0.3598685125907831,-1.0981643987954721,-0.11068803719720217,0.04274085315753516,3,4,No
1707,21.042868237035986,4,34,1.5848856877275204,0.6696147602293553,-0.0762526538201018,0.44204768433531105,0.46529093544909955,2,7,No
3743,5.999043903096451,18,49,1.5381603648978048,1.0382803277164534,-0.011231988723430198,1.664661667791436,1.3454474726538217,1,7,No
3471,7.061800550503709,7,21,-0.8395790388192566,-0.45817900368179626,-0.7462283089811764,1.0291060832220358,-0.2768240836403828,3,7,No
1281,109.24778638589036,15,35,-0.05724467103893545,-0.15700231277208526,-0.8254381521887809,0.30379386764896504,1.3103688995730578,5,3,No
862,7.827951583239842,20,4,-0.013229038211641748,-0.18083611873961508,-0.9641180390183223,-1.001738743272026,1.8381485147660699,5,5,No
4146,5.253864140902326,16,23,0.960889685306482,-0.05181008048743888,-0.447004057474871,-0.7093161035626799,-0.25378546587342266,0,6,No
1802,51.54496868236868,13,57,0.02009069144047363,-1.0629667923878823,0.7562579490500525,0.9849850271110658,1.1700243020669414,1,7,No
1629,48.18569303003905,21,25,-1.0456574552976734,1.2812528334283821,0.4097120058435059,1.0148294955930137,-0.42934782527292964,5,5,No
1994,86.9358502066291,16,58,1.3355717456640939,0.8439522991711713,0.8318207440280142,0.030096952609887723,1.1413721047344205,5,1,No
2640,18.44533607141073,19,25,1.093409635125033,-0.08871303071203462,0.6479098131417899,0.1031545365578235,-0.7840392697119178,2,2,No
270,33.11824679198734,5,55,0.48117408867453765,-0.5857115289891855,0.14687517312181853,-1.44246685084566,1.087087189252434,0,4,No
630,2.9660160916458977,23,13,1.3364526916831299,-0.6817971913728537,1.2789496696354639,0.7415899998425441,-0.18948013098608893,5,7,No
3082,10.926565490729622,22,55,-0.47700880850442584,1.2772441773530157,-0.6610991321844433,0.4656105876591193,0.5732973027154844,0,9,No
2335,20.256164639028004,6,50,0.5609648266120248,0.7267091713377622,-0.27441268115708217,-0.7292679819584333,0.5969635349260951,5,8,No
2967,135.62669437103753,22,48,-2.176962579859716,0.6486250001408866,-0.4420900545866694,0.509382352476045,-0.14950017533501367,5,7,No
301,186.29849778655887,8,3,-0.13511303090662863,0.8757409637609486,0.8680678984458442,-0.08737127049316686,-0.693080551988208,0,1,No
460,32.26997244085972,3,58,1.7580546953134628,-1.0698839135812572,0.6607722064159335,0.20005052906393525,0.60081054902977,2,5,No
1448,150.87325305439526,11,30,-0.13139410557646702,-0.0724748761340012,-0.8547045026395605,0.27970740838496316,0.19504998019507824,1,8,No
1473,32.67414894381683,9,16,-1.4234001046420122,-0.8190763278631161,0.3169539939058328,-0.8643932196560877,0.2595639282200429,5,3,No
2047,64.09988478816175,21,53,-1.1050508262144687,-0.9055018988524346,-0.6071809255577043,1.4013590766363295,1.0766907311204446,4,4,No
4229,16.973024959172502,10,37,-1.0655811561868833,-0.5048075564843136,1.2993374681334304,0.7542598696726599,0.10531206287101345,3,1,No
3765,31.029995308912945,15,38,0.23863672864974514,0.7270978277516376,0.8981236583877154,0.12889061145532615,0.5119229289718692,2,2,No
2114,40.38985423704225,2,45,0.9247938033643068,1.788583018787357,-1.263762243124131,0.5766508774815967,0.3614754480885518,0,7,No
28,47.72446046010176,23,20,0.11018057778135802,-1.0448088943065872,0.10648619460268177,0.5113989961743719,0.3276005842711286,0,4,No
3840,27.949900160028076,11,36,-2.19338618764096,0.5327334862193163,-0.4837928890854314,-0.28147289114659385,1.352826202409593,1,9,No
4523,28.850225553172148,8,6,0.5213445129702937,0.5683354833506628,-0.8852734745864504,0.5410637307255133,0.5578941750728678,4,6,No
838,138.03196429806664,18,57,2.1204332586021373,-1.0540901901297357,-0.9144475665885586,-1.0594032769919965,1.0570539399722392,5,1,No
3827,77.80765818362447,1,27,-0.9320451485257982,0.042740965109547016,-1.841421305735764,-0.12987462931271052,-0.2791175690205619,1,9,No
2009,108.72090721901951,14,51,-0.7805443703912978,0.08998357881629604,0.060630089731278085,0.43388356005045575,-1.0475619506479805,5,3,No
4908,22.056587286229327,22,57,-0.24026816276325347,-1.9595767974721061,0.6868372892795334,-0.13000541845394475,-2.097723380328402,0,1,Yes
504,7.370581057179733,11,21,0.4582354772858612,0.6867473541616795,-0.41303132501445505,-0.2443333912736707,0.9846414883332621,4,4,No
3207,53.50047490532077,9,5,0.3225892383498528,-0.6078710607145791,-0.15940114583237994,0.4712797595142346,-0.6728510978243911,3,5,No
4305,33.45651995479762,12,47,-0.7971501426032249,-0.9631690423484875,0.3043837419909422,0.021674509146998068,0.026258269909864157,2,9,No
381,36.88778418512346,10,15,1.7960946456523694,0.6622133819063865,-0.410222994189519,0.23965869655895883,-0.3540688093694581,3,2,No
1852,41.73257599478304,22,43,-0.029000612655416445,-0.8385317051352245,0.00819700430982076,1.3807867044335773,-0.40051709834661836,0,6,No
1526,97.40514562024984,0,52,-1.1559260442227393,-1.180485822925233,-0.10928791009608284,1.0569722651809352,0.4404136877397962,1,1,No
2366,145.48881396840744,23,11,-0.7216033208616328,-1.7713844118646866,-0.6971158458551965,-1.5409393025519862,0.3380363554906751,4,2,No
4148,243.33242064201963,22,10,-0.1075022439989897,-0.04453070752733741,-0.18018156327033408,0.3710641439095226,1.4909097638719988,5,7,No
3053,13.416235169821359,18,39,0.6824084615381641,0.5189737958276073,0.13158617872165979,-0.3240409380332983,0.21098600721858943,1,2,No
2885,33.051984173119955,3,0,0.8048586361056724,-1.8547501061169125,-0.9264568493264672,-0.8153950930128742,0.35656356238702136,0,4,No
2341,145.39615840140348,10,58,-0.5564673219278842,-1.2917036952978975,-1.6387174780524372,-0.35318888712971186,0.9399838206668305,0,4,No
375,57.634220738058936,4,17,-0.04482888433020653,-1.3010944965313112,-0.013754379609230549,-1.0827403138959595,-0.39544379431398563,5,8,No
3261,36.871861629934955,23,31,-0.41046914376758964,-1.106161869612987,-0.6973966756867959,0.3214846599418385,0.3379269508950132,0,5,No
2382,72.9913237820859,6,57,-0.7784301771719252,2.0324061686075274,0.3783873934105239,0.9343024110319759,0.49466971787421915,3,4,No
4310,3.0708243308972234,16,5,-0.6343598681267126,-1.224065981151921,0.9308554474208542,0.7785148049367516,0.34298750097849007,0,7,No
940,78.72561968077076,8,29,1.2572789011344085,0.37662298467949346,-0.4864963825977661,0.10918772630536258,0.38006889507920627,4,7,No
4199,4.302262939852029,9,5,0.08240923797138432,0.0012486525569804752,-0.8558130926686129,0.6968371654522438,-0.7766930970632456,3,3,No
4166,44.88709990306569,15,47,-1.4135019513661087,-0.33185407037291953,0.4098168764637709,0.909798383062696,0.4406073756215073,0,2,No
2800,17.399454846162513,15,19,0.7181177946558434,-0.6935338688735108,2.916202577533427,0.5554261336510725,-0.5506619488285118,1,2,No
2148,84.48460731836471,13,7,0.37029175022937677,1.8395376554957452,-0.9704265647402719,-0.1827327437617704,-1.9071388276787276,3,3,No
3818,39.779122485656586,11,37,-1.4844169826529419,1.481441923890553,0.04384944586802956,-0.2996775297763126,0.05222605974470675,3,5,No
4541,95.37674333018646,3,51,-0.586525622650536,0.5003139998725182,0.14176457768971087,0.08040078763871984,0.8614565341045335,1,4,No
4217,110.99894563049898,15,14,1.2747237980134876,-0.13661460817754423,0.5796718921693692,0.22440400890550274,-0.709434883801593,3,6,No
2069,56.2999663821027,17,19,-0.21426943150203098,-0.7815980186558542,-1.3063132338003884,-0.5062399623418663,-1.268657427449655,4,4,No
530,158.33578851706937,8,29,1.5079194172348667,1.1269862522811211,-0.118564152971434,-0.19804617072477865,-2.8503241052013646,4,1,No
4605,29.498138436894237,14,30,1.3042391777173399,-0.6161385625977845,-0.5586953998452515,-1.0058276191328872,0.04425204060768515,3,3,No
637,27.387211174486,17,58,2.0399641600719596,-1.001633803159574,-0.1962578074965492,-0.20919252010603026,0.7103091519665778,4,3,No
1270,59.95262667279238,23,56,1.4873006727311908,-2.3821321720007225,1.076112266718025,-0.8577627711284175,0.9760726819721396,5,5,No
186,153.81583220620965,17,29,0.5633988376627469,2.5719301452416747,0.6224410467594651,-1.1546019132717495,0.281829624418614,1,7,No
4350,55.651164223270506,3,25,0.7044940919144822,2.5228755695971703,-1.3210793124816693,-1.747909816412025,2.0547313530083935,2,4,No
3180,48.42534332262971,22,21,1.5308852731317635,0.8990520174437846,-0.07583501668383029,-0.6599202672573723,-1.1221073372647838,4,7,No
3455,142.8505769538193,10,40,-0.7634087185772561,-0.469682100347495,-0.5279105176080685,-1.8210131123449247,0.1379941429960421,1,7,No
1798,28.557728370279623,18,55,-1.6030332732404617,-1.0468582953682657,0.6786409468817157,-0.10250103569863299,0.537667171989379,0,6,No
2980,330.18862088620716,18,42,0.8969132266560021,0.20691419848245782,2.270590778416392,-0.4006228439879767,-1.6159614169244219,2,1,No
1442,47.49344386676471,5,53,0.4753625836642024,-1.404422165727381,-0.7902471459442385,-1.0289216244820427,1.1071450076540088,3,6,No
3428,55.98568169209078,12,11,0.27723201730867947,1.3199096957537233,1.7833997309211826,-0.30223104909258514,0.44747170028134353,0,8,No
4875,20.140010198263653,2,23,1.4671586110312802,0.27387459583875506,-0.044414672962068025,-0.9458330599160778,0.5369768209636565,2,3,Yes
1536,12.68692894918868,14,46,0.9021839279554212,-0.7154106758755986,0.6161077734970362,1.6408484162225372,0.2725559146597197,5,9,No
3444,22.795360619412396,3,48,-2.043867312168692,1.1680970016033507,-1.2494245841112377,0.21090021545683055,1.7877029180799462,1,8,No
1274,48.08894506819512,19,44,-0.7969271597284339,-1.1295230924319606,0.45766897795035283,0.37251799687023296,-0.2745895930667648,3,9,No
2468,124.27592952360621,19,35,-1.1045820055811701,0.6284648821942466,-0.3224067375218164,0.5453472016290055,0.3802231355175076,3,3,No
608,51.836750350349085,5,41,1.2020272839704742,-1.412039512879515,2.0934866537708046,-1.4232588243535156,1.2886306816758417,5,7,No
3514,97.09821261877117,13,32,1.0878829649820752,0.5650939646483766,0.002257896705598905,1.5312364045611304,-1.2943315683170133,5,8,No
1713,62.86507225391851,10,57,-0.5811735936743435,-1.0426535822967138,1.6461860091125715,0.6976215224325916,0.9770957188917753,5,9,No
2200,14.681814038447925,21,48,-0.9419796597530112,0.03271691129624232,0.9585748535381327,-0.5988788406423085,0.14053255467279163,0,9,No
956,130.39143810254788,8,59,0.7157023406590477,0.14639216906455813,0.4243511092180204,1.9361028003025138,-0.8248116295306533,3,7,No
2580,130.62653095323117,21,27,1.6141083731566273,-0.05573729388854536,-0.8526451673546678,-0.6642693275955764,-0.45374208227580487,1,2,No
3898,198.52173120392334,22,14,-0.5086928807305496,0.3723819101038867,-0.34586450026767396,-1.9751137550058533,-0.09000291335260065,5,7,No
4426,68.54796324643655,14,18,-1.6781456213932957,0.6057750727249509,1.3410009851592604,0.22022916236361437,0.8052697599389995,1,5,No
3381,41.50690655145633,18,51,-0.7166439130884359,-0.4230001351337505,-0.03151779431405949,0.25684774343211086,0.46305271584138724,5,1,No
3686,43.28361675577274,12,11,0.16175678161544157,0.08218407635076586,0.8924136885820126,-0.398586931296895,-1.0972421521147606,4,5,No
404,22.337320123311972,20,39,-0.8984404667540822,1.4425303940118088,-0.8694084448546713,0.5622998447261367,0.97016147340598,2,2,No
2072,8.109902407043526,7,3,-0.06596288322979406,-0.004406049244960837,1.6892349953192038,0.5932757107274774,2.3626175577868724,5,8,No
4756,33.109539909076375,5,6,-0.0031017486467695976,0.5715628466738865,3.299586918232011,-0.13558991628278672,0.6159139396732788,2,3,Yes
1978,41.15202590986167,20,24,1.3384857033495736,0.8084697372233473,1.075404068932498,0.06331680621529066,1.495078023782975,1,7,No
159,20.099690188943597,6,56,-0.8428122722176108,0.9984679046229995,-0.044085137107797066,-0.32459689589701496,-0.7085114868189184,2,4,No
1749,20.251980277846528,2,10,0.9282779452844234,-0.4264397944342251,2.290724229816844,-0.1882595699986947,0.9081822231716602,5,1,No
2910,57.04708640562611,2,52,-0.18048978867265256,0.5429395453621464,0.1497887405794813,-0.36143397563878776,0.029242663859610142,1,6,No
3535,53.050827203741264,23,19,-0.20269840655254676,0.2423457471307213,-0.15801451942388756,0.4680141464928111,0.3325001860499837,3,2,No
903,28.57572296810304,19,43,-1.6140194329439417,-2.2833443446245267,0.7859849751333333,0.6736669377887359,0.8968275738992822,5,8,No
353,18.70996628820657,8,3,-0.8615588808778094,-0.4241552582309427,0.5248903643169941,-1.1136028316148774,-0.10948090960706738,3,7,No
1231,19.11450324051225,2,19,0.9118707288435897,-0.968468923971701,2.0362960022608423,-0.43285661143631277,0.029455367464284527,0,6,No
4671,2.5580944205531098,10,17,-0.48309689868364913,-1.7164360954052142,0.1919439535344607,-1.6073068195377145,-0.0866593445732963,2,6,No
2141,30.115340389107846,5,14,-0.46050251755972726,2.0038058955091795,1.999403047779649,-1.7532298067972054,1.4670921431418145,0,1,No
445,23.505016092927683,18,55,-0.9897557857408219,1.2241254358351739,-1.195878628271536,-0.1967679888175363,-0.06564654485957652,3,1,No
4949,64.774473261696,0,41,2.0913637477965117,1.1993308217633472,1.5336708625862947,1.2944503836263859,2.473755488316809,2,4,Yes
755,197.38742110015977,4,58,0.5298905495999142,0.7482453428286557,-0.4625462416918259,-0.2023537597454822,-0.11872731090036714,0,2,No
1738,27.39730054981126,7,1,0.23761386093645073,-0.010423796578229094,-0.5302490124363188,0.939715686803244,-0.5013466740009617,1,1,No
2972,31.39652226877525,7,35,-0.8201760214123419,-0.7343893405826645,0.621047522315453,-1.0190723053519766,-1.8578388759018272,1,3,No
4980,29.392348801996295,3,14,1.51936576404443,-1.045390714106491,1.3748495794946591,-0.6373459775919197,0.3506901424307708,2,5,Yes
2921,16.086902961177948,8,47,0.19007162049412393,1.408022533177587,-0.39843089784548363,2.6610152443350024,0.7591190613482472,0,3,No
312,51.37166104757142,4,38,-1.2512387855949916,-0.09007219580860511,0.22118648534116717,-0.41608512126652875,0.33767701870469485,3,8,No
549,67.1446764200214,5,58,1.6641161087696066,-0.7493957809147662,-0.2633766754479744,0.35093307645469796,0.4865989977486106,3,3,No
4053,49.3581651107129,1,47,0.40393297872749906,-1.0040967655580653,-0.0064004825718728,2.2807442904271404,1.5871687179536569,1,5,No
4762,1783.07385146604,17,55,2.953651995717599,-0.5307941285116533,-0.4983187443585104,-1.5731856873179817,1.2592161472169605,0,1,Yes
1990,8.497368798080721,19,1,-0.2627864997617623,0.8565766520329738,-0.34732387401956655,-0.5729464718451013,1.8133418258699916,5,7,No
307,23.70163013028113,18,39,-0.05650894739029124,0.5164142827544048,-0.3915324337554278,-0.8014794007430242,-0.7708446264578068,4,8,No
2336,36.04114781993205,10,6,1.7729530541494887,1.0007110486348894,0.2326574060481035,1.8255748861826457,0.24072029057980024,3,9,No
695,14.487626685298586,11,0,-0.2733902187499678,-1.0730693270623144,-0.4400796717504989,-1.3213483853261705,-0.8451655271269194,3,1,No
2357,38.47778763858948,23,20,2.0312817230435285,0.9321963500270899,-1.262381005028561,-1.5703800384229065,0.20777206561012146,5,6,No
1928,11.974455336713458,0,31,-0.9909191077645232,-0.22808990331850998,0.60044430527921,0.5744430468633508,-0.660825909089311,0,2,No
685,21.425729803038674,8,50,-0.803201323609237,-0.0032015040313106763,0.44500656114101217,-0.2609346233953191,1.5190836767328817,2,6,No
750,13.556543940943676,16,2,-2.41361232850807,1.7653561564936229,-0.8020953230626062,-0.24637304374803073,1.6409065054943148,4,9,No
4009,14.324635533282141,18,47,0.4273746482243863,-0.11275872931419498,0.6765881103951593,-1.286976871048387,-0.30397205950998235,4,7,No
1267,14.35276899843293,0,15,0.5042324298803218,-0.0758850090057223,0.7035804460577602,-0.27024207539837525,-0.6939507634141234,2,6,No
3286,90.84000785735583,22,1,0.008188077950072935,-1.0923219730735712,-0.649696850375684,0.36185471300712013,-0.6516552044780795,2,4,No
3530,29.601827517771852,4,21,-0.9222668894186307,0.6251575772841539,-1.1543825626278084,-0.9326891751387228,-1.41428773710583,3,6,No
4424,16.515855856569654,0,37,-0.4769770299006593,0.0846999416792923,0.6586171691017203,0.12062635039185997,0.3540701477437834,2,1,No
3985,14.791936798319414,0,39,-1.7601745085050793,-0.33061468593115223,0.5053659279210636,-1.4175778779272814,0.3931369398820419,4,5,No
3084,19.640378380866643,19,46,-1.671636531442145,-0.07830528280636669,1.6352779279622716,-0.8198385028152636,-0.06823990513573179,0,7,No
3062,40.41649692105495,13,30,0.001737125890682154,0.10739657438636435,1.0299007149287607,-0.9705856489390586,-0.14845619093090515,0,2,No
3026,33.5567042745987,17,23,-2.193509802317951,0.10918431102117114,0.59764792013114,1.5709611855539878,-1.786457387324491,4,2,No
971,24.95824555714897,19,1,0.3503410344514679,-1.8214169633678243,0.2921192604461498,-1.5437475204462963,-1.6252691516111075,5,5,No
14,102.23163878038996,18,54,0.47980232005157775,-1.3402083850310482,-0.0011699890068746332,0.5092479844130853,-0.252757690534425,0,2,No
874,35.26892865781087,4,20,0.4077890059579054,-0.5170751865893547,-0.9607441131575513,2.1031395333905007,1.0668120262667529,5,9,No
809,24.068246593110082,9,32,-0.32189841378567,0.5058970600029105,0.6789965257424327,-1.2453155090501393,-0.9233463924596346,3,5,No
3199,92.27347607570682,7,49,-0.3249946422365835,-1.9175362084576475,0.4493318543795817,0.5240593723448432,-0.7271989785258389,3,5,No
515,73.02531206689031,1,40,-0.7159739247255754,-1.0650443699555594,0.4550598569132106,-1.9676391966919,-1.0115772295601961,1,6,No
4473,197.47672881644084,0,51,-0.9590779258828945,1.4545346954494796,-0.146815103463088,0.1485346852625671,-1.0648365124972743,5,1,No
410,9.056907008023595,3,33,-0.22650524597978958,0.011123302881161038,-2.3860414723640693,-0.19056231445700128,-0.7530467391932236,5,1,No
3409,54.240723813305834,19,54,-0.021009720477067388,0.5299507735489212,0.5132332210027108,-0.6144312223718779,-0.5850352893508552,1,3,No
4343,30.535588622014483,10,18,0.8193409437243119,1.509480198314607,-0.21704800117704912,-1.4556618976468023,0.9212937129307146,5,5,No
208,9.788291627976689,20,6,0.3406220284912099,0.2056589208860058,0.9006470828554398,1.092871618092712,0.7836050942972992,0,2,No
3692,30.398482890795815,2,18,-1.0648801703018145,-1.3001087486653005,-0.02803855979778052,-0.050505224217195686,0.10374664265323452,4,2,No
459,46.20418473282421,9,25,1.8364237074134229,0.2322465927238575,-1.6135898119594245,0.4181813615867647,0.5456637227439788,2,4,No
3472,24.454112037908406,10,14,-0.35332277758845404,0.10427735387154044,0.8106616002955944,1.143626765206113,-0.5383172919112993,3,5,No
2431,7.22683170325296,7,28,0.5756236084039785,-1.1027491919103805,1.1775978301589163,-2.445236263661804,1.6744249425267141,4,7,No
3658,224.85026495353515,5,55,-0.6223645085746021,0.4242202051664839,0.2559872790051715,-0.17533323613792748,-0.2927886495314505,4,5,No
111,51.13267081738417,18,47,1.6519918374433393,-0.10498470630588037,0.14948410073950924,1.2037821530254462,0.5851394574610765,4,2,No
4590,20.938545139435657,4,6,-0.17193289353624114,0.8006142072743517,-2.194396320375672,0.06464307645135021,-1.4959485573838136,3,6,No
4045,12.646361241660333,3,1,-0.3717907439956959,1.4591339927161215,1.294700769830238,0.9340655133607354,-1.7114711213697023,4,7,No
1884,36.651246206119126,7,17,-0.045300793188042504,0.3619896795318375,0.9613087693170126,0.7121648607390529,1.2334718558813695,3,8,No
1714,29.57210712701887,0,30,-0.27960400805626334,0.7791101854566701,1.132519042238293,-0.06818374792584589,2.0725428647008015,5,1,No
3959,17.655628806149405,18,7,1.264390948083105,-0.8523514875417285,-0.3605881499777932,1.5393193119485735,1.4469246962515319,1,4,No
3400,20.199544402422898,15,22,1.088398066702977,0.5090592430081544,0.12617047757028158,0.27663919182353564,1.423412430276806,5,4,No
553,44.541351318642874,16,21,1.4312465792900149,-1.1571210541523476,-1.6501898919653826,0.13335214159631562,-0.4137029800208229,2,9,No
1440,101.5793891027713,17,48,0.7804035974883825,-0.562304575556544,0.4192746634002592,-0.006192694509936961,-1.2168685933937622,4,9,No
2271,50.21772982655855,5,50,1.0527482478786325,-0.5781675319095977,-0.22045621828109918,-0.8801982816740165,1.0376098114216656,1,5,No
3145,22.247331883194715,1,7,-2.2707797945040977,0.9877256321413548,-0.05019181203710062,-0.9313254520997714,0.9311834148391834,4,5,No
2822,44.65285078193583,14,1,1.5796317448086095,0.23047516227954284,0.7867149975116339,-1.7739493594180071,0.5971365267723902,5,3,No
4782,273.52275526493804,17,23,1.7438622448930106,-2.339376226856768,1.4375860123209314,-1.2021800182354854,1.7268066591088167,1,4,Yes
1926,10.050321957434374,1,31,1.909167283314702,0.7151394039899267,1.0857067433050347,-0.3589022716209584,-1.0745092833292917,5,4,No
635,24.276675266491452,16,4,-0.8472169576313617,0.884056350940301,-0.5345294360632951,0.6540096401493369,-1.3291891318000693,5,7,No
4806,14.473878089969876,13,21,1.716437661969965,0.46144581416762276,1.4572098059635694,-0.5940527766027922,-0.006166582147079436,0,1,Yes
317,35.394123936208814,1,50,-0.6989163374066718,1.2554077104866421,-0.5705827018536505,-0.18814268513809665,-1.0120290009165358,5,9,No
4218,53.3786350620105,6,19,0.6461615902726259,2.0593675875382305,-1.082498577258642,-0.3815575490872031,0.4152584959113517,4,8,No
4700,33.38108121821718,17,45,-1.9271642193771104,-0.5847622342594385,-1.4158767682264246,-0.020469897152624667,0.13432491889316475,3,2,No
1329,29.25910202667232,3,13,-0.3897678294771549,1.2903830607730349,1.0841560234108645,-0.43648909130440844,-0.35974921818760114,1,3,No
428,185.07660698300137,18,14,-0.9340867374175955,-0.18245590972786754,0.625208259599904,-0.8201944465808737,1.5922151357590542,5,4,No
4375,79.49193196976302,7,56,-0.4436544302961796,-1.1481532776731964,0.25299192199787934,1.2918605074542266,-0.8438001281172401,5,6,No
106,26.965612472254456,2,7,1.370744507474978,0.042381228696125636,-0.3361246026263436,-1.85848793774098,0.45225412270219334,0,2,No
3042,29.3993184881231,2,16,-2.118916682331886,1.1597812166750472,-0.8933182918426733,-1.1308768821444017,-1.1034074533161857,3,9,No
143,3.927306096732154,7,43,0.18095995742113172,-0.4958252538120278,-2.123874919888356,0.9222479411719373,0.24301756134819305,5,2,No
2170,17.882541752558133,9,2,2.033464179167857,0.42976121000730444,1.1284890365217846,-1.4562129886693227,-1.4648418124505458,3,5,No
3459,26.370196564122384,8,5,0.83013001966058,0.2975575069885842,-2.3066801493826263,0.7931602687342943,-0.05302780855647695,4,4,No
90,51.75552429085799,4,5,2.534992746099831,0.18975656116265244,0.6625981504252507,-1.6864767061901427,-0.484899992778835,4,1,No
2919,11.944128451025096,11,54,-0.4233052509939386,-0.14609917289053218,-0.666005831914257,2.1912011081614997,-1.2611030335979663,1,2,No
3238,69.49687357211478,9,45,-0.3166109106264459,0.13048769396451143,0.27624896159387974,-1.9647593379775552,0.19691359050699864,3,7,No
2242,14.79081516511234,19,38,-0.046817586860285504,-1.4056461019236404,-1.6680951496718293,-0.7004283812905476,-1.0843649408989298,5,2,No
3175,72.01019447078338,17,50,-0.4132854559386964,0.6777200424378053,-0.44756036053416426,0.4329835282515518,0.013365577156829674,0,8,No
3413,37.690555163346794,18,5,0.0051307300962505084,0.5981352876401154,-0.901930736717271,0.34770522681251737,0.0037522669906070805,4,3,No
2164,62.39103162123024,21,51,-0.4723198153133484,0.3891315291894291,-0.7941456625874695,1.1320800106524298,0.5405123938742858,4,9,No
2637,23.826314035035363,4,59,-0.9563102826787476,-0.6529933973012879,0.6780888742909135,0.9880431911327604,0.41480087364599477,4,6,No
1950,244.9277089735188,7,36,0.5531496213279995,-0.4763874224304726,-0.10970523169552479,1.4657229390265,-1.261517175608922,0,6,No
1769,13.226818361979909,8,40,2.28953724484655,-0.9433002368286546,-1.409047731094599,1.688304825323471,1.321255599836956,1,1,No
4291,21.288014561672714,18,48,-0.14593050114397993,0.5964412955098586,1.224041597949601,0.8457430664435226,-1.3697878485519748,3,9,No
2273,62.25723354509519,9,32,0.046179163240046645,-1.5822157635258771,-0.07584824480507829,0.6496119701393801,0.1380543802611692,2,7,No
2,11.70499757491891,18,55,-0.8152864287945346,0.302041155100324,0.7809315781091883,-1.2709528374055592,-1.411537254576185,2,8,No
3283,18.969443978478388,3,25,0.5538930137365675,0.5869392101559114,-0.48484344166173715,2.729350273698566,0.45808542391984697,4,3,No
4958,5.790614147625814,18,17,2.319042257669449,-0.06465225373368133,-0.6107001904490492,-0.6236489145514845,0.21314929397346544,2,2,Yes
1952,42.324707153327935,12,55,-1.1901796727497762,0.16495058607731836,-0.5972330079140008,0.6708882721498295,0.5175954936151803,2,6,No
936,59.71282885672254,16,0,1.591405811722237,-0.020421779816222816,0.07568587036596909,0.48422590775289504,-0.09780625595415364,2,3,No
4297,25.497458813524418,18,58,0.4583735496660603,0.028561512887523857,-0.5496869137597638,1.1660917645396707,-1.1908039433415503,3,9,No
2721,39.47629859187275,4,32,-0.8028465909539433,0.39967176175606267,0.537545717462374,0.965997231882817,0.2518475969948884,2,8,No
4448,33.761713496485,0,57,0.37925368085942046,0.7827195653313729,0.7161102323653554,-0.7851547652580402,0.2224607417674181,4,9,No
1110,76.72442933602703,20,13,-0.6801823715353422,-1.251079240068953,-0.709623754094118,-0.21949026507499075,2.3120665512029634,0,9,No
3961,122.67341192578147,10,12,-0.2551527144036374,0.12720006574650713,-0.05306737158074613,-1.0122219255450415,0.4367941740511247,0,9,No
592,42.48011662361612,10,53,-0.8275490114022908,0.4204820127359998,0.5153401540727593,-1.3671597004984526,0.17514941738577372,2,2,No
1696,49.90953245519379,13,33,-0.4634214487492999,0.9901543391106727,0.3534992884457847,1.3249276085050186,0.08047561338956731,2,6,No
3451,6.812023540191181,8,18,-1.1409008621810646,0.05042155955382021,1.342942043361723,-0.05601583916568041,-1.1328195908580831,2,6,No
2937,5.6578168477930735,23,26,0.049724248857303505,0.22579295067896646,-0.2467171547313977,-0.4149377540747048,0.9960002601965614,4,5,No
4205,132.89512171074313,3,38,0.9488034139956315,-0.6403620981944731,1.2350003670659164,-1.3167550769965837,-0.11258026651574136,1,8,No
3412,4.382209038582005,11,23,-1.24275125035401,1.0210645232945812,-0.7263284484132133,0.8685007758332745,-2.514267670212917,4,5,No
1577,34.104303394696366,3,30,-2.4794225665636755,-0.19601003860056074,1.0912541779299818,0.8968364798558827,-0.08648712101008141,2,6,No
3955,33.98645671786635,9,53,1.043751930008915,0.01614805269588526,0.280926679769639,0.4047600971729573,1.8786422792381703,2,9,No
214,20.406032474405805,17,20,-0.047717018170430385,-2.105539278208984,-0.5443217922727491,-0.24761303312442595,-0.21542655348545797,1,3,No
779,35.176770241331646,12,43,-0.37463029507755025,1.3096837866666937,0.14253370229146237,1.029429576063878,0.30167471880971813,5,7,No
1416,14.123515780636332,20,56,1.0843599563269513,-0.1448210780096468,2.479134574725335,-1.173570998550015,1.5898661718249083,5,6,No
3760,5.547089668434558,23,31,0.428428379747696,0.5856456041829127,0.06309632976690367,0.9704010784256346,-0.8659899984632151,3,8,No
2044,15.433811932514566,2,26,0.0945569100143128,1.9932329695046769,0.3902514636605695,-0.6982262394258594,0.7363695287646863,2,9,No
2849,72.68966890917056,10,45,-0.05632580311555679,1.4159925153188726,-0.5148773927524785,-0.5616176254009604,-0.6986386403809086,0,2,No
4538,44.73313677318385,4,28,-0.5761398246545762,1.492505528412098,-1.1883620474459569,1.5219181659143337,1.3068188994639613,2,9,No
3506,172.10627464054068,22,29,-0.5318855929429549,-2.333697974688466,-0.1584390502327751,2.0358594884606926,-1.8066911968238026,5,7,No
3814,25.906619372104593,13,1,0.22323402048088872,1.4292325248562996,-0.9988453498052485,-0.5369555735865934,-0.08498307073071355,3,2,No
1568,38.941462579553324,4,16,-0.0035151248568269806,0.19251301213110772,-1.0490959923370353,-0.8056814382575295,1.1845675408912535,2,9,No
166,13.424384900971315,7,48,-0.5145988392841486,-0.6775091168806363,-2.0605289471243124,1.2870922599469117,-0.6416324391380163,2,7,No
4715,18.47607443331367,11,56,0.3568135769333382,0.6356208617362945,-0.17879161058735257,0.07433534702004671,-1.4689018889773324,0,5,No
4273,49.136366441541426,18,27,-1.3220202349783141,-0.16926598184421263,0.29130438282947957,-0.7192350977138331,0.24197020785815282,2,2,No
4927,263.85027579921353,16,13,0.9028309801343003,-1.2934369035353013,1.7061823073893423,-1.3712079557509727,-0.3732263913710776,1,3,Yes
1344,19.556048173085383,14,51,-0.6942951611352054,1.3931300958495347,0.7026681849450789,-0.070423569463091,0.6060779587076734,5,3,No
2014,32.779518500059254,23,15,-0.03304669295836457,0.9278385712881022,-1.3403827876817327,-0.8053893208917831,0.7252976108374047,3,7,No
274,268.5852340782988,8,25,0.941381950490345,-0.09235820683787886,-0.8501996336058633,0.09226560014317738,-1.2036002148954528,2,5,No
72,10.662285399927736,21,36,0.783759767397799,0.35241937901004006,-0.600696627769337,0.5899608453629039,0.7232630598237696,4,2,No
3888,21.89798792992096,22,50,-0.2276748032055665,1.003231721917261,-0.5898481501910621,0.6257201014359685,-1.9709532800961351,2,8,No
1088,7.073637160463509,23,8,0.10466536555057791,0.4264824042302869,-0.6595578936427701,-0.42573007054911716,0.8545519583330766,1,6,No
395,66.81673854813305,22,34,1.5067685921185607,-0.9773606196929516,1.0784360764086802,-0.4364844783650164,-0.025639329883172433,1,7,No
584,11.334679162986433,9,59,0.41932070852587977,-0.7351964381623162,-1.2965083306389955,-0.3252539135856056,-0.9402498860287901,1,5,No
1368,125.03967248768521,19,16,-0.9647205652413965,-1.5690667438383852,2.415446161810391,-0.9233818741618439,-1.2635885620009257,3,5,No
4988,91.55888339544207,7,23,0.9768935325667514,-1.3635551218095148,0.582381229385983,-2.3877217261998362,-0.12248258536376533,3,4,Yes
4089,21.299540636137852,12,0,-1.0602011493986716,0.790543879481739,1.1749134723991954,-0.10883211707319049,1.003199918007952,4,9,No
2549,5.841712078219159,6,21,-0.9443677893577699,0.5172942368575506,1.2978909549642772,0.3019712252759173,-1.0522274093741641,3,2,No
1014,6.327496477973213,23,10,0.5721201515813034,0.3170704524688457,0.3660477974991784,-1.0589416882314915,-0.056969120818611024,1,6,No
4898,282.430408659271,4,43,1.3013718340194167,-0.006436634286323184,-1.6215759363479187,-0.09663405010097836,0.8272065132046298,0,3,Yes
3004,7.043936439641217,3,45,0.03571809194315265,-0.0841676705938479,0.47821166166892426,-1.6104038649061634,1.7010843062181855,4,3,No
4789,650.9156074098197,16,19,0.22508780720787314,-3.900292587984111,2.2528011018445397,-0.7503955991433838,0.7489534783953797,2,5,Yes
4408,42.29954306714172,22,59,0.21595846959657927,-0.6605660416165414,0.0001693163775245685,-1.2058799833791798,-0.3708785171891615,0,6,No
3533,122.36391975786658,16,37,0.53559855880571,-1.2352036558529162,-0.31672813248486364,-1.0133230076326558,0.3977810993531105,5,6,No
1764,11.50572946744217,18,38,0.14863838446267308,0.844595719635092,-0.26118189516102236,-0.3669480977968419,-0.2790850978135079,3,6,No
1876,5.320699015209428,9,45,1.0482329153900176,0.16965511884426968,-0.11671585333566302,1.3284023290520521,0.3305024347721445,0,6,No
1260,20.44559633783507,1,5,1.2492622537718918,1.2019633211538756,-3.887804341619664,0.44017662573841065,0.21211719306996976,3,4,No
4531,82.1532825437989,2,39,0.16687171841462367,1.7933981510781472,0.8123733436012434,0.7373133529430761,0.3647018004904597,1,9,No
2254,3.0609724508631873,14,10,-0.16143465850198208,0.7707939431418125,-1.7900801974573115,-1.349142385563377,-0.6817450365356267,1,4,No
2782,17.09747692185702,11,37,0.35576086871885465,-1.0521496180484642,0.48430327559887737,-1.5558780831412198,0.17099299947760474,1,1,No
3593,200.53536208342337,20,19,-0.9359278844863137,-1.73470507505336,0.992776358936815,-0.7312463906426785,0.4350966841633411,4,8,No
527,141.889073000397,23,15,-1.2356735808149601,-1.1958784811411152,0.13922992165960119,-1.129428000690979,-1.5623034869241608,0,1,No
4264,78.8679961845366,11,41,-0.24332330794676524,0.30125857923473665,-0.12307632398001085,0.000309315169626622,-0.9426388539209145,2,1,No
2947,164.0296626554637,11,30,0.9300190405331484,1.4658056298701507,-1.6348944172679192,0.6202700922525863,-0.6150711922044216,4,3,No
378,4.465931020999021,21,21,-0.6786776618959786,1.3267746004547925,0.8321321614571173,-0.25501565265986115,1.3732551416404741,1,9,No
1560,28.622397534362676,14,38,0.5632542222474821,0.4641663428084097,-0.0992187638135439,0.21737632393891565,-1.31656182004208,3,4,No
3821,86.38436130486161,11,30,-1.1714732182752468,-0.9635285278168325,1.5521215472324952,1.3662659753556974,2.2897158812832927,5,7,No
1964,26.15054177375695,20,3,-1.0291173145526582,0.5339611518163068,-0.7924151104255653,1.4751371068423706,-1.7045589373519214,5,1,No
4733,311.6366107926707,6,6,-0.07974143667062089,-1.4815684336966684,0.32352590094765193,-1.381817341281903,1.816588117813624,5,9,No
349,6.810091802038138,12,42,-0.47072392225150683,0.9236541553689125,-1.7502154648460704,-1.3215712121995455,-0.22811518171563971,2,6,No
2435,25.981401434259226,20,7,-1.0113432768427388,0.6387974862278913,-0.566551674227108,-0.10993697641829091,0.3701810017557189,1,8,No
2247,6.806193346194726,18,1,-0.520020587315844,0.9488906046631579,-0.26272586025589867,-0.6108570293920376,-0.913196436385215,1,4,No
4167,10.616464010100518,7,10,0.9253163468269409,-0.8672243261763762,-0.8522034069223922,1.3524991302243692,0.36026174033743336,4,4,No
1710,28.107782631643406,22,33,0.8691933365638794,-1.9823462138192558,0.2857044467311966,0.04384395621349431,-0.5396957668657604,3,9,No
1051,9.566280535323713,10,28,0.06067909703706763,0.36734144144368214,0.13315757968305095,2.1920039442964314,-0.4305198311886011,4,4,No
591,9.753495050170686,22,38,1.0757694937071505,-0.4468824016079753,-0.04751697219969663,1.455228396392314,0.4579009305079092,1,9,No
520,168.8375394635937,22,52,1.1619065630465863,-1.1027606772673566,1.8047021962559437,-1.3391549747395755,-0.3453646112047366,2,3,No
4753,119.23038660445569,22,17,0.2354274985193896,-1.0742569374798356,1.3038070061930742,-2.2005249786159577,1.0332177481573726,1,4,Yes
4309,46.3512493505201,7,40,-2.22695373915663,0.3044224652514507,2.081050763143624,-0.29146452669902706,-2.5218196408689475,5,4,No
2478,40.92388116317488,22,29,-0.5455454467066783,0.17464582428037445,0.3025810278382157,0.25257285010324343,1.2059875089071193,4,6,No
1084,35.23065145546674,12,39,1.0583615118230683,1.4079488825973783,0.3318215467767024,1.7136742391683042,0.09297254282247792,2,4,No
3589,14.88483006241733,19,13,-1.4659934833742077,-1.7374018064681662,0.15303272965259063,0.6601421848569691,-2.574615601511946,4,6,No
4779,61.42628183568074,18,36,-0.8554749071320165,-2.0238513852207696,-0.3406491322431622,-2.7640941375898245,-0.3508062403223908,0,1,Yes
4510,60.67460279918665,7,10,-0.26835087597899937,0.3595100452258407,0.3425440231720274,1.0488333600689879,0.6215263867946322,0,1,No
1295,42.847205237489334,9,25,0.6361501598460775,1.2905314452196017,-0.38616817203245973,-1.0101435541849244,0.47863931665980813,3,4,No
1810,86.55104085415651,12,54,0.441704808317815,1.515529608278433,1.3076327075146146,0.2651873563171819,2.2771036124116364,0,5,No
792,9.484742558682264,12,49,-0.32484319537186124,-0.1733668553856451,2.1115293313101033,-1.8340489371044395,0.501643299027259,2,2,No
793,55.2142909914118,1,18,-0.27787570715626536,0.667376243833423,0.7245235940205608,0.18601712243475307,1.092741316456627,3,8,No
4115,14.751865216212162,18,57,-1.2889769338889,0.14815405057191233,-0.922518168884214,-1.0957041804473793,1.2200957510777495,0,8,No
1856,16.577830717204392,14,16,1.4939890143566776,-1.1147905717021243,-0.4237083483506746,1.5450540380104028,-1.967349886964284,2,3,No
4758,178.13511934730965,7,40,-0.4956321205616683,-2.085669321212052,2.30551920865631,-2.150309814282198,-0.03507257261602914,2,1,Yes
1981,39.27644905421651,8,29,0.4339451085453254,-0.5593909255054242,0.27174314135090294,0.4171750822632247,-1.4454383189305522,1,3,No
3234,79.0247573195979,9,31,0.8330937576124076,1.2059695883311012,-0.53187280761424,0.666526240531589,-0.19771869833197633,3,9,No
3909,11.697780759748854,20,13,-0.920904428185305,1.0192567375916903,0.387807292776588,-1.7387887328326623,-0.7911702568315877,0,6,No
4985,12.748436079807421,2,1,-0.9995068467047734,1.0487464423446793,1.1591168847990578,-1.1648270091235575,-0.20354070193777019,0,5,Yes
3329,16.880317729349734,21,9,0.2999081236449808,-0.44290312288041633,2.4099078626908845,-0.5910034232619692,0.4137117825697818,5,5,No
1531,57.70594657959102,4,13,0.23876613885355588,0.2285383334114134,0.053345786299150315,0.7175584126276655,0.873566317633677,2,9,No
1411,21.783466313862604,4,8,-0.6273374211174519,-2.3600385186630297,0.07047161648847906,-0.7098693274534263,-1.0753486236168277,0,6,No
4295,35.68665427762802,22,5,-0.44235003467111306,0.9345513481518549,0.4256286989235893,-1.0907865320227612,-1.8878948288099966,1,8,No
4649,39.25286025273859,0,48,-1.692689616897721,0.32276582458097663,0.5960787577695421,-0.1378833694171319,-0.5388534584650352,3,4,No
84,22.607056815260105,7,58,-0.8457727947258943,1.0264256805472187,0.38749584781446095,0.49036859940188254,1.502115147994613,0,1,No
869,18.451134609895362,7,50,-0.9214827716810559,0.5817583030209609,0.7821907039613288,2.614909199586332,-0.7423011176338571,5,7,No
2351,63.531803347865534,5,35,2.069198129556991,1.7299590353229013,0.3406617817597219,-0.20842787529097462,-1.8296016970021376,1,7,No
21,27.526182330003667,9,9,-0.182078929348517,-2.8696200248549566,-0.4847020319515423,1.0789886401423785,-1.6818057566276796,0,9,No
3425,552.4966959904045,16,57,1.253087200548664,-0.38189441217612985,-1.4031009943776707,-1.594547276124473,0.6641952602101026,1,2,No
2796,65.07930695464196,21,1,-0.8090247815630525,0.12185173402498248,0.20910009417497852,-0.709896877171516,-0.5187958244042619,1,6,No
4573,45.2124788334767,11,40,-0.32014313640280584,0.529159113915139,0.22662482980354054,-0.6736865634932798,-1.5363501953617678,5,2,No
1563,14.635131311671518,23,57,0.656482687487599,0.09777900012584652,-1.226133231043401,-0.08903368912477153,0.18470549500770564,4,4,No
3094,15.117570952102216,15,14,-0.9726400090720136,-1.2161907771935654,0.06748769509174689,0.6271463044975679,-0.10045473513295955,0,8,No
3156,15.233936320505533,15,49,0.16245487327892852,0.5193229379783495,1.9150386855327848,-0.41681037307902324,-1.85388690464819,2,5,No
974,61.36343887218544,15,7,-0.6564129182608818,-1.399067540706529,-0.138175872408474,0.633138398182844,-0.7850528638010786,2,5,No
1711,18.523492872615495,2,12,-0.07957012936778779,1.0546956273055468,0.5601509888034351,0.4526942328743526,0.2918612035602047,4,1,No
3202,106.00601251112091,3,2,1.4773861295353454,-0.49088206584929617,1.6461451009193007,1.355116890505849,0.24855880238092778,4,3,No
4372,18.358977069038147,0,45,-0.28734447568354304,1.7241183849758055,-0.10308278250149543,0.1349726769673304,0.2597862527484236,5,9,No
4820,13.669723957642333,21,53,3.6478620811706897,-0.7955020910611332,3.625857479477646,-1.705960801871821,0.05309744030587904,3,3,Yes
1099,87.6773422967798,3,59,0.385702485968564,-0.4332277719202573,-0.8932893846082542,-0.22328707440827472,-1.9552783310704953,1,7,No
4162,8.776410401978879,5,8,-1.316228954621749,-0.07038220379575202,-0.23040019328724073,-0.39621549336812084,-1.5410198964026438,3,8,No
2845,17.037440892223273,7,21,-0.4400735023061775,-2.0019509690482806,0.4527396883444347,-1.7785135554433957,-0.8314485284414707,1,1,No
887,115.00175379594039,15,46,0.13150695445284558,-1.2031603058607487,-0.4256484999298592,2.211202574256224,0.9321743772408836,3,6,No
4932,23.382591393712776,16,32,1.717656625744409,-0.08224484582133246,1.672940975839573,-0.7687246774688636,0.08013854710043844,1,1,Yes
3679,16.660862037281714,7,29,-1.8050773352593237,1.3117383297986192,-0.5481190510967238,-1.0382368027563182,2.7005200786264334,1,7,No
4581,23.263920140201037,1,43,0.48610328362657146,0.011853696039062446,-0.7134717201765752,-0.5033525449847177,1.8323704847435731,4,6,No
3567,67.85332957128377,23,39,1.0470190432620197,-0.23823397349612635,2.1452084222595666,-1.4433980107454605,-0.6799838084387615,0,5,No
4402,20.788775890516366,1,59,0.19193921798128116,-0.7203272185818431,-0.006517414470083433,-1.7690137971031707,0.5031385409124566,3,1,No
516,46.74209853874724,9,9,-1.8027335500547015,0.03172919853554027,1.6395240157474233,1.6734339812709018,-1.8059075691788211,0,6,No
4621,10.957400258166066,5,4,0.49616742208142733,-0.878999742382847,0.5143359391356752,1.2848070991848848,-0.4648698582670759,4,9,No
738,74.2181167887702,18,29,0.415979255894734,-1.0100106611740751,-0.3667051821450773,-0.8018469900399894,0.8000686529467138,3,1,No
1454,22.303772955767933,14,52,0.9191681833081691,-0.05038200548374193,-0.7019363226322926,-1.1990180913983586,0.204163015323827,3,6,No
3972,41.239752998095945,0,2,-0.7052875133611911,1.0376011067368822,-0.3684113576322086,-1.5326541814836183,1.3736983757446715,2,5,No
4701,73.1745087002891,9,25,-0.852970680248009,-0.19321638082632733,0.35701241615198714,-0.5792146315929179,-0.9374064624288937,3,7,No
2507,151.66899059001202,7,34,-0.7452346497234653,-1.4090140860567608,0.8560991366686891,-2.1494079407874596,1.4918168263306393,4,8,No
2995,20.381014323397526,18,52,-0.1494433871668439,-0.7032026676512164,1.8463376620200072,-0.4764585559310958,-2.254209212711689,4,6,No
2127,300.8239792472079,20,28,1.368399342050404,1.2004616934835248,0.3532927685282417,-0.09059774888897759,1.7356236356474142,3,7,No
2927,73.75281187927047,21,44,-0.7126129051755844,-0.7053881786517867,0.5399908314938124,0.44156240439474126,0.07181522551001375,0,1,No
4746,42.62535715589015,10,29,0.05948718029498504,-1.157167566896646,-0.5211385094370398,0.5730020511866413,1.4401052456172616,1,9,No
907,26.431819032169372,2,26,0.2255734972285734,-0.2438292505215718,-0.7926274346451605,-1.3759351506606998,1.1326273236930104,0,4,No
3648,22.352698732191683,12,47,-0.06586988341274394,-0.30059131396685684,0.7591746880797648,0.4519348219505278,-0.2668364545786087,1,5,No
1031,108.59598026942679,8,40,-1.128423682545331,0.7707320674529213,-1.298431969096525,0.13398730185796676,-0.5836490018735813,3,7,No
2508,47.408241453116595,2,33,-0.9484645024773715,-1.6340886755150135,0.38288295270354256,-1.326914170992258,0.5020890306959483,0,5,No
2429,32.56256371683152,18,9,-0.9922129187574793,-0.6585530276812745,-1.3653476647851506,-0.15654147458441145,1.0644732600673101,4,5,No
948,1.7672163484842678,17,53,-1.649221838258731,1.7527084424166142,0.792970884978393,0.6391223576533764,-1.7366421124332418,4,5,No
3807,14.414560272041042,22,13,0.028927294116091875,0.9869586244805224,-0.505123658396434,0.5657490603803771,-0.7445892192531699,2,4,No
4755,519.408332325009,4,36,0.22333606444058784,0.4738447947801624,-0.0639569514078846,-0.7753799135571137,0.09423661271477368,0,2,Yes
716,9.81693618171134,23,37,-0.24070804581272578,0.5227198195161272,-0.25632866569249774,-0.3399821008967875,1.037134938675286,3,7,No
4056,48.21789885249621,6,58,-1.3894622311616025,-0.6634791774330554,1.327569794207683,0.35151487526792924,0.2711973163292275,4,9,No
687,73.02499071890172,11,20,-3.0829197630568688,-0.1950024154903774,1.1021656399195396,0.9245102683140846,-1.2197233380998775,4,2,No
704,31.282081537716035,10,51,0.23459046823044263,-0.6384292072685546,-0.22163990085094343,0.4733398908330222,-1.5629808516390824,2,3,No
3342,71.10192461009169,8,15,-0.35132692133545923,0.3501232926227364,-0.4847152463755395,-0.15851061281516343,1.6188680383093703,0,9,No
2354,40.34858324806865,21,39,1.4250055602997709,-2.331296730220838,0.41802107822299267,0.48741100902423373,-0.23522923252996578,1,8,No
2258,42.38027957205979,16,6,-0.2933521870394913,-1.5716830087786549,0.10964019415733277,-1.3647329833973596,1.0724372172227898,3,7,No
3552,10.128116380867006,18,48,0.5861461348536832,-0.23838055113140877,1.0812620096209595,1.1306700628835438,-0.022667769335268304,1,4,No
474,39.85810010366102,9,46,-0.37380261881297533,-0.17985724429327782,0.7244754501652129,0.8407274281704181,-1.0062416496712276,2,2,No
22,16.761263090278945,3,29,-0.7606129530104807,0.002149080427685861,-1.3040162572279212,1.627231141663572,-0.08333262699661428,5,7,No
2753,6.559590517414209,21,14,-2.63471390321547,0.19568515362685168,-0.23497801449341696,0.1608011458540994,-1.1399667412340375,0,9,No
886,44.20848182507156,1,11,-0.4637826248217946,-0.9086834411103524,1.0741235102341058,-0.5083963873668058,0.39693032800561595,1,7,No
2449,71.44771129294477,0,41,-0.323297700598883,-0.3107562305520698,-2.240824789036072,0.09764908792945162,-0.5274677801539326,2,6,No
918,56.22791867503979,6,58,-1.3139247002374128,1.0827458252894175,-0.3601748644509248,-2.2022254490736652,-0.6232808075946856,1,2,No
3758,9.282629105899458,0,32,0.46640098562108734,-1.8527094911146027,-0.5940084682553572,0.45498686154256274,-0.004108484037956215,1,1,No
3752,17.605023913067374,8,42,0.5545664432075987,-1.435768148489164,-1.5841474904176065,1.0702015120282002,1.0577714140153047,3,6,No
2240,24.41082743691407,12,21,2.0044816868750948,-0.44888538051576915,-0.8584541774142377,-1.1267750469893425,-0.3879674663939809,5,5,No
3845,36.08939536585514,23,33,-0.880219392664407,-0.2341349984162031,-1.1779358234280355,-0.04541896216556875,0.096951246178967,0,7,No
3396,60.40620536014142,11,47,-2.0478929505075207,0.09679906180272144,-0.7217495635314832,0.6511399521851853,-1.068387360533352,1,3,No
1266,29.50327047325575,2,57,1.5727167757369898,0.9970678869312632,2.679828196415576,3.1006471968329445,-1.7581025876447136,2,9,No
484,59.191449381206944,19,8,0.8381891054253677,-1.267605268728707,-0.7573146454738222,-2.3876422084908913,-2.1843466823279227,5,8,No
4338,20.67817072221478,7,36,0.37508593380991884,-0.0784558311111883,0.1874689672050717,1.4831398464138708,-0.8042083876844339,1,6,No
2964,15.858836985307756,21,14,0.16232735814354976,0.03220929691018214,-1.7191478455213078,1.4230025211446031,-0.35316631535689413,2,9,No
1220,124.58094675623805,7,36,-0.8487700905479784,-0.33655821512935696,-0.7650826963598107,-0.8301805877989914,-0.5945689436497724,2,1,No
278,10.887208064724817,6,20,-1.4226085984766192,-0.20021280962249907,1.0458305917606978,-0.03018485714585262,-0.979394166902769,5,1,No
989,24.46834498041544,4,32,0.24715710407770497,-0.31114943047935617,0.46175780492321156,-0.3764897826377621,1.6475516089415674,3,1,No
2085,92.05693325366651,6,34,-0.4066012322434449,-1.4030133395614652,-2.50731501116164,0.9034142970324087,-0.8599180661115711,2,2,No
1246,35.44515690629219,6,58,-0.022691529938730855,-1.039844100385727,-1.8701009700242799,-0.15198426479479524,-1.2633950632669835,1,1,No
2383,7.150162771183573,11,10,1.9053466044672862,-1.683516924610645,-0.03531735618704696,-0.043198748398427765,-0.42927723531224793,4,2,No
572,30.939068685075576,23,59,1.88555690356411,1.004217968987892,-0.3353774516734673,-0.2950946559022876,0.35948739471317603,3,1,No
1436,30.464169324392422,1,53,-1.3122316195925512,-1.4592277719040092,-0.787252329342901,-0.4499830116291807,-0.40558304093114994,5,5,No
994,123.32311614930467,13,37,0.31883088437087354,-0.09691856962926526,0.5747147271159924,-0.3371462378872101,-1.7952731233518255,2,6,No
3931,11.515967973581017,8,32,0.7886266611935043,-0.07384551758582936,1.6690700771702789,-0.072197522411948,0.9680128227723279,3,5,No
3448,88.11060177452818,4,50,-1.3794382720051797,0.024941466846518455,-0.6063018370462037,2.07371857157332,-0.764322814214814,3,1,No
586,244.03130853945441,16,36,0.42849647899323895,1.0509127007879968,-0.6651081720279391,0.918081960350382,0.9047291501563995,3,9,No
3659,13.370663486537829,23,35,-2.036003767156134,1.2305355759830512,0.019929523406616915,0.23669054382762458,1.3516423300834972,2,5,No
2515,37.47747232314096,13,5,-0.5242758796377893,0.9937198181169649,-1.3843211357497143,-0.8557374270410827,0.1648508402782561,4,2,No
1350,29.691323005870515,5,43,2.111845935480567,0.3251607530414996,-0.8240691695998863,0.4617834597028763,2.1891860778060868,4,9,No
1008,22.76350366738443,13,16,0.060236172935012884,-1.2407559440975204,-1.3877535617002592,0.18229778233798544,-0.7577805673149619,4,4,No
675,76.38664645797093,23,47,0.7275869074436836,-1.3683882407328614,1.3696258690346048,-0.1674241268209407,-0.09068084460786036,1,3,No
2413,6.032861174111072,23,20,-1.3715844249638158,-0.4031403022455935,1.128446306725966,-0.21111171475251073,-0.2856020318712541,3,5,No
2904,19.35407536414152,15,56,0.6051917249408904,0.4841379770942782,0.18182484903756774,-0.692153396386862,-0.25267110378547325,1,3,No
448,23.772081072127367,3,23,-1.2082799446658605,1.337367642902413,-0.049054273461364435,-1.726500425602355,0.7124301184930362,2,7,No
3835,138.53169796146557,13,46,-0.31943469936604146,0.24957795587465767,0.5615578295268243,-0.4041499448259403,-1.3799713232809765,1,5,No
3759,49.256020425732096,5,2,0.9431830469104908,0.8060042904107796,0.14282090116395402,0.32440344194095855,-0.29020039927678093,4,6,No
3704,15.162252846938944,9,54,0.5439475201306795,1.2439935011926322,-1.059074571846563,0.7235410204822901,-0.7317592213050164,2,4,No
360,28.573260123471943,1,31,-0.16565581262414916,-1.3321174294098623,-0.20452153917319804,-1.2615750623977986,-1.8478701198054168,3,7,No
2065,24.31218426594755,0,28,0.23820002478458924,2.88915399420627,0.11758101095648853,0.5818148188788365,-0.9362131890592592,4,2,No
4450,33.339221746094516,20,13,-2.989578011424894,0.8209351007539684,0.9629339358538905,-1.7840044939017135,-0.12440171553885217,5,9,No
3811,43.27349340988283,23,37,-0.9399388909193038,-0.4334103925157602,-0.8334954535324218,0.9995068453141214,1.5016677885466418,2,9,No
1691,19.398362625917564,1,22,1.2363569180773035,1.7495488287840217,1.379060343235331,1.466217574022167,-0.04086813929777262,2,4,No
4327,94.16651636291941,6,50,0.7949232092074997,-0.38230988029898627,-1.0814590702112945,-0.3670146994624367,-0.4014753701930101,1,9,No
1549,57.46590001703801,8,21,-0.6561169300430894,-1.4704555243815784,1.5263233922477548,-1.2491815946326714,0.4388517895955985,0,2,No
1248,5.431976913878886,8,27,-1.0491021892811228,1.3827709114177693,0.536807629262251,-0.976012785247359,0.31199836181895313,5,8,No
1986,24.782168551153795,21,42,-1.33716777999237,-0.5677744596409467,0.05881501998245523,1.0081028602641444,0.3543481150820647,3,2,No
295,26.13171564649776,21,42,0.12724144897325032,1.1502237584974535,-2.1522470646236362,2.018265543792186,-0.4252851971981094,4,2,No
1548,14.831598046748814,15,24,1.546737407280784,1.2117290921120087,1.9564217732345757,0.5591584796708293,0.5431052223735305,5,5,No
2013,63.99451447551653,8,12,-0.2415571449506083,-0.22029290001808802,-0.7838033932533778,0.24024014199562185,-0.04431243542208476,2,6,No
589,41.90681103742175,12,23,1.8741318998610565,-0.3941851431170102,0.3441502161918585,-0.5768829664763014,-0.5895957758414572,5,4,No
3330,25.501457539910074,6,27,0.1653723326413549,-0.5008454517623555,0.2740208079466901,0.10092419105538775,-0.1402829903588121,5,4,No
2404,16.4848667503053,16,50,0.3531964184012357,-0.10769717661993422,-0.12885939144057856,0.5210704145812396,0.6607503524304116,1,4,No
2130,96.3957455404044,13,42,0.02226060291526958,-0.9957381111270069,-0.4256375103498155,0.006191976442666506,-0.9051780483349907,1,2,No
4389,6.494803755352106,10,13,-1.8631748076228203,-0.40125304138482504,-1.1132225909648439,1.4590826539759236,0.13291438898682265,1,2,No
2411,13.44982333133764,4,30,-1.3578348108056013,-0.12192038375503231,-0.28245919911340106,-0.4912316767984467,0.34374956747487484,5,7,No
2720,11.178199932818877,14,49,1.2842705959639074,0.15740876424096178,-0.6968115762219673,-1.0545014073860934,-0.633056665792373,0,1,No
426,23.14973450327798,18,36,1.6440363153648863,-0.022273278634465647,0.3175181785028984,-0.39504411453027083,-1.6670729125233301,3,5,No
2583,30.357391333948957,2,6,-0.15274921384582316,0.618543543786074,0.3585975259848231,-1.2778363270459614,-1.098325622903696,1,1,No
1055,8.353531173348212,23,47,0.3672029215524889,1.928332944467106,0.25161225310035673,0.9012767395596747,0.6932718445921852,4,8,No
3967,12.24633711149431,1,6,-1.1939332598444479,-1.902703632842048,1.8524639418421776,0.6015581832740385,-1.8758175566131423,5,8,No
4563,45.534854551278826,9,22,0.20254088373507328,0.5843774344236005,1.2621890224289114,-0.15419161035506557,-0.1444675195023722,5,2,No
557,15.587548455946251,15,12,0.4610559781451398,-0.38180116437717815,-1.1457748358995155,2.047406563859938,-0.02445181874660751,2,8,No
4359,21.16044396755709,3,38,-0.9474438585699145,-0.2256169905519794,0.5899192992382776,0.6776727344639489,1.4510279632351402,4,4,No
3939,35.44920984459832,23,18,-0.623299272857027,-0.06876906399639346,1.6937874700105353,-1.3370832669605248,-0.4586495270738856,2,4,No
4713,100.42630643197104,11,14,1.6006904966839457,1.3024805154462358,1.8134611742695843,1.0131610731155947,-0.5893528817867505,0,8,No
2470,33.65391571439449,13,8,0.24105647884645948,-0.022061345238108394,-1.1297664770563425,1.295073237384764,-0.5724034296639381,0,7,No
4711,50.72644722956745,9,53,-1.1523958369253173,-0.9601295066196637,0.7617249993890395,0.8839211784580087,-0.6487659666240293,3,9,No
356,41.79923425636393,11,3,-0.15424682739609405,1.0492683488858106,-0.7991438330284719,0.12016093337904353,0.44521271024701903,5,1,No
1194,70.11395255691724,4,7,1.079568784900242,1.8805297260677398,-0.16423578238687792,-0.61158006388818,-1.954968544257803,3,5,No
1717,18.473174323454234,7,49,0.7817545975045007,-0.020829401155849088,0.008643705615898408,-0.2666396223097112,1.3932564041319975,1,4,No
3417,37.15622672595481,10,52,-0.346967612063353,-1.104548797068591,0.4876358673632559,-0.3557469160338299,0.15071316752482067,4,9,No
2605,107.65746630111325,14,24,0.0855622642969829,1.5584778048903218,-0.7752631301322105,0.08246264746255208,0.16521890932177588,4,6,No
4130,12.4628693139651,16,40,-0.30512390288126845,0.5841449036482398,-0.3093752810067598,-1.5156097251925758,-0.6717769384341885,4,3,No
2829,6.269167725439164,14,41,2.2145715499047167,-0.30192786040735226,-0.8782679627400033,1.8334897831382375,-0.9642940179416516,5,5,No
1705,41.964587874385764,1,48,0.08301092827375707,1.9017010443991902,-1.499421886466856,-1.6069086112624469,0.988075214519394,4,5,No
2864,705.9406924927304,22,9,-0.13312526094166677,1.259232906870481,-0.1986427571850607,0.8686645133809461,-0.3911725111825011,4,1,No
2619,15.314036616957594,6,40,-0.5927443212130082,1.0225139587556902,0.41047730157856044,1.0341217539638328,-0.737511979412805,0,2,No
2401,21.198504177873158,9,40,-1.052752429848746,0.15281759395857636,-1.3361498212124137,0.006185418978453521,0.37002598444821344,0,6,No
2140,116.64263388625452,21,47,-0.22909546546596546,1.9395613574486996,1.042633726726367,0.30803794139964996,1.5516772609549183,0,9,No
3240,10.468873925259917,8,7,-0.5791918722340145,-0.21648149891233123,0.7321532231910994,-0.6745143392458585,-0.22123248299954265,1,5,No
2384,19.746687880801506,15,24,1.925472864442779,1.1002664092961025,1.364702437788823,-1.199164219986234,-0.8060859240170528,2,8,No
3219,309.23239475178985,3,31,-0.20100932512351924,-0.2890917105371513,0.9815925737976863,-0.9589105703036741,-0.12896016732558827,4,1,No
3936,40.798674040447374,12,6,-1.3254877182411715,-0.8250949229095947,-1.6928439084081335,-0.47938682758986356,-0.5780798322432029,5,4,No
1286,42.54006340543524,13,52,-1.1843033442983446,0.4941068237272433,0.7612487463468598,0.9901612001053197,0.6665448931710057,5,6,No
3797,6.2990772957161765,5,40,-0.7132104831401018,-0.1063661116689398,0.5334536351454189,0.6491632026667103,0.32627397375907247,0,6,No
4895,24.95164733645852,23,45,0.39199643493789454,1.0883138654979185,3.0274863488321397,-0.5386068011785654,0.28730162335998516,0,5,Yes
4469,374.9031622909016,1,5,0.13898349329664303,-0.1492487497351865,-0.5353963044999637,1.0616808488483571,-0.3417263960606138,0,5,No
2088,20.73915971257624,10,54,0.08305392239553691,-0.6527086654686133,0.820499205379741,-1.0446003659283085,-0.6898347401772399,5,7,No
1890,56.98899759065882,15,29,0.11009759521456082,2.142787106201938,-0.5000135202502968,0.853826240706514,0.5238044461370118,3,5,No
4623,35.42630297285968,2,11,-0.13602609585506148,1.256612797568279,0.06373461607699277,-0.037449682763966076,1.0984947829776752,1,9,No
1592,8.085160116012286,8,38,0.3452395797024737,1.6134945254485191,-0.009298600891814125,-0.2425105865384407,0.27363486511602797,2,7,No
1347,45.91736970319317,2,39,-0.5387993326492484,-0.07608129644999888,0.8119985127851743,-0.4998479975278538,-1.0689211869092923,2,4,No
4432,6.325742986985429,0,42,1.3492656081934262,0.33156663435735856,0.3456174516639992,1.3462120651714684,-1.5755440504513816,5,5,No
2163,121.65125049817422,3,29,-1.0610352718663285,-1.2273016561724444,0.7958220370380511,-0.2823519888948579,1.1736214815636739,5,3,No
2397,21.28686004204897,0,7,0.686884162195553,0.5030207205535471,-0.6798871281524327,-0.05706528295749935,-0.6160067020367657,1,9,No
4769,11.907555410630739,6,20,1.4640205501244234,-0.9708999303800555,2.3710276918001183,-1.232913868845457,1.7819083521121302,3,4,Yes
2272,11.128982565970345,6,57,1.0685435852822518,-0.4459409509452489,0.029667808261014925,-0.4737089765679515,0.5457219952569772,1,3,No
4491,192.3943687686943,10,46,-1.4023280038379202,0.5818299961604526,1.18051964102,1.4799308198211276,0.3376639936432341,1,9,No
3112,111.66266609471297,7,4,-0.30614557978066753,1.5294137883044228,0.1336591268009524,-1.7984327892576848,0.9516543052590125,3,5,No
1138,34.37150356777846,17,29,0.1355294632029971,0.6100175759865148,0.7250777831488756,-0.7080591600305712,-0.9143585561792417,2,6,No
3896,6.695940638880863,18,18,-0.39890490414482815,-1.8167945662650447,0.9422305562460016,-2.516387192763096,-0.03141948540072621,4,4,No
973,41.393423617984574,7,31,-1.1964396139469966,-0.17832755679598694,1.0972944832701201,0.9701776318087014,-0.7972926829243939,1,1,No
796,29.292026986909228,10,18,0.45828121329014887,0.6701106948721014,-0.5476235858870058,-1.442092997309875,0.10029606430660626,0,5,No
3021,9.724108365608712,16,49,0.7653826884756264,-0.1694567435728138,0.07610503795522071,-0.1101809216954883,-0.2083739461758043,0,2,No
1712,3.401660165014822,3,15,0.24821584022088922,-0.17335948710713603,1.1114528304329958,0.09345018954375292,0.37596660782513114,5,3,No
3388,20.073124965704736,5,17,-0.59801270325181,-0.8330311640382132,-2.3761492726841023,1.3026867733031924,0.006148748308978456,1,5,No
37,29.549078009852494,7,15,1.426326976900034,1.7095346156262687,1.4783291004402292,0.7851923067296196,-1.255660206295572,5,8,No
454,264.27243691465674,22,21,-1.287117156567775,-0.1217444571109134,-0.038982768227529795,-0.2437499469352824,0.4438866303167256,0,1,No
914,17.775698998846817,6,31,0.37064089727020477,0.3206147271850177,-0.9035848304901618,-0.3420509841005016,0.5371941459816314,1,2,No
4082,78.30547487573575,23,8,0.4622084478286435,-0.32607949745109954,0.8632940488115796,-0.8229397071259792,-0.03239832563419534,4,6,No
1200,11.492779276477123,7,28,-2.0458742302582236,-1.193620560929132,-1.808191578326553,0.6319304103895901,-0.6930817837991526,1,4,No
1275,17.750244859750325,6,46,0.4974194947565403,-1.3341023084800938,0.6145019805287018,1.0266013295022722,0.32095142056444487,3,9,No
2376,2.8885376235011457,23,13,0.1817623463107941,1.5885209435910486,1.3957751649705066,0.33412221072252435,2.7761196575361344,5,1,No
38,14.294052233797492,22,11,-1.4874711933807585,0.23915868457723857,0.5231994472697504,0.9033770984808047,0.49713624038609394,1,9,No
975,12.186000237679597,14,8,1.0551187315982191,-0.6115918368044213,-0.5752161076508515,-0.8460211282923613,-1.1375095200784877,4,9,No
3196,95.44525300488667,23,16,-0.68214809527234,0.7156126102600681,-1.2029006908557804,-0.1373360429664448,-1.3064929368985967,1,9,No
984,69.10195981813489,23,37,-0.32902869680333263,-0.10907494897522228,-1.6100327939410817,0.19217091466180267,-1.3643913737093103,3,4,No
3905,6.565132763544176,11,24,-1.5153474489756464,0.736451614579722,-1.205857758022943,1.6779585814546472,1.797410060386223,4,2,No
4070,3.6136555741200365,1,34,-0.22132181421032843,-0.2978119807061279,1.368293821588256,-1.0629766552935191,-1.2639845378749435,3,2,No
1419,87.45627960403525,7,46,-0.0029304258252604446,-0.014589910428114545,0.8048663485410703,0.22721993709877608,0.7042830203995033,5,5,No
3333,5.025008249104006,1,10,0.25331345727809473,-0.7347755893512617,-1.6590157269093422,-1.2866305462520875,1.499774768702435,3,2,No
1561,22.37535665963438,21,26,0.8420329513742077,0.093598590839362,1.4789657343651517,0.508019416461367,-0.2331275178630646,5,8,No
40,63.47161434864627,7,19,-0.6193173246231977,0.5903110945552991,-0.6611567286136416,-1.845878874626824,0.1233094044424584,4,2,No
1487,79.68318452518173,8,37,-2.1509045675039107,-0.373609044891991,0.5604927050983572,-0.3623690345635789,1.2365641134052252,4,6,No
3884,113.95263652611489,20,14,0.7505336113725967,-1.4318903886712204,-0.017856049507386267,1.8043912715721608,2.36163054830609,0,3,No
170,31.792724486102685,20,50,1.7111015603628703,0.2442782822759085,-0.767795559731436,0.03415794354078901,-2.607365529068484,5,7,No
1356,52.78239263085608,21,48,0.1312059458801964,-1.0057432358949738,1.1273863859339939,0.14429414671802135,-0.5771690138231336,2,5,No
2786,36.39640448283132,23,5,2.285676153749928,-0.17664178854228324,0.14984170423104157,1.5429050160785907,0.17592967858031358,1,1,No
3633,17.239507648468262,15,58,-0.8932249552925694,1.4476610966426298,-0.16992405991785067,0.22712595147916922,-0.8076875617602703,4,6,No
4749,11.58065577801051,7,23,-1.16065084944086,-0.38214279017870284,1.1199155161717407,1.1920493544366026,-0.5331383847003092,4,5,No
4005,138.35010324199428,4,4,0.259829335874041,-0.518697035290429,-1.9161935253779985,1.7188647674063096,-0.04914663810852352,0,5,No
2683,89.62504545763662,11,53,-2.41127342335812,0.08329207800806461,-0.15075437287525592,0.8641097529128563,0.7229703085694034,4,5,No
4705,68.39666479595485,23,46,-0.5768636494896542,0.025886676758790243,0.5430784410136457,-0.6619908235482892,1.4466548582741872,3,5,No
4026,12.619731195292749,9,51,0.46512551038134387,0.33510667440408676,0.04971486740099717,1.6988492331188558,-0.4646584497304182,1,3,No
1641,7.605599601104742,9,38,0.6946091343955793,0.5808783142645458,0.8024483547808251,-0.32756659201824834,-1.0399064346754558,3,6,No
1291,39.24038888781431,19,25,1.8255761429284958,0.6743380738464718,0.4242949245623606,-0.30623036547257415,-1.0374629818467107,5,9,No
1381,112.84711182708833,6,47,-0.5628410727878568,-0.1864700766184518,1.7947136914145883,1.9548995916476282,0.8366012004465857,1,7,No
1934,120.72436458975122,17,29,0.9593891905692901,2.1214745513897446,-0.07948223786938155,-1.2202136754345188,0.8008792397130408,5,7,No
580,47.62959624345418,15,47,0.4118801175338736,0.18529151783448639,2.131605306558584,0.4388488166354295,1.151145548093828,1,7,No
4221,167.8336732194851,4,7,0.19288637434335565,-0.004059502710529907,-1.285487480734646,-0.4301069140782397,0.07247556752925,1,6,No
3161,31.451043445826542,17,16,-2.1152696273499054,-1.5451446249747471,1.374741358161484,1.8572849054384897,0.7539409739313937,0,2,No
2031,122.51660929554617,7,35,-0.7403230891118471,2.134864083025039,1.9718379250836606,-0.5064786217190556,2.3390529955826267,1,6,No
893,22.01251978755031,16,0,-0.5953724284649136,-0.4026481581535347,0.09711041042316314,-0.4220404345062681,-0.429217452272037,4,4,No
3952,359.1934272582709,13,15,0.9314682384094649,1.2377566694943813,-0.29103151733875765,-0.028903264844326808,-1.1111817511856314,1,2,No
781,31.46270537912277,10,13,1.7951044657368305,0.5969332313997334,-0.6356670094972448,-1.1096475940087958,1.02811909597611,4,2,No
160,10.125492295445273,7,21,0.30741076649402355,0.17461184750120493,-0.26224685853694674,2.4459786114380284,1.3050104888464247,4,3,No
3,70.13705075176975,23,30,0.351570782962459,-0.41924065667327093,-0.9339404526462636,-0.5104408489072796,-1.1905723361133103,0,6,No
2264,27.249089668214577,13,4,-0.049924253849210225,0.2761992861924088,0.42464439544068067,1.6525980907904427,-0.028147631341616082,5,3,No
3217,8.873549863660358,16,35,0.7327147644273906,-0.10309903074234036,-0.7767195791594936,0.6939777767008111,0.9215585478072225,4,6,No
2110,40.91048859542341,13,6,1.5217889732357095,0.2242314410317344,1.3487728440670128,-0.1093575047678297,-1.856267498765311,0,3,No
850,87.26922409466196,20,54,0.012552723110285054,-0.7741329418493845,-0.20371778060295764,0.8880509358132697,-0.8003645610918834,1,3,No
2738,26.17616734279272,7,30,-3.5304091008965424,-0.10065681931580951,-0.9447476084110652,0.7801545266128417,1.047634877105146,3,6,No
2467,21.316728480725345,10,48,-0.16096190319500647,0.4467267145738957,-2.404526789936707,-0.5343230811186335,0.4293319271863781,5,4,No
3651,138.31476236247872,8,42,-0.12162329009869455,-1.845799900420517,-0.49051295675173257,-0.28721285068378954,-0.5990314643235232,0,3,No
1597,45.64297223431149,17,48,0.682616343003801,0.806017728106745,1.2420928121477375,-0.492643354782697,1.014303687180924,2,6,No
1777,8.612351994431412,16,25,-0.3840832036027939,1.5083607682847333,0.6728385125967202,0.11223468184195727,0.6033465843779693,1,3,No
1914,1.7911182031382646,9,3,0.07755481324642004,0.15115492982456444,1.0223023486923273,-0.7940687017982925,-0.5193352300975955,2,9,No
1044,36.66878643704451,4,51,-0.7656636967773063,0.6595974105942919,-0.8739725606457408,0.8225402501616955,0.3516259990233494,1,4,No
4714,13.696420008702036,5,3,2.3644648274757833,-0.9752353352129544,0.88764809876355,1.4442537908376254,0.4592899421577536,1,4,No
1545,129.52194483036126,9,55,-0.32921371937622396,-0.5227691980778195,-1.1888954535785217,-1.6516052242109154,-0.4236274985921485,1,8,No
2737,12.878730106464824,16,18,-0.7331707579706717,-0.5542824478353274,-0.1758374021437915,-0.05246096412630516,-0.9979284582573041,2,7,No
3707,27.699878644151877,12,22,-1.7175344472405853,0.7747718432115515,1.242845234072603,1.2497061661900428,0.7010402681953752,0,4,No
4618,12.149183766906361,12,17,-0.879723296959459,0.3366881084969893,-0.6281480705706942,1.471265343745661,0.41866208025071716,3,9,No
54,24.054661031146075,21,57,0.7502011249463191,0.3071083625824217,-0.06563068188658654,-0.6240414398792106,0.07579154996435276,3,2,No
1797,23.87172179073556,0,25,0.03254503176192438,-0.25957131562114455,-2.114619066459786,-1.9468440622656753,1.6475192204974811,0,9,No
1912,55.136984044714815,18,50,1.810353881617559,-1.233676658990703,0.3093776144974741,-1.3367670581786077,-0.09812873883595526,0,1,No
2307,229.38026759319723,6,45,-1.2635640576318425,1.9349461190095545,-1.6106862643973994,-0.0866783923360997,-1.8892767748471897,5,5,No
2554,4.116369984721534,10,45,-0.20651797827686397,-0.9925633320235557,0.5238280106479776,-0.28604466875568385,-1.3094223213243914,3,1,No
2801,25.543578865718704,14,48,0.5927944789352382,0.4960280976167785,0.9664821539213713,0.8681710096026315,-0.8475661662360984,5,5,No
4087,14.610346777125043,5,35,0.6228867196642872,-0.27523666302767474,1.4677072531302522,-0.2105894989218028,1.4146201601956725,4,9,No
4128,24.427018384190742,21,40,0.5136211758744642,-0.006368483387044048,-1.372037579743053,-0.4407886913295328,-0.4739794006167828,3,5,No
825,5.145666204719062,10,31,-0.9652505187315361,-0.8113173295740029,-0.4351480812529309,0.18946390813652483,-0.12223610130759316,2,7,No
4734,3.522939544580848,18,7,-0.6760257472648636,0.3391673628099658,0.4543654836643228,-0.6787027547160935,0.45306383119209614,1,5,No
3179,61.998463355495474,6,19,-0.27184231636800577,1.3472446280811023,-0.11593866063765039,2.104542354056488,0.7831172145335363,4,9,No
3402,75.56081960231388,15,53,1.435530026257875,0.5362844211702531,0.5291144627215842,0.8601938135090225,-0.3969764156074587,4,9,No
1390,13.25237156830892,18,9,0.5132414912681309,-0.8156862901633702,-0.17407496537466038,-0.7695349798407002,-0.19907158797746502,4,4,No
3565,131.79912926492668,7,13,-1.3312165476206856,0.3486134189176889,-0.14494702596077724,0.01732627604876538,-0.9489219084819344,2,2,No
4877,195.8823737065303,12,0,0.7358361669873626,1.223249650660246,0.18243243466206926,-0.7450470403072944,1.2395367648034323,3,4,Yes
885,11.09701487658371,18,9,0.4293625083932779,1.6957719306274401,-0.5308536074772426,-0.7576102828882827,-1.3788087327802274,1,5,No
3806,2.3985234429173685,7,29,1.177183486472341,-0.0943797467110778,0.8413238958682041,0.04454020783604206,-1.9045611449334656,3,3,No
1608,40.25615983281206,18,15,0.22962869384744733,-0.05677827713874367,-1.121142047406505,0.5131727897849043,-0.18613850565368634,2,9,No
1595,48.326061852073124,4,41,1.2320197035760392,1.3275888049496622,0.28556841543291694,0.031613954857745735,-0.4487889161594143,3,2,No
772,128.92367986099,6,53,-2.2721838004358514,-0.0916815950465335,1.0277297751471077,1.6228412473641953,-1.8944461479171393,5,9,No
2612,75.46892084309286,13,33,-0.8784161465124305,0.342118523358526,2.302672132277526,-0.6247078991411382,-0.011153783659332183,1,6,No
4662,23.136064792112037,16,59,2.5794330943802573,0.24286249089513645,-0.6385951814293537,0.5759870413452302,-0.3045442619807242,5,7,No
2274,82.13738706457318,7,24,-0.45929071232625396,-1.1173190039761658,-0.4057449035487259,1.9658926249643698,0.27554336518645245,1,5,No
1869,22.85618663393195,7,41,-0.1427532303141715,-0.3721432195338748,1.1100424925166925,-0.16674153952334367,1.1604496378767173,2,5,No
1086,22.013740733229636,17,30,-2.943887668682481,1.6782701514933709,-0.29759143022032863,-0.8232802208322978,-1.1241102956528177,3,2,No
11,79.78998336718891,17,7,-0.4781649245161544,-0.04884358573401051,1.9137860400684237,-0.27733820879366844,1.2388498846734588,4,7,No
3612,15.402112863815866,13,55,-1.1319843934767664,-0.7605589841867102,-0.7378534140418211,0.025347426040775483,1.326155580504362,4,4,No
1326,87.13566508764715,13,36,0.6759519609490408,0.34640812686900146,-1.3393665762925462,-0.24091671172753645,-0.18428581725262724,3,5,No
3391,11.316904567518305,16,43,0.6862979925548902,-0.11112621114219404,0.7095692231213884,1.1107855536288451,0.6067328653834715,0,2,No
1464,52.44190340304884,17,2,1.0817836671641239,-1.0461556284851803,1.3249843536541932,0.023166356309827475,-0.5061532507485986,2,5,No
807,29.013793170147547,5,27,0.6017213726056347,1.091890528894662,-1.132123428929522,0.221618947849312,-0.3634750039613235,1,6,No
4261,44.33669959681653,5,33,-0.41824691133405734,-0.20793743735033593,0.3248599190481407,0.6117822754117709,0.40154348299305437,3,3,No
3986,17.778546473519807,3,57,-0.8348047785078178,-0.715241788098103,-0.3469489526904856,-0.31677401916972764,0.5096087502617995,1,6,No
3772,8.6373954801009,13,27,-1.3151122536130395,2.2403386304834134,-0.7260728399795893,-1.6218606648588525,-1.158399237928,1,6,No
2109,14.907234652290926,11,57,1.0702539738421097,0.05539434765770002,1.6628817448205502,1.2831591063542616,-0.8522276007105466,2,1,No
4236,60.315222609386105,16,31,-0.6980727272421018,-0.9943505924283238,-0.2361437378448574,0.34321648869338045,1.2573461337704017,0,1,No
4957,73.11949482814332,23,13,0.2829757427995927,2.0172849167735696,2.5185917999469147,-0.6442038022382554,-0.27047764326098556,0,5,Yes
2235,13.151294831718888,5,17,-0.6099903611811885,-2.183235481953956,1.0229126820255576,0.35033822407253107,0.31019454405094826,3,7,No
3212,31.13972453645173,17,49,0.6733590062591025,0.3483261508794795,-2.304227740774793,-0.7511011750200804,-0.25608095363553407,1,7,No
964,29.674038777329233,1,6,-0.7318368323022549,-0.7971044341315033,0.6688109004773214,-0.00367845406224581,0.22035383280696072,4,5,No
3416,35.358279532479784,0,34,-1.3245257016421466,1.1173248137655518,-2.2542762218789,-0.14223321357340624,-1.1976248330409551,1,9,No
3754,70.65273080284409,6,22,0.8320342374962363,1.127973316707375,0.6925893194466352,0.45186808154588454,-0.141633679336966,3,2,No
399,56.26455176100868,0,3,-0.5783426248615452,0.47912421796308585,1.4173333834343511,-0.038060123442009,0.5540648364458706,1,9,No
2633,31.321819000262103,18,53,0.702438874516117,0.22757484082057314,0.3759233588492973,0.9793879686866628,0.5549558598392129,5,1,No
4852,52.91208549218864,11,7,-0.4208821203302975,-1.7212355437968645,0.4449868412333994,-0.6641290356419269,-0.006545253595906297,2,6,Yes
2997,9.874415807578053,19,54,0.25701985189621446,-0.3824917314670229,-1.929172853398837,-0.601500729643516,2.8687689760254442,3,9,No
705,94.55423842514813,0,4,-1.0457100693283625,-0.7490248992615429,0.013193655981440497,0.28314225950470917,-0.6250040461994723,1,1,No
432,53.23398927373524,23,22,0.3165816747155297,-1.4093332454653158,-0.584736077234459,-0.5057421045769407,2.0404934143245375,0,2,No
293,144.2419319776477,12,58,1.290891452639408,0.19697930459260035,-0.26228262101606054,0.5066059096794557,-0.18045002712716604,2,6,No
4868,45.490969790305485,7,25,1.7436542893888167,-0.0028687056410127143,2.8792785282381623,-1.2766957177810228,1.1985763721241347,2,2,Yes
146,21.859655862301096,22,16,0.41097110903001155,-1.6407346102868243,0.7045764170575515,0.7633388475315999,0.046976196299497744,1,9,No
4394,13.155433615409756,9,18,-2.4478289257701333,1.1342480744602244,-0.505105792732612,0.49994749977346864,1.6641269295320105,1,3,No
2034,22.266563502938844,21,19,-0.7341009002301818,-0.29570409049575697,2.163983565744372,-0.3065742227005878,-0.44057481613307603,5,5,No
4284,20.827100810121458,15,22,1.662705719712721,0.6991720859351274,0.24132486036232526,1.1287612239686462,0.24366000206336447,3,9,No
1166,14.00141395745429,22,17,-0.04007387454711766,0.17501840534960383,-2.1351955980867587,-0.21956033492399438,0.02858176954944478,4,8,No
3501,25.957795218394217,10,58,-0.4361056326903938,-1.8980068289154752,-0.8458631214515429,-0.9942355641390653,-0.6702907060286708,2,2,No
2051,71.2979298993501,10,0,-2.164219440843272,1.3326617018404776,1.5548214679089347,0.14064349206176574,-1.5125731076779303,2,9,No
2625,19.06730848569838,6,57,0.3141685133284979,0.18095658977239737,-0.8599593403739552,-0.09146115561532206,0.7163735861527867,3,1,No
4379,20.646788524698245,12,24,0.33697092587619126,0.6058420819820637,-0.007229433745280785,-0.211666390888874,-2.0637603973292102,1,9,No
340,60.87128009243151,16,2,0.620712839228547,1.3707965607638406,-0.10485738778303354,-2.1236374590429308,0.057127613453560856,1,3,No
3880,44.53979325860654,10,32,0.08710658656117275,-0.056883429106975913,1.0693485294074356,0.5730046944931119,-0.07103127543766262,1,3,No
4633,13.511684692649501,20,26,1.2421219219641804,1.391017836284979,0.5372292034595338,-0.0007926249457399514,1.4834020056591668,2,8,No
2974,18.46672874603256,22,32,0.10769065038556988,-0.9329680026204564,-0.8141991072513939,-0.2246664296224891,-1.328534054563621,1,5,No
266,91.16908121370217,13,31,-0.5197719507535998,1.38313513986212,-0.10350864842972622,1.7741822235037688,-0.7903886536822237,4,9,No
2425,36.63253543115838,1,16,0.9449477714858265,0.7365734195264622,1.1826664380697987,0.07225755152647977,-0.9829301825938861,5,2,No
1263,73.38928982214928,20,58,-0.6256093185616934,2.3307106894502656,-2.1020398359898294,0.6373547406690422,-0.6962473294452859,3,8,No
1772,35.58832525924125,3,7,-1.3616843081285277,1.1324746680436324,-0.19786370373966655,-0.7184776301608532,0.9873056940796048,3,2,No
3512,8.216668606989876,14,54,-0.852861267836985,-1.6392625897743716,-0.8220093221674613,0.9246425286945944,0.3578256868236919,0,2,No
272,45.444611815129406,0,7,0.12122418368935654,-1.706096940217759,-0.23080586548801652,0.7952302186437133,-0.3783380345239026,2,2,No
697,3.2532158115773546,6,34,-0.4496665392179212,-0.19131960005615892,-0.4303179624722195,-1.401051744057209,-0.6521023717931075,3,5,No
748,55.495257802483046,7,0,-0.009120452526275582,-0.3857830599207645,2.695751782798915,-0.41273145944754897,0.4497651593677976,1,9,No
245,278.45239523514704,7,13,0.4389726404181848,-1.2319472220842016,0.6236763264791144,-0.49819242343437004,-1.0872353215883535,1,5,No
318,16.487065702815592,10,25,0.7389459041234467,0.5375298281939437,0.07358911101947667,-0.5243766669379845,-0.814969306666021,3,2,No
477,95.95233259978129,8,16,0.31459500203114427,-1.3969801157751758,0.5191694384264413,-1.4135132097576943,0.6280918281651601,1,5,No
2033,64.03848394288694,7,24,0.7066372859450395,-0.354375367374211,-0.3604178573426074,-1.519387088057646,0.09120048177827504,0,3,No
958,311.9741439446032,12,42,-0.41142688862626897,-0.6271178843317118,-0.7582764029230066,0.2631227265805943,0.042609223760035765,5,8,No
3817,31.09954773685211,21,14,0.09151477072825835,0.02865093375864512,0.1758183071507087,0.8559892254411526,1.92794120579788,0,3,No
814,20.00620066171449,12,18,0.06407383892037402,-1.6764132024602407,-2.3209687332702673,0.8313413701082871,-0.37474388630634403,3,1,No
4533,199.18454948749886,1,52,0.6420525465817022,0.1545234308673437,-1.8783454512050353,1.2866063929077398,0.22990672636600173,3,2,No
1915,108.88646169350613,4,24,1.3395220849476783,-1.701080095524512,-1.194218810910073,-1.3656830672931792,1.401693950685968,2,9,No
4603,31.372283874329693,6,30,0.11505527180975968,0.2139187045533394,0.07470262122404354,-0.895487989493239,-1.5500422006571912,0,8,No
3488,43.1865303473675,4,33,0.19699503804657761,0.46419650808608626,-2.6169065733951613,-1.125733704213923,-0.5057661930193305,1,2,No
1298,17.091531513186403,12,57,0.018989768345387258,-0.9700566384743754,0.35160444542296,0.2369925033993263,0.9604181461106248,2,6,No
4031,9.734697743977737,2,40,-0.5551659326955121,0.40233285232349847,0.4244525997860564,-2.3364817754238345,-1.4316642900946435,0,2,No
1805,36.31947280164228,3,37,-0.04262160660725638,-0.018561320261247658,-0.5223228267196286,0.24100029641467566,0.9082174308340397,4,9,No
759,62.779363293748176,8,1,0.5306649255274699,0.4417402145809067,-0.6082640215438392,0.6328447644242048,-0.4979050826348992,2,9,No
251,22.9140679570794,17,41,-1.3698434652121445,0.5957479067117164,0.6761373847768578,1.7851278019658896,1.0080502628605923,4,9,No
2462,8.906953660119937,3,28,-1.2052141169587356,1.1423547635088067,-0.36823448371126805,1.2696631482648055,-0.3334453630141593,5,3,No
546,28.242138300646676,18,21,-0.3236252408484902,0.42510313406343103,1.6402828107549985,1.6864576165824976,-1.3631505135852566,4,6,No
3242,14.115971479387055,6,24,-1.1065094563007638,-0.33120575633522825,1.1427469082606831,-0.5197721545522586,0.6714865628096328,0,1,No
739,6.55434380126038,18,13,-0.5915461187491414,0.6829467931383254,1.2330602748227724,1.3805421907728432,0.5298015199475303,4,1,No
311,107.49151228666577,15,25,1.2092153926844607,0.1347380435175534,1.8016426043465061,0.8504872032019086,0.2119825497716119,5,9,No
3781,48.187910194497455,17,31,2.365518690591278,-0.6368916168105878,1.7970970775225346,0.016673988306843534,-0.3274800670079895,4,6,No
2942,117.34988537155432,15,8,-2.6451713950087816,-0.3373352744236082,1.2635419883516432,0.6946771871187014,0.8865456143437245,1,6,No
1132,25.455366253994704,1,28,-1.5492627578287104,1.9854063611115242,-0.6565002496297772,1.903460299821145,0.4031546011555798,3,2,No
1450,18.2977813561676,11,57,1.2771633373547857,0.7833314690198421,1.1529893053423892,1.0517220901954962,-0.27059971157366486,2,9,No
4920,204.12064490904098,7,30,1.8726355440435107,0.4435886716470586,1.3597173026713474,-1.1614267860267815,0.3053903814469283,0,6,Yes
16,14.023121977804536,1,0,-0.8165436261967214,0.8900271577431841,-0.3799018241085537,-0.2600765394549993,0.6087897715292568,1,4,No
3233,11.298970549776959,16,15,0.4300069444939423,1.8736840023769148,-1.6605661718552462,-0.42013763842935653,-1.3576102011117257,1,5,No
2770,71.51419641677025,21,13,-0.7393328907175372,0.26767920364045866,0.37236216741312317,-0.047439247476067675,1.867345167931109,2,4,No
3469,137.15009884214405,1,45,1.5087578002308168,0.369301907928723,0.7555796382906447,0.3745314457720204,0.5411622648785044,5,6,No
921,24.097146990971723,21,46,-0.8753063804397219,0.2255996505581735,0.09319757971588251,0.4626498962456343,-0.4905225030926728,4,7,No
3030,43.50847535498447,2,40,0.23960088148214678,-0.7297987549397732,1.0583831365876797,1.0989970427941047,-0.983409039776744,3,8,No
1373,49.64288552300039,11,51,1.3310439667883345,2.3248039595959145,1.2173412814071918,-0.6694467765275067,0.8473120418058289,5,4,No
3588,40.57722438219587,2,15,0.10492838852220761,0.7071924028813356,2.316116461730498,0.6099464026719514,0.8105824888116355,4,1,No
2545,31.640624274306184,14,7,0.8946810087109731,-0.4590991992390889,-0.2741999521494339,0.33592347224050134,-1.4247079130747367,4,3,No
3599,5.612840702296265,11,49,-0.05842716014325442,0.2332972424992021,-0.2651410110069842,-1.2538152446952464,1.030720286390817,3,8,No
39,14.519880572214996,5,33,-0.10497668468466637,-1.5071167856344878,-2.0033691294001956,0.7406427098430741,-0.7531243937909587,1,3,No
364,11.489848633586087,0,25,-0.17222013809409803,0.4343925265848003,-1.5029410872472406,-2.6382780762911087,0.3775468535658534,0,4,No
4102,39.288756002345245,6,47,0.4765305156047582,-1.3486478142291687,-0.9268602654284844,0.5622990880945653,-0.6464871219713128,4,9,No
183,21.956709595983053,14,41,-0.9835804969268109,-0.5631000774803041,0.47711953787947037,-0.32202262863813463,-0.6484181249684061,5,1,No
3034,47.32925845608441,3,7,0.5690296710314097,0.23484648663319696,-0.8846774805415694,1.754618803480312,-0.09881553989352235,0,7,No
2984,42.917842198555356,11,4,-0.3632803085494515,0.622196636107955,-1.3188984233378522,2.372418034079571,-1.02722146721204,4,5,No
1195,229.01636987923985,23,47,2.958334669358155,-0.7394039200345133,2.1052750968606646,0.748367383587467,-1.0282643993213667,0,9,No
2853,130.12159946568693,1,32,-0.2500892484133701,2.6071616329152643,0.1445402876332783,0.3556887731453272,0.08425695926466475,0,9,No
4543,5.192432021101737,8,40,0.8317737632977102,-2.2504178922653395,1.1970320106998384,-0.5589206957395619,1.669471795628966,4,1,No
1122,33.2185531676441,12,46,-0.0973799175371006,0.43500537780340126,0.3394383853174832,-0.4258787336328963,-1.4587306253027874,0,4,No
2236,11.65873784543793,10,33,0.3034550841895363,-2.0601621540314854,-0.9851659884079055,-0.45172711044619557,-0.7487427711363346,0,8,No
2668,25.244883639938642,6,52,1.6351515940171852,0.19981087491715996,0.5044441222590262,-0.624793083848648,0.2232564188933462,4,4,No
3700,9.710728113636998,0,10,1.0014198960975973,-1.176617199194926,-0.7072243387000603,0.026107110641012236,0.9776701464987709,2,4,No
3224,5.237684696278854,19,29,0.9440485346834038,0.023001776406671882,2.5624181022249837,-0.5773533049206581,-0.08667204281863797,3,6,No
1183,14.876582069627652,3,44,-0.4118716086936958,-0.09746084596827183,-0.30525345756735606,-1.5058921436499069,1.4717692554955328,2,2,No
4185,32.17076972259977,15,34,1.070645154415591,-0.017466039429279313,1.2842975636237735,0.011132328812615474,1.1406061989369434,5,9,No
4294,119.26332415282407,14,19,-1.365456277963046,-1.489508301571187,-0.26681650090796677,0.12621027822443484,0.9923844891427832,2,6,No
615,14.781865060614969,21,45,1.4162736205989954,-1.4113674540763435,2.3521649334494557,-1.5379924435695795,-2.0291637188282605,0,6,No
4909,36.96812439219775,22,0,-0.5702920962157256,-0.9046301278970197,0.35892695640058125,-2.1476160599169543,-1.2386042595373496,0,2,Yes
1467,9.148653087649047,4,3,1.1918998441788446,1.406166055092316,0.4408693464480327,-2.25606887428627,-0.6350065291871417,3,6,No
402,40.31711613021846,5,46,-0.23493186628795537,-1.115933858591372,2.150219214422729,-0.219990917713377,0.5969309928230956,4,4,No
3043,13.601716671905429,15,3,-1.041616408272716,-0.6834164324484056,-0.0007249757923322261,0.5424037777063394,0.2792923379321493,1,2,No
935,45.133288655828245,22,28,0.373818558763846,0.1724960990323319,-0.5036932742584369,0.813001808716797,1.0248792328266414,0,7,No
2420,3.2313506349064753,8,27,0.8501040968971368,-1.0291419540840099,-0.9336893053731921,0.18558032741011987,0.8723620916133091,2,4,No
4861,10.64030625062602,0,45,1.7015095276700951,-1.4062043346252233,1.3176145769854624,-0.8597561581111648,0.9670470690061714,3,1,Yes
4911,27.338112951489695,1,8,-0.23801388548841662,-2.1200612718848353,0.19860726537113982,-0.6866637694146648,2.126256275309921,0,1,Yes
2642,30.328671300020634,5,50,0.02015006419141846,-1.066240856065749,0.4818035624035518,1.0351563820764538,2.2130341632969217,3,4,No
4018,87.14299725814774,19,4,1.4657370943674517,0.7253165061844588,-1.5172667303697007,-1.054444477350593,-0.3459970949000716,4,8,No
727,43.92953983265569,3,28,0.5043085018466044,2.1412722154540154,-0.3563730565664191,-1.6325190420024265,1.0531780678881695,4,9,No
827,34.155283140962304,12,10,-1.4645795100501657,-1.312109530858121,-1.1974725976303797,-0.22549868444183307,-0.18245961021197618,0,9,No
1522,2.1176859941757606,19,16,-1.4492623847813766,0.0725950471020076,-0.8752163282602088,-1.069199343536859,-0.6253494165607089,3,3,No
4857,12.357025660441582,23,22,1.339303356100201,0.7148540696846137,2.320185738436707,-1.4845297929151866,-0.16345520968576832,1,6,Yes
2931,15.70349842355542,5,26,-0.03095765807169273,0.20041559409823037,0.7576767813017862,0.7244466097898743,0.7500643831285315,5,6,No
137,45.30936968660497,0,43,-0.8885846247569626,1.0489037151715825,3.208160913916495,-2.2731776301211255,0.6953771478606484,4,4,No
3591,31.51330041518683,23,24,-0.6207246820215938,0.14454723596829458,-1.058006572766603,2.0496387006140204,0.5743574006570411,4,1,No
629,11.69795391543062,2,33,-0.3554666674474038,-0.5687198591233552,2.9590905906430995,-0.6626151501740128,-2.0686769538858276,1,1,No
335,34.21903584496883,13,39,-0.48323070796546075,-0.015778920372960952,-1.215253464302734,-0.16981703609507345,-0.9370084285957558,5,5,No
391,3.2867412203556587,18,39,1.7561880680851394,-1.1624660853252764,-0.5635812371039258,-0.9048726099858533,-0.5637769789954712,4,6,No
4388,61.00781433524938,10,44,-0.7459503488334805,-1.4483345077211902,-1.1552068644082596,-1.0178913169715553,-1.4350834552497842,1,4,No
4905,751.5790117274049,14,2,3.3970367678085367,-0.15543271361686833,1.139875333467077,-2.1849093186532045,-0.5353459615754912,1,3,Yes
3833,27.72055718839977,7,33,-1.8921351467975909,2.005205483251406,-0.6105182458144561,-1.6491056179268466,0.13842356797652583,2,8,No
1818,84.15319122662382,20,51,-0.3583296128058891,1.6162517359327573,1.0932371823546938,0.6622854064744218,-0.18162022860064314,5,9,No
401,27.671101076776875,13,50,2.551633273290123,-1.0785927633367334,-0.06470008154952371,0.3466881560256132,0.26761750903111453,4,1,No
711,32.66660192800402,12,32,-1.5378334517771435,0.6447649695729887,-0.2604117135724109,0.4647788621005251,0.23511369980461824,0,2,No
1040,65.19621197437577,22,0,1.067483216264611,0.1284661957907744,-0.6098204382386221,-0.12314640509362498,-2.050632770356539,5,5,No
3990,13.355623974985992,16,48,-0.8207033898407939,1.1597596104959493,-0.7166194999700621,1.9733475092539887,0.22619306951339194,5,3,No
3360,39.08005170514356,2,28,0.4279428042383947,0.5599719713724903,0.24868716853881256,1.1215694359067985,-2.395348694439995,3,6,No
47,79.15664821600885,5,49,-1.526585856687684,-0.6548956413099721,-0.840485162328919,0.021698171059916185,1.6278539686940638,3,7,No
1562,38.088953741055825,15,10,0.7703174571545773,1.798311422930518,2.1668474555039157,-1.2869403067827607,-1.2843337441271854,0,1,No
4800,40.853871657580825,10,27,0.31651150908429543,0.3385669243379602,1.5038877664473236,0.7620355677747124,2.3108198940356806,3,3,Yes
3643,30.255590875953338,15,49,-0.00497280969399933,0.4014063867732146,0.6126612341642417,0.9343204118063413,0.16472834528712296,3,1,No
3727,41.61500010546335,1,17,-1.6177652478781663,-0.15161897565363683,0.46872798791005604,0.9965510134041364,-1.7704477912488932,2,1,No
4983,9.31596615053572,4,4,-1.0734297522648493,0.5433982753455908,1.0039423521407795,-1.2379153993026653,0.9274180553550094,2,3,Yes
1113,10.462015837124081,19,41,-0.2846032874851351,-1.4863249758001211,-1.49038637618406,-1.7226588689059015,1.0843370069194447,3,5,No
2514,74.06036958823633,17,50,-1.3115578611847116,2.033802459185564,-0.03283532019120811,0.5802112339524622,0.1278362665378552,0,2,No
3609,72.71275028375983,13,38,1.922099067766753,-0.5878847987803951,-0.6548090781688128,-1.2560402955443224,1.2672675192023608,3,2,No
1224,72.42552740509734,15,39,0.16364284737808724,-0.1381106867631423,1.6835557122397977,-0.7132667290956584,-0.3226745374590551,4,8,No
4061,42.30643605355295,11,42,-0.048429792201083,-0.19195377907542122,0.2359960938860893,0.11679223315885004,1.572408150678301,3,8,No
3024,15.453014057773458,8,12,-0.739010312558114,0.018025015811886702,0.7402836598194346,-1.4858237617116898,0.2650834506216692,0,2,No
2422,25.00977126608258,21,50,0.3797966951356056,0.8239492471907172,1.0508583969153988,0.875284464669774,-0.9181034660425893,4,2,No
1509,244.0844270158479,21,45,-1.0175554190184881,-1.6389847867125071,-1.2281964255430382,-1.6793891480410101,0.0750352622415091,0,4,No
1751,15.263890462581237,15,59,1.0743921084616148,-0.48883911034428434,1.1696001436820296,0.351697767915665,1.2002567810201206,1,5,No
4838,20.683017804967808,8,12,-0.05178263687405771,-0.6822266802813909,1.4309799583403555,-0.7467156446351064,0.42771569358110256,1,1,Yes
4097,57.41726840677728,12,33,1.9067548977580906,-1.2621749615700713,-0.15281519652678802,-0.11146939757098899,0.0009280943752601162,1,2,No
1800,21.263411947695833,8,6,-0.34777314242209234,0.3404350148631521,-0.18181820795666936,0.4995200652477213,-0.049248947611365654,0,1,No
339,105.1420229882784,13,46,-0.19662837024902155,0.05236632319013622,0.55623913497328,-1.8573868337149146,1.2867660039570548,1,4,No
216,90.26572545513639,18,57,1.010524020326713,-0.419784377516816,-1.0946963870308715,-0.04314034406944269,0.1180097531291236,4,8,No
3664,45.36524601361018,19,23,-0.9865913169195347,0.15570273023912937,0.9177450118919417,0.5369617191750631,0.4114799149074398,1,5,No
1342,50.79492247183478,6,3,1.3309814440476846,-1.5880746611426133,2.688112232862922,-0.3732704617553693,0.707184023274026,2,5,No
12,72.08110442750971,5,32,0.0699585894113745,0.8478516263001241,-0.6855316128530513,-0.9840485230191854,-0.6385761903770217,3,1,No
1521,9.318354740789113,17,24,0.2720995520236724,0.009508090915318122,-1.293558699814695,-1.0279917076026281,-1.350918476971927,4,1,No
3641,6.987763782082595,8,29,-1.4947651696910236,-0.2776108938522768,1.1958422843464558,-1.086207171125085,-1.4698580128777539,2,6,No
3938,52.970086032811,15,13,-0.670982581463345,-0.752516619192413,0.47279367170040976,0.5620441400344359,-0.07126412517830556,5,1,No
4428,8.244015691159726,14,28,0.014273915097697877,-1.0339175479848346,1.8800788497290917,-0.12614167962270417,0.6647788738568058,2,3,No
3005,25.397224380261733,4,22,-0.6445158714970135,0.03154723012069842,-0.5573481998317705,0.2992350238920126,0.06135086348836161,5,9,No
2865,11.177763660902805,8,31,0.196757255113438,0.15083750368850762,0.16595050527347807,-0.506454202365567,-0.32372757574502425,1,2,No
3116,70.0223086293842,16,43,-0.8072847749628326,0.05119059278271801,0.6881288199152573,0.21020019004024018,-1.7887473286622233,1,6,No
4841,82.73045748131405,8,24,-1.747165348453821,-1.159852700780799,0.27269313369538517,-1.3525501995056262,-0.06419933436369174,3,5,Yes
2323,103.57057671494127,8,35,-0.6557871985619501,1.434359857468895,1.504764901997609,0.8429207452769032,1.1003921899536477,4,5,No
2572,62.79881260933832,8,54,-1.2289291293508675,-0.19715867264288506,1.3362693573282536,0.08154115441122696,-0.05962540759710453,0,2,No
2914,3.542966965994371,0,58,1.3530988697667792,-0.5759042127325396,0.07613390677896471,-0.42896068767120565,-0.6296278512768233,3,5,No
102,121.4166838324179,6,22,-0.9949344438163292,0.22687301801273724,1.0128137051953732,0.4307192564699845,0.16673516963335916,4,9,No
3550,58.46593667540452,8,22,0.4519104555156161,0.8239339969889763,-0.6930202827230592,0.41184795661957,1.0068032855870497,5,5,No
1459,197.41702988483328,7,57,-0.6714637605324103,-0.8823693211221685,-0.45390527193833696,0.412423158198868,-0.44306912210115895,3,7,No
172,51.73177527301141,2,52,1.7143803203566024,-0.23013619311163766,-0.17160059837507027,0.8549597531646885,-1.3263486680493446,3,5,No
108,23.59339792843485,11,47,-1.8187577691239185,-1.5010594336215146,-0.7360079001897717,-0.12982017167255325,0.3881369233081794,4,8,No
4197,43.96029315330275,3,18,0.512156851743375,-0.49430519884808377,0.18637156610995742,1.6000462018621546,-0.6265347337326806,3,5,No
3570,77.54519315303139,20,58,0.9447447015343373,0.018441257477795216,-1.0650895712542021,1.616595172135364,0.04179232896190782,3,9,No
4992,61.824324851038966,10,48,-0.8474850136659264,-1.5327418532630763,2.1001534782949784,-0.1737573507903244,0.7873231178319958,1,6,Yes
4296,51.991866022599986,6,56,-0.8514594524061138,-0.6848327898876354,0.21875133241926462,1.2806212043999554,0.012743458306455742,0,9,No
4064,17.665122604217107,23,55,0.12430532373222157,-0.10759553495590042,-1.614348927696343,-0.7705185365696876,1.956927560346975,0,6,No
3862,67.63419839555162,23,39,-0.42264039655070523,0.8143209444252649,0.1890655306673216,-0.0365253772178843,0.038928095185886205,5,9,No
4123,12.18267936979978,10,15,-0.8991941087758154,0.6676106136324863,1.6654428485460302,1.0035383197894865,0.20773105255013607,1,3,No
4630,11.783055253913044,1,34,0.30907560400431633,0.6529314519989845,0.49174946339000136,0.026513592003826244,-1.0557048438814094,1,5,No
61,6.154172015838698,18,40,0.958511253780106,-0.2587263863874374,-1.2107735775251085,0.9429557561096632,-1.1995088275577568,1,6,No
1241,118.74529632054974,20,26,-0.6082387490196441,0.4524121180479882,0.1957061275227168,0.9032884854472796,0.8502150521164803,2,6,No
4638,11.659114392366085,7,10,0.4859925801616994,1.091287046262346,-0.23556834746204697,-0.34771876910242205,-1.1082684821595137,5,7,No
1041,12.745881284016676,3,19,-0.9334603580065122,-0.752098352331968,-0.4102345015396468,0.9924582760064908,1.0920604167800927,4,3,No
4188,22.929046979527463,23,53,-0.5687093177351814,-0.37800092984843997,0.35480693184216633,0.2683988596218609,-1.92047826859402,0,7,No
2761,16.535916256867548,16,35,-0.028680470101235818,0.34527046476055406,-1.9754932184469425,-1.0702503815931115,-1.4217277354933775,2,1,No
2121,57.69356729505868,15,14,-0.2168474850667725,0.8745273814123651,0.872435178022542,-0.1522879239624276,-0.479012111846559,0,7,No
1525,21.661517306798302,12,17,-0.5701937391185379,-0.946623124919582,1.1100078341089648,-0.7734483526217836,-0.02964698892137299,2,5,No
3522,34.478516004433146,2,53,0.17929588270336336,0.9892884835496215,0.2745640230963313,-0.4044617272992199,-1.5145072239932615,2,2,No
154,20.362441294966693,3,50,0.1554642443691435,0.4990226007177441,1.642848168853183,0.35375047837249485,0.643992678531235,2,7,No
2249,31.35254873545058,5,0,-0.2207448716373115,-0.2871276299154687,-0.44435593384119726,-0.571425173941403,1.3197735469654726,2,7,No
482,138.82504990461197,13,0,-1.553517542245307,1.503201414030688,1.1288244629225053,-0.031339107655435385,-1.2251842573311502,5,5,No
4234,135.3357604664822,19,43,0.9762954174859017,1.5253012422131627,1.9721040788051036,-1.7613370019465955,0.26516429551667925,4,1,No
4306,33.12439778574612,18,1,-0.662348727946988,0.07018121673740443,-0.13973326388212243,-1.6884847801342355,2.0287840197222775,3,1,No
3579,57.83394244333862,22,33,0.24822726502305298,-1.1263809894012873,-2.367762370508882,1.7009266667958205,-0.18708204937629416,0,5,No
4126,30.318392747041813,14,40,0.7845273453834963,0.4283396798250418,-0.37149219550487383,0.2163994324924687,-1.126261289745028,1,4,No
3563,9.430463123260608,22,58,0.2632437869049264,-1.8350231302025264,1.401022939883155,-0.6233268130365852,-0.48470199686700755,3,2,No
3316,78.50409104898779,14,31,-0.2740080175939509,1.197310853855259,0.617729510768392,-1.2463770503396547,-1.099258588456099,5,8,No
1763,17.635563024990653,10,28,0.21837313275364237,-0.22917831139566916,2.6575200205103724,-1.4344208990075602,0.5479110814957855,1,6,No
3539,78.49951556406457,2,51,1.054366605749951,1.6975818349647305,-1.7722122694087714,0.6391289077824008,0.8603148480810332,4,5,No
4804,204.40346054047856,12,49,1.0591620296005833,2.3110244478138062,1.1360067206045965,-1.636925739435227,-1.010268987872159,0,4,Yes
751,33.49684621858984,7,47,-1.2281730445505332,-1.6348336996275665,-0.1663862645961283,0.3628097740748948,0.30552540821077256,5,4,No
3620,25.392643989576012,2,16,-0.7637687190018663,1.1120949930763728,-1.5304045567680902,-0.504310311919071,-0.036242816692347184,0,6,No
1786,111.37286228121265,1,37,0.7319688030857388,-0.3431627007332465,1.3591778830519146,-0.9892710661014126,1.9280025530595188,1,1,No
4271,9.288256312323895,18,47,-1.3798837804770798,-0.10652522923874783,-1.4226614390378378,-0.8188758697343548,1.9550583253336882,4,2,No
3384,16.963952643096285,8,42,-0.23772470898608855,1.2675025614026643,-0.45735014248844685,-1.3785478749837818,0.2848280889699085,5,6,No
4349,49.75593749956518,15,28,2.1327516737915433,-1.356638688383702,0.331006248131724,-0.19011161719258576,-0.0987941489031076,1,5,No
406,25.38507005470707,19,46,-0.9336707844179017,-0.9755281790147413,0.7149271341004025,-0.6293446105643965,-2.7501484920051484,1,9,No
758,77.868330073048,16,3,-0.7495499139652525,-1.400102278217654,0.5668380019892694,-0.05586912987844468,-1.4289381669461676,5,1,No
2712,67.12338633901435,1,8,-1.7261944211239602,0.8589149097624112,1.06291938139334,-0.6342184335615665,1.0301324566547452,1,8,No
2671,66.09298180911638,18,49,1.738173311464758,0.6861572938052026,0.31869045297305787,1.450522400130938,0.7702331738237351,4,4,No
3984,8.433788696186907,8,51,-0.747624545612635,-0.39254430811883756,2.903654641460433,0.6737372492316451,1.097341825582322,0,3,No
98,12.216080680620824,15,40,-1.6458011720890138,0.38289509516169207,0.2315468252783205,0.8496702524484937,-0.5314569023067949,2,4,No
1334,43.38420497506976,18,0,1.267212606577366,-0.3232394796388301,0.27209174317574075,1.0926587556380132,-0.5560474508341664,1,4,No
4452,25.87077993986428,7,20,0.2076857045862231,0.634825212667178,1.3886288002115532,2.3322807627847513,0.207699850660601,3,2,No
2792,29.709396234771045,13,43,0.9078300952594937,0.40310993985133214,1.100766890439406,0.38509530353024485,-1.6672603663432926,0,3,No
2855,14.557527713544149,10,56,1.0626633102941556,0.6519096326043807,0.019728319118210456,0.1687297878915687,-1.3935752632950515,5,7,No
187,39.77483545108804,12,28,-0.9558825880279255,0.07424363469202304,-0.8577800019918477,-0.546448057547991,1.486150645860495,2,3,No
4004,310.70119620209425,0,44,-1.2951573098058087,0.9949346556099338,1.5136908062512304,-1.081036655041351,0.06818692475934822,3,9,No
2724,39.63238871387209,17,50,-0.7511225100561613,2.8985093185978723,0.9410377363248739,-0.7330558454252128,-1.0814473586787927,2,5,No
3584,31.135065149091844,18,31,-0.002433635073523612,-1.3332566296654016,-0.0044036676660210395,-0.37567098099223445,-0.6185321511129627,5,4,No
2059,18.124790407863177,17,19,0.5152025136039032,0.15265948751580072,-0.6880514951942374,0.9651520033405558,-0.25723642582813205,1,6,No
1320,108.89820679710492,0,58,0.28862576156645264,-0.13878015256746545,-0.3460647047270636,0.9171708852316622,-0.3364626198791729,3,1,No
149,96.15680369479466,18,25,-2.202256768978556,0.346680748743709,1.6194351580732922,1.4399431391006616,0.3898067205385225,0,1,No
29,50.0354928998931,18,19,0.9369665419143417,0.07129461349743696,-1.171758351883278,-0.6000052747111194,-0.21963115191741533,3,2,No
4141,28.613709851542676,2,41,0.9200448228429111,-0.5456943336936861,1.3767587038676945,0.15917202644307984,-0.04466526604695687,1,9,No
4010,106.30244718008967,21,20,0.836025689406052,1.020739158140401,-0.3725405525693729,-1.705198083267657,-0.2587863915599332,3,2,No
3364,13.087739412014654,4,40,1.0539290200227642,-0.17180609322150653,2.842104436112793,1.5499519578287684,-0.658139936508738,5,9,No
693,85.80297273372184,21,6,-1.8782850423633206,0.34831009854087963,-1.4689993808971122,-0.3835277932217955,0.894927691449249,5,1,No
2867,55.15452082603654,23,16,-0.002748090682042315,0.4263467699714907,0.5045194572057273,-0.4085073365606463,-1.0082962100481587,3,8,No
3777,13.377429761881693,19,11,-2.3656991927847506,0.9961613059349705,1.0509343891101142,-0.5217833667464198,0.2744250454022813,2,5,No
1387,115.44079168387289,2,20,-1.585134907922294,1.7530848477164287,0.47404166744638443,0.3413860830560752,0.43127530731801106,3,4,No
1846,4.315751599204743,23,18,0.8008534306178624,0.52518385695608,0.13161804323697918,1.4488985261420313,-1.0601678948679611,1,5,No
4731,28.33043020382598,15,2,-0.09446206911744269,-1.9263278946397526,-1.1938568569113148,0.931813972478092,-0.6856050209847506,5,9,No
130,13.11063926992088,17,13,0.4337691222144516,0.4545318718688109,0.05139785431709231,-0.3278910626312124,-0.1621345066439178,4,4,No
1600,11.386247083733886,17,10,-0.11644630729366463,2.2557438191333072,1.159215702561221,0.8167339153984602,0.3173424652443748,5,2,No
3630,62.22769538977856,7,3,1.41248937690785,1.9278637590493328,0.3462720202385652,-0.2882542455432438,-1.9022370670391793,5,9,No
4504,73.4748881507998,1,37,2.863382576322228,0.4588661790404207,0.650747038277568,-0.8840722072800374,1.4696747224948015,5,3,No
702,25.91804252618756,9,13,1.2770810621866373,0.41102266754258043,-1.2033193293704774,-0.7877630401582735,0.23122420929452067,0,3,No
3983,23.16100143088408,0,17,0.0017820893085115997,-0.08113858934781705,0.0937265606540813,-1.5295376439877166,-0.8249611803149862,5,4,No
3029,14.282726375320788,13,46,-0.75214070070819,1.5554925710521463,-1.9086404689675804,1.2855932228002254,-0.37719808844712627,1,7,No
2970,32.05732402825519,16,9,1.2377269815337515,1.0631530789880839,0.5426555822812499,-1.468681183366785,0.6101283758569072,2,1,No
4357,77.01029166363634,23,23,0.2119609980384805,-0.08356139314828546,-0.5242429033716477,-0.8335887780360174,1.0103245724177512,3,8,No
1709,92.28869870613826,13,1,0.7395751082089216,-0.8283518347780123,0.9737854874376467,-0.026385861316626666,-0.545700121949118,3,2,No
2954,2.6748807615346455,17,57,-0.02113077801126493,-1.6981581743647174,1.0184736200390496,0.6051937122186815,0.3895892301133444,1,7,No
455,35.494619979836855,16,54,-0.17694388122133783,-0.735730079845125,1.097186074156234,0.34973281661383504,-1.0186138583994084,0,7,No
2869,35.32495507979174,1,54,-0.3499028956417454,-0.1481571346678707,2.396940176533779,-1.3170883569796352,1.0828821809657418,5,3,No
2041,83.31592628442833,5,51,-2.7698836184845677,-0.8562045521961766,-0.07002672261360146,-1.0152870625376953,-3.700091559090642,4,7,No
1773,9.067157466778056,13,53,0.45833463364081156,-0.11271960422461444,0.40186226571730205,0.7263628509535036,0.34331687408202705,1,4,No
2316,47.76690012605756,14,31,-1.21902060432434,0.8856587131385649,0.5149027751537264,-0.24899594297956376,0.7112661841046735,0,8,No
610,56.71475691533749,12,42,-0.8173117024578972,-1.1499746326954394,-0.4201549127505187,0.43247490546841544,0.12071035417796232,1,3,No
168,48.66455618829046,0,57,0.2865935472939267,-0.636569327379835,0.072573080591019,-0.4774186214077085,1.6142460943748966,5,5,No
731,51.82194544164611,10,7,0.7490299911165732,0.1362192992058518,0.3588515363809683,-1.7511158614855973,-1.1223403707525563,3,9,No
4249,17.684332429063108,15,2,1.0275649085364025,-1.1292382472145062,-0.10180222245234818,-1.5872228519266356,-0.701560822961897,3,4,No
3359,11.946226946558802,5,31,1.8435738344886565,0.28649075380289185,-0.902882881115051,-1.4395074379327757,0.40557654200246823,1,8,No
2075,35.04022516513692,17,18,0.33723547852414704,1.4186353120639537,0.9474356365540741,-1.2190668974550833,0.988532418236605,4,6,No
4040,27.833424277482965,19,40,-0.14853191466461202,0.3152772011655719,-1.0688757443004617,0.9090058737392254,1.4626494521694002,4,2,No
3701,31.48546236936881,23,37,-0.6648937777702991,0.02455762854340868,1.0466782144776707,0.10589683736941043,-0.3574591945904208,0,7,No
1623,70.94144184865682,16,30,0.2610553940600878,1.1972638213296438,-1.7042688720332984,-0.44635243083885634,2.017871381482644,4,5,No
588,14.332599039556921,23,24,-1.0741373472399038,-0.5215471197314033,-0.4925685019617576,-0.6828412744655215,-0.7376781777844968,1,2,No
1402,23.951123296828634,13,34,2.405109467323973,1.6526782162184324,1.678609244388215,-0.7976136583668579,2.1921825021562906,1,6,No
3046,22.793741503501344,16,38,0.3418042250996756,0.051196941854722254,-3.0108744022552627,0.6788299583540499,-0.9120502580288725,2,6,No
3225,42.73772603506145,16,55,1.787814129366981,-0.3654811822195256,-1.527831193156026,0.8719988832946381,0.38921024220877953,5,7,No
1701,10.719312021607125,8,18,1.0330944190195595,-0.1861303750295191,-2.353126700695092,-0.09879459468957948,0.47040396819456276,0,5,No
3089,38.63196305150859,11,7,0.46249265457199035,0.8604667031447575,1.4602335856225397,0.29020030398368707,0.7530260058338298,5,2,No
4391,39.74123106889982,17,8,0.010392417684752943,-0.7498262070585292,-0.6860746850335528,-0.43603951823284376,-1.9007645986267943,0,2,No
2982,155.28034360952395,2,42,2.1316524240899595,1.069907079610106,-1.039841878542856,-0.10939177465602481,2.7363195400043185,2,7,No
41,69.63408477220673,2,33,1.9753431178455254,-1.5258569827326718,0.38287113537147105,-0.9948072371447515,0.9082614092673243,5,3,No
1380,144.54796529827206,20,3,-0.3604496531602945,0.6479830636940592,0.2794641116703421,1.0039366059713688,0.3709025447782209,4,2,No
2090,52.869138895468275,10,46,0.2731623405402428,-1.0784983371070054,0.3882766393074978,0.5510653511962992,0.6889345300871325,5,7,No
2176,34.87249192507692,13,46,-0.5661528561658385,-0.20346061104290386,0.4307757777089527,-0.008720675213032339,0.3458991462741695,5,5,No
3218,110.85941039142091,2,54,-1.387120301317997,-1.80472712783677,-0.2423082970410263,0.7920544821475468,-0.5732656944067765,5,7,No
2886,44.85642801778316,4,47,0.1798111976907926,-1.1448051847633351,-0.4264248126156457,-1.2647892526907165,-0.15023782779481346,2,8,No
75,38.18434962831704,23,26,-0.4032953129206253,0.07498121798983637,1.4255413723710189,0.8120962126845997,-0.9875177798486946,2,3,No
3910,7.4137732725860115,11,25,-1.0767909978244041,0.1339269370939702,2.5709519217185655,1.5931380062474882,-0.7670063211468412,2,9,No
4965,31.59356695542094,3,0,2.762950495343174,-0.8346562106579176,0.9725179557519963,-2.2854427567237092,1.3232006370492373,2,3,Yes
2658,12.80023836239456,14,14,-0.15028887801898694,-1.3319880261917116,2.4576686688304603,0.3936700938523471,0.7988304506042805,2,6,No
3181,12.34121958526863,18,1,-0.38766963811889976,-0.3341285399526588,1.0288575343335444,-0.11207251063191619,1.8951036482459014,5,8,No
2077,31.993256140019852,10,49,0.5778512233281415,0.3667634630103227,0.6429433934517144,-0.7083703516482622,1.169197028333056,1,4,No
442,46.00094787626159,14,14,0.193508286996133,-0.9537740393650874,1.2769736607501632,0.5439072025914127,0.32858434152364246,2,9,No
4052,29.98772900366088,6,26,0.1309543543732453,0.16712466459807623,-0.7720566813438735,1.4624119799360813,0.022221756838757645,5,7,No
2052,9.730791335632246,4,57,0.47573549968692735,1.1849839904909205,-0.48516531169621985,-0.8712100478333836,-0.07086200916264936,2,3,No
2542,49.78572864753944,22,14,-1.404600307221224,0.3576279264154971,-0.1332997216658097,-0.5164782095508309,1.0789491944554621,0,6,No
3307,53.766119047817824,6,36,1.4144415396890595,-0.7199036107504369,1.369313652270939,1.6105421944792349,-0.55903555552189,2,1,No
1302,4.1189482226731124,8,38,-0.6957803896047969,-0.4947321473225333,-1.4708138128443196,0.4844534304549453,-0.8065435550174455,4,4,No
1782,36.431691391895626,2,10,0.5693647554018482,-1.274830694135968,0.37306508381223147,-1.3907045800185749,0.01644398349469419,3,5,No
4815,81.53580313680716,19,59,0.8097578937814766,0.09588192177568866,0.8278746912664973,0.35524474564928266,0.8039928430227322,3,1,Yes
3431,6.6521760120228075,1,34,0.5314923801057907,-0.15040521460614562,1.1355635935633808,-0.7020119858700076,0.5400890323288279,0,6,No
1305,25.761919467835423,18,18,0.04866227839107852,0.045192754522654074,1.2963637973110222,-0.8980578781405189,0.023309648054958408,0,1,No
237,3.867897084217873,0,53,-0.3216483486419647,0.19877067748871843,0.7480022627358979,0.7015654719404685,0.5527285008997627,4,2,No
2600,93.53071911166364,10,55,1.6107310946036024,-0.09878302044073389,-0.7121216280448002,1.0641146159195851,-1.6692955816604753,3,3,No
521,12.55162928112356,12,51,-0.5033500288471519,-0.5008411565285328,-0.37074873993991914,0.09560280789395026,-0.32844177890451104,4,6,No
2574,39.76212118659199,17,30,-1.2538627954898234,-0.9987640277111334,0.5225169183566184,-0.7798793085961542,-2.0720172224884648,5,7,No
3281,189.3546794537226,1,54,-1.2733568757541636,1.2871827112440355,-1.252943130980742,0.3284270253978692,-0.9292410626948826,5,9,No
3187,12.414940576634317,7,53,-0.417821942827561,1.46652482800599,0.9281478084170255,0.27971562829187,-2.152666518543783,5,1,No
2769,75.61945878676272,4,0,0.48805651555248797,-0.7117696509545471,-2.506984949377617,-0.03965269764842436,-1.1537542537397085,5,9,No
736,38.78831668447623,18,1,-1.905303769564807,0.16167092405723113,-1.3512517440963532,-0.38129340738009276,0.6045403991323594,3,4,No
4704,43.30893600729069,0,35,1.908633522232747,-0.437041059432885,-0.3823901385206911,0.03745678441559858,0.054621353594110814,0,8,No
4930,224.77532019828692,15,42,2.8213664547688317,-0.9751515867620204,-0.0674476207171053,-0.8524968980338622,1.963976740839579,2,1,Yes
2107,134.408256744507,15,41,-0.20019344351984655,0.07024326070851288,-0.3357051386995137,-1.5663096360348399,-1.2350089868939376,5,4,No
2680,52.14329654838285,9,8,-0.44105586595317514,0.38937275812241423,-2.1217452690969525,-0.1350617031343363,0.8806468512499764,4,6,No
3230,7.746510262443291,8,37,-1.0508601023354023,-1.0029294547865177,-1.360765024887505,-0.9858571511312335,0.08310056115548563,2,5,No
2762,6.573461773108628,14,6,-0.07868459711268497,0.7178621549455493,0.18782164911935137,-0.4399586634389518,0.3464683867756703,5,9,No
593,204.64951863812274,7,40,0.8313470510191334,0.477449604124605,-0.30319335337975234,0.9333300208640003,-0.8730627763102515,5,6,No
1304,70.37619522212013,9,42,0.012762478653524782,0.48047176052576845,0.09775888132430396,1.6380655204921528,0.7047745026050286,1,8,No
1388,11.172240114851732,5,46,-0.9659044916251056,0.8181909050727912,0.6606782115382321,1.4284311467398303,1.7642410769011654,0,3,No
4696,47.512892897504415,18,12,-1.5339899981492113,-1.2159896794849383,0.01645625671780337,1.3330939742252732,1.6115891539161233,3,2,No
4527,26.14922877612814,21,44,-1.2460238198773965,-0.19056805512156186,-0.8849636760680823,0.7839839966457599,-0.5844321380740177,0,7,No
3948,4.618107402518815,19,0,0.955585058840506,-0.08475872256465349,1.0542262606342057,1.3405991456270012,0.9035823451972765,1,5,No
1891,92.25095871366516,7,38,1.7526199245394292,0.5535971465793009,0.7098186232612629,1.6008622962517562,-0.2894104369981684,1,3,No
2988,161.74221962050916,1,18,1.0502430456593095,-1.4090993731116148,-1.5852258742991647,-1.4938622600260905,0.11680616724553612,0,3,No
4925,13.099292360886247,0,6,1.0934859697481203,-0.49326868361917925,0.5011409571115301,-1.1970060438047754,0.23593885351173371,1,5,Yes
3298,31.15818418177093,21,40,-1.6811369672776995,-0.9110771526510753,-0.08508898157561343,-0.03382021197826835,-1.3646198968979242,2,2,No
905,17.774992517010574,9,16,-0.3909415304822949,-0.12902212061381108,-0.9787143694195778,-0.17500936437161274,-1.1174080437839402,5,7,No
4610,21.496459336461296,18,15,1.2790073187279298,0.8517549313757087,-0.739960474991417,0.5045529426796213,-0.746891465807848,2,9,No
1280,26.628201791932412,19,55,0.9314991547757419,-0.30122219372631365,0.9883616752535224,0.6279654143933764,-0.6855067922820294,3,9,No
934,171.98271844409174,10,40,0.44625076405985364,-1.3751874171082699,-1.1077794480839789,0.34390756249012705,0.9976691135980253,4,4,No
4900,39.94360205351127,15,2,0.894792900537588,-0.7559962129014497,0.6721295811620728,-1.3340281878308624,0.9287233787701201,1,5,Yes
2309,120.42522912899393,16,1,-1.8192598813774552,-1.0553802760857103,-0.7371324454764893,1.5553833904007333,0.7074457995699789,0,4,No
1556,17.665770406340176,3,16,-0.603503915494421,-1.8567648392517488,0.29084600141358746,1.5412904718161682,-1.02928891630038,1,6,No
4534,7.397223450354142,10,35,-2.0246384584135004,0.1118612278830547,-0.5407933236109528,1.4921462334364501,0.24288289959455395,2,1,No
3191,7.9880624528748525,7,28,0.2557045082409063,1.117843730156241,-2.1030125228795655,0.05682315296327967,-0.716898808666413,4,2,No
4442,3.825733973060363,3,27,0.37381438820197854,1.3943607600052987,1.7323386519275694,1.7039834938059766,-0.9559666706795413,0,8,No
707,13.32211073409074,7,33,1.076175025087915,0.36104713519968545,-0.09701565754724577,-1.4483933731348388,-0.058369245268373136,2,8,No
4691,100.19910790258284,2,35,-1.1699747507916314,0.43028778059712375,-0.623661222479622,1.0910721460157102,2.321354456270851,2,3,No
3071,78.18251726553963,18,43,0.5844808204699021,-0.767206863428331,-1.6759319146115572,0.3665532755666423,-0.06533070309746135,4,8,No
746,84.00179992989003,23,28,-2.104405702266703,-0.20571515900948276,-0.46889947188421555,0.4187914867264866,-1.4542927965190087,0,4,No
3595,22.723628290248023,15,37,0.39687452852853167,1.6493544959101472,0.9808635713866058,1.3217196002224765,-0.8995394968162634,2,6,No
1940,14.855663295266773,19,4,0.30287891642949083,0.9074537832020062,1.1403102303706543,0.7212633250129525,0.5131296585920249,0,6,No
4401,31.54818625973992,16,3,0.0017440570753952179,-0.18640178380653927,-1.290835734281498,-0.12734992682443913,-0.6436118208408672,1,5,No
2863,15.128780848047455,5,17,-0.9940911769539187,0.7802018191652814,0.846306458422149,-0.3552655083432789,0.4370076306516379,3,5,No
3997,91.0729117481457,7,34,-0.07001788813411436,0.279907724349316,1.5530235418310676,2.8432732454478917,0.6403874156224512,3,3,No
514,30.383489374099288,22,59,-0.4496420906721386,0.2123665279879456,-1.208474795904233,-0.895480910478699,0.12416523213337996,2,7,No
82,17.08283330435997,16,51,-0.7731951168428768,0.509117569050969,1.341115611681286,-1.2128906345418562,-0.12433282084890122,3,5,No
4977,79.07570696216003,3,25,0.2731496434046099,-0.8438263589865989,1.8649284335124743,-1.822084603561364,1.6355323874310794,0,2,Yes
1309,2.058557962090278,9,2,0.13302292052766373,-0.41662036652411394,1.2039092620566303,1.8765338741444926,1.4498118303709555,1,2,No
4615,19.090352116933392,1,13,-0.5043236244292237,-0.4640543596795687,-0.8012353980548942,0.7776498999572563,0.9741931203327394,4,9,No
915,88.89048843347543,21,17,1.9034676086255564,-0.9509891188661246,1.0804184680889826,-1.1546806635049305,0.6547810857714145,0,8,No
3453,230.6420494419467,6,55,-0.1399679033452213,2.642069780450904,-0.8880613219953928,-1.3042474946557012,-0.9358348991349641,2,1,No
3696,15.032941901017688,4,12,-0.7077976530963542,-1.0401619503196824,1.346568446559882,0.055904815270450145,2.2528430919500066,4,4,No
4805,39.203833380844316,19,57,0.29622967070699935,0.8509177428581456,2.1533655177986435,-1.4705980672224344,0.24599158643925978,0,5,Yes
3157,479.0300736876622,15,12,-0.8812796363733184,-0.8469069815160023,-0.023599575149028402,0.24741792889379782,0.23667172545886705,0,7,No
2199,26.705000545773757,3,15,-0.4471904354070139,2.1713830601352306,1.8243427851000615,1.032811733676764,-0.9253267660723773,1,1,No
4233,12.667043974506525,11,38,-0.6138719854492841,0.1554288913834488,0.8870158774540335,0.11051111777073161,1.9765010591526329,1,2,No
775,33.517013668231456,14,54,-0.9763733901851996,0.9112508009838458,-1.3576932743137915,-1.5670564496823811,-0.5588871228816459,1,8,No
330,19.72171193712037,17,2,-0.44741914418967715,1.2490521679861668,0.04276756530795937,-1.5615970451265293,0.543989614322619,5,8,No
2055,47.7725471246403,7,16,-0.021402433097897213,-0.5683514716950304,2.1073178997820166,-1.302063986153336,-1.5446130968608422,0,6,No
2002,17.01545908666097,16,50,1.2035700460201588,1.6192615615242674,-1.6760240840708927,-1.1990000349468184,2.927815186233118,0,3,No
944,109.98084983850168,1,41,-0.6496575504081362,-1.3168186166275062,1.147719040105178,-0.45095126002343294,0.0184485787202093,5,2,No
823,10.359671079721698,19,32,-0.06672313898283302,0.18034774675536697,-0.5233444182755979,1.0140891247097645,0.3431918017546363,0,5,No
4528,39.993260939641715,10,50,0.645507549344076,0.8967490550762951,1.993323445564248,-0.8489973868375891,0.8459992767356775,1,8,No
910,11.28816463815619,20,22,-2.527929578593109,-1.568116139134555,-0.32231184425201137,2.375118146274932,-1.8007430734248644,4,2,No
2517,33.48116000035365,0,38,0.3940625733847306,-0.2331431567766334,1.4071936415148125,0.9249707194042877,0.18433806620425153,4,5,No
182,41.2389212670593,12,26,1.0072990673581124,-0.5714495709282644,0.21943995861993149,0.9265600692170585,-1.1602871459598532,0,8,No
165,76.59173737308387,8,53,1.44771298327407,1.674684666741395,0.3553762106700964,1.9620056638422476,-0.04294108295674488,0,8,No
1524,27.42941212067266,15,58,1.654524037645827,0.7658174962614995,-0.33047046937102437,1.4269020717397416,-0.32176135988999893,0,6,No
452,46.93557393676736,18,28,-0.8165238367253593,-0.21005577299819952,-1.2950396768313994,-0.9616939987535967,0.644734291509046,1,7,No
2539,61.217930148541946,4,1,1.8727084868833057,-0.41618425343394433,0.3409371435992682,-2.5290301337291674,0.8235683833998559,0,3,No
4138,40.51440308563066,6,8,-0.9736373121422331,-0.59169835366762,0.049557816156555225,0.16707569251622167,0.48325368814475356,5,9,No
4776,151.75337688525283,14,18,1.7000648970413104,1.951862443347924,-0.7038184933086451,0.05736994477207691,0.8351061307385728,3,1,Yes
1312,74.03739486547366,13,13,0.3981899112889757,-0.3337508612381163,-0.5213617216816094,1.464900369075235,0.5915300455287251,4,6,No
3150,42.06219198705213,1,40,1.8594517516870523,0.9033064446414645,0.4562831023212513,1.5351926264139368,0.5133304855482658,0,6,No
1112,25.23736454246734,4,14,0.6888078845494705,0.06546137555830518,1.8688331731510581,1.9583262728115163,-0.03593960196129861,3,1,No
4548,114.7585532016926,3,47,-0.4139969842517069,0.2173533938733192,1.6219332271200901,1.8356653208586067,-0.06792712477807855,5,4,No
4086,32.46758282995919,20,16,-2.7526304188822164,0.648498144866606,-0.5503107193325508,1.8184534035563233,-0.03458460830358658,2,6,No
3490,26.121018085873466,17,33,0.5132406113507127,0.5161444282045198,1.2767530895837391,0.486671988987686,-1.0674070700964728,5,8,No
1288,32.35492625140433,8,6,-1.1269731723787997,-1.299311645995077,-0.10810008851988984,-0.33331705921159793,-1.4356706282952385,1,8,No
4178,46.36865567083298,18,43,0.4733229189333892,0.2634594064777584,-1.0854969217852741,0.21046426297414933,-1.3104631879337514,0,8,No
4646,14.36248661382718,6,21,1.6917225396746793,-0.9884807367935398,1.1924476198143343,1.4566097430103098,-0.5258062820801819,3,5,No
3681,17.579717060428504,7,19,0.048112848002119527,-1.8112422037918148,0.9229309870292337,-0.29067592853856555,-0.47750095600302606,5,1,No
4512,27.956717006895673,7,53,-0.6317014554827616,0.13400081178914525,-1.8754213984352608,-0.4082262755587498,-2.3471027650545535,5,2,No
4169,30.14077588091411,14,52,-1.3577996917369404,-0.1434079966945483,-0.2640398002767215,-0.11914973407098493,0.4026559042091364,3,9,No
3301,57.41202309826259,9,50,-1.2577932761239219,-0.03714767628825436,0.08946506923102418,-0.1246342819272349,0.9682986234000286,2,7,No
3311,19.962005330718497,6,2,1.6046623975584597,-0.726852868180137,0.6134635783379208,0.5851161764154439,0.4581119082588428,2,3,No
4557,47.45165953811571,5,22,-0.572200817144293,-1.4027929737343607,-0.15383109476167509,0.43263000264519086,1.1169418272806644,5,3,No
3126,57.778496043121876,11,38,-0.3469330231045722,-0.6948391990740592,-1.00178326919902,-0.3298243212352586,-0.5548408623586052,3,8,No
328,30.970862003619885,14,28,0.6159499371480742,1.8624921720523726,0.47170066506263064,0.5663563790706708,0.6721549782007075,4,9,No
1791,6.307027162643961,17,54,0.6811022525002439,-0.6503651773718636,1.7250329420345678,-0.745869303672393,0.21447507229702847,3,9,No
2491,74.83727368576739,5,17,0.6697886858912635,0.3989389337731508,0.07259232424309639,0.28887127242257243,-1.1760650889160043,4,8,No
2007,30.13856029031432,0,42,0.2805822783966414,0.6479384810802233,1.171247065225061,0.5103014431738871,0.3216018068163673,0,9,No
2008,10.903337170239869,6,46,0.41200321959505254,-0.6211131942038228,1.1102967076213035,-1.6097111142566722,0.8167371741503242,0,6,No
1859,49.07633142730471,3,19,0.4337245855664093,-0.6185343041584587,0.6764879581861353,-0.8317542000821122,0.9131555243760411,2,1,No
4686,16.29797682517529,5,23,0.3016887196724364,0.13285120863450234,1.144096365660758,0.3930668835292592,-1.386160505491837,1,7,No
313,189.4138921312111,5,3,0.6631123810657311,0.16715328758484124,-1.3672128913019983,1.7907227386811706,-0.14189099857114323,1,2,No
833,10.721158674484887,6,54,-0.2060236846159446,-1.2075274117343677,0.5005419293798373,1.4311330150292483,-1.629742546289086,1,3,No
3080,94.44612608705374,5,23,0.3282988459044961,-0.8679399238070749,0.7068253608579596,-0.1896840137902715,-1.9984286073005315,4,7,No
4718,23.149905399494685,6,43,-0.9183652600318991,0.09533294917070353,-0.9864129290567714,-2.012920118513247,-0.7850174488543894,0,4,No
3463,8.890389790029987,8,23,-0.1565551346553375,1.0626173928773215,-1.9880876600223187,0.3029698455967558,-1.2549104997078515,5,6,No
1202,20.364758232239865,7,55,-2.1482086803376363,0.952675585060279,-0.7359316493904802,-1.1474369157517212,-1.715325226458781,3,3,No
4392,119.2168625271907,23,46,-1.4977068411102,0.659953018688041,1.4570635136093826,-0.664518901487142,-0.7847700706099305,5,8,No
3548,94.5333674004661,3,5,-0.15845717287825958,0.1918514853321646,-1.8990713631272962,2.2561977750354685,-0.41384891019572684,4,8,No
4923,82.69947756557987,12,2,1.2733008910569859,-1.3087085976919015,1.6911695706290364,-0.9683797962596216,-0.44536103635161806,0,4,Yes
2135,14.897512535775123,2,12,1.12371686184175,-0.32869680730441203,-2.1455184718620557,-0.3272879113805561,-0.21916230249965762,3,5,No
3452,66.96635607400391,10,44,1.4793717228981438,-0.2631335972034264,0.10313010758056632,1.5608930755988106,-1.3514974149575207,3,3,No
2210,21.451607123527246,16,5,-1.9875606327876807,-0.45766188575892325,-0.3450547031533927,0.8528364648382424,0.28519795249377733,4,6,No
1902,96.67013750863909,4,13,-0.03596955365251699,-1.543732080566156,-0.47697797518767865,1.3480778333873575,-1.5063005652107155,1,5,No
1482,58.1667027615406,5,38,-0.49077704275676737,-0.3444752526824457,1.1907918238466282,-1.214428778915135,-1.7490584232715904,5,3,No
778,49.254035556704764,14,58,0.06880362569506428,0.7945397181593544,-1.5703990713606855,-1.06491621822094,-0.2700596735530343,0,3,No
800,34.4294811283517,19,14,-1.3261101538607185,0.5452731654872153,0.27557289896254566,0.7900827124457142,-0.3261502180506149,2,3,No
3715,15.153170292077817,16,26,1.9911917670270995,-0.3621714008905693,-1.015939698469693,-1.361846310617986,-1.0762677731843522,3,9,No
3943,14.327442314428945,17,24,-1.442393178804421,0.16178571859085394,-0.42616989996606186,0.7471225377864708,1.2285581110059944,0,5,No
55,20.689521113762574,11,37,-0.3166228050618577,-0.2507825341777729,0.9924766135830533,1.2251614550998557,-0.6671505137683704,3,5,No
2973,32.112846987182266,15,18,-0.016266917876229598,1.2824159757662317,0.07154474615866481,1.5096211154228414,-0.06814687103200706,1,3,No
3336,24.99385533591415,10,16,-0.40731591460675676,-0.3510161545618694,1.1676302353146817,-0.9731877335722324,0.4983850017127485,1,9,No
1921,11.092430494750324,0,58,0.8749542563142473,1.7230454309708734,-0.8861403034395645,0.03925207395003367,1.0901556348870205,1,3,No
3716,14.003635252967912,23,30,-0.63200787293126,-0.847395060319414,-1.0861174567540721,-0.8898688046263595,1.0153936718531409,3,9,No
4647,31.224946680472573,12,8,0.6215463882556745,-0.9980581390619242,-0.10922616652078825,-0.3134247688319015,-1.1513124273232533,4,9,No
947,46.332388720759646,19,46,0.20359300788397736,0.5664655247862109,-0.4107905124005407,0.007824794249462879,-0.00432472534322486,1,4,No
1702,20.218512793321075,11,56,-0.26980111947260843,0.9769072641522994,-0.059998621413337457,-1.5287379939609136,1.2376380096203758,4,5,No
3294,57.62482739485771,4,59,-0.729341897585672,0.3920888847141844,-0.9445115665419324,-2.352842502905765,0.1973305787368691,1,1,No
2162,12.884776204616266,18,58,-1.0685445969116398,0.7530301599246617,-1.2777424256543939,-0.11815448824430838,2.681072127379903,4,2,No
1137,35.223188645530314,8,25,-0.1895880626140975,-0.18545448507230478,-0.3175634347261389,-0.441447877016211,0.762196602936806,4,4,No
988,46.110475340184365,22,51,0.3918377499304902,0.1599315767258961,0.8928973269834208,0.605810801137119,-0.20194863160551413,5,2,No
2550,54.586582145331036,23,43,-1.3107808705415498,2.1017728815143633,1.8760375258246291,2.1347220698698854,0.3807014874844444,2,7,No
194,142.79989180572434,5,35,0.37933916628423964,-1.3622494798674596,1.255577365919383,0.030246564855953728,-0.24418691910166884,1,1,No
3058,20.60403780173241,19,25,0.36609964108968995,-0.9625095074058163,1.3703126493055207,-0.32245666365025755,1.0879791706649606,4,4,No
3247,14.241924174588176,12,47,0.6080167728860506,-1.358344884649065,0.20720169830350924,0.493423033197456,-0.038534099961575224,3,2,No
1395,5.097661391813628,4,53,0.32768870491182184,-0.468394663428241,-0.20582935448077644,1.164911805425043,1.4145901678191124,1,8,No
2638,26.736959419488453,4,59,-2.2005583854032484,-1.9761036835098071,0.09699568744735897,-0.5709836240975095,1.3838117488556092,5,5,No
769,9.208795337965732,1,15,-0.5729714655393743,-0.7080352829584932,0.4102348444216199,-0.08251773581560166,-1.3755051534136362,1,4,No
4703,5.4054712410903605,15,21,1.8363867172247434,1.1393199040219957,0.2846046563865596,1.1627032295532143,0.5275957230510953,2,8,No
3091,114.22387078185947,17,3,-1.0122978794780464,0.41860831970916607,-0.36896606491027684,0.09538848913042,-0.31101624729882466,2,6,No
3496,31.759845511654483,11,15,0.766957568714776,-1.472555194306039,0.8680452682712921,0.06809806770382897,0.5540345798013352,2,5,No
3216,52.79036917943982,12,11,0.4911250132280956,0.22708266031656085,0.8796815729989864,0.2545485048140262,0.9850833932724721,4,6,No
286,20.665697343642748,20,34,0.5321761598451539,1.9692258168221626,-1.5829554197222364,1.6096310570316332,-0.5594707431489028,0,2,No
4939,149.1010503960683,13,41,0.9659210192815807,0.6945124536013463,0.6325341537311695,-0.6902900561743418,1.4444362820115282,3,6,Yes
429,8.312982792723046,9,40,-0.2676070080191258,0.6587202870170907,1.5787927398498625,-0.13128593762321436,1.7297127907492362,4,7,No
4449,134.3389275737851,19,13,1.1402046547118185,1.5746613997110308,-2.346342363936838,-0.2550742570428718,-0.3074367120594845,2,8,No
2333,42.980837814159685,7,34,-1.3813294558816875,0.45077510572165874,0.6384656178570431,0.31646590704061195,0.48714327582592387,0,5,No
2718,38.93600368933861,5,43,1.8698884728463603,-1.0411645919359875,-0.5532692339012398,0.37250363861786434,-0.2188784490764859,2,9,No
2080,13.261635798304992,1,2,-0.5545702490828831,0.37499515360771546,1.2860846842143108,-1.5392106175145166,-1.3477759816305928,4,8,No
3390,19.869093638367637,14,47,0.3081305950577901,0.6389384741346508,-1.0223944308042814,0.9776164619962204,-0.004630675998198973,4,1,No
723,3.3846894346207685,15,55,-0.8138632058517464,-0.7068483750492992,0.1897261791986366,0.9040889598937201,-1.1659569263579848,1,3,No
952,52.02730104698914,13,56,-1.2936391226398898,-0.29663176424800064,1.8560598813167035,-0.980762897678293,0.42663781779506577,0,1,No
4384,16.576483772492605,22,13,-0.023539990157896894,0.2886371681940111,0.246973091183905,0.19959296923219974,1.1299935517730775,2,1,No
4367,51.84765493357451,6,29,1.0967193013068632,0.2734096546271006,-0.12507151326680993,-1.6848861731077398,0.9203871220431893,1,7,No
2263,38.0235281266687,12,45,-0.23486519272011225,-0.8640589749334503,-0.24031311936570296,-0.32708553404439455,0.7790032488823733,0,8,No
990,20.434197415996156,7,50,1.5412966494140283,-1.539214480859047,-1.4213777432749946,-0.321560566631213,0.041230965258877435,5,2,No
3213,66.96352992014533,3,27,-0.9773628492986434,0.04914294859740627,0.049398981519900916,0.9075228339377199,2.0631797008929817,5,3,No
1760,35.531482246385806,1,3,-0.3131326443167842,-1.1320056227462443,1.2509651170851321,1.0386046095271007,-1.987376500973498,4,6,No
4580,70.87696778899466,22,25,1.438929607874197,-0.010562032308778668,0.2985928023518617,-0.011282485280819612,0.09915337871927259,4,4,No
327,6.875468208902123,17,49,1.131357152253318,-0.4202578977002351,0.555069720071345,0.4211790836642261,-0.5399391785927399,2,4,No
2609,75.72988008129843,23,40,0.9898574318794453,0.461532484257878,-0.6322455786784477,1.282933808528605,0.7421226826035108,3,1,No
1384,28.088183516073116,1,43,0.3320994781399878,-0.529343696373306,-0.27904236756343237,1.0156560625479392,-1.0918446169281573,2,7,No
1725,102.24324831999027,19,1,-0.7986771352176636,0.2388910580778623,-0.030250588477874818,1.1861390348772767,-0.9286188163548493,2,1,No
1087,8.181621351479698,11,32,-0.7370094638846911,-0.6821262698445731,0.5297428240598223,2.0303634410031015,0.8205715980149013,1,9,No
2524,5.471327685423342,23,46,0.8634199761497202,0.5308585534158851,-0.2753285540523256,0.5198834749920122,2.235484231528939,1,8,No
342,44.896809262641455,6,3,1.2354785974641467,-0.0409161617733923,0.0790998205458215,-0.440636154386397,0.4628668222549053,3,2,No
3702,13.578267617529136,14,10,-0.9943920707958522,1.2034180293342038,1.6377096089940597,-1.791511380311797,0.5821294945320687,5,6,No
148,28.766430900702865,17,27,-1.3035059860110014,0.6135855160113759,-1.3364100878519811,0.4986358672518455,0.08901225367902267,4,4,No
689,20.929497066363794,9,9,0.24190839501486613,-1.14725942324315,0.6224926232399093,-1.6411852302244163,-1.8299301623293818,0,5,No
3433,23.549472488087826,2,44,-0.5806685184947495,0.9200807810436091,0.9632168660961967,0.16586216533927917,0.07675998023628072,5,9,No
1108,14.960307765201778,16,32,0.12993112899499948,-0.7569122243044928,-0.33007356302781793,-1.8857973544835709,-0.3706499204837301,5,6,No
849,16.32561701317453,12,41,-0.10325363046091905,0.14052564685357408,2.218141394712126,0.008874771416961356,1.0939453535835113,0,1,No
967,25.640366567616308,9,48,-0.5406254885652224,-0.6526273270678512,1.9126846549535315,-1.916721607006629,0.27864706843077663,3,4,No
4728,11.499978937860492,20,35,-1.5719144929691675,0.9889678071505387,1.3449943390612946,-0.11589792536285594,0.8111008168394519,5,9,No
1493,17.769079629668774,15,33,-0.25232405659133683,-0.134081600136371,1.1698144514190927,-0.7771665891723032,0.632417722130904,2,5,No
3954,22.02700561233816,0,24,-1.9977138424801,1.106959380828232,-2.25433545021297,1.0159882206850328,0.09956659270840494,3,8,No
2204,60.63010685846407,9,9,0.10759845327296835,-0.25136046221523034,-0.7639359827068721,-1.8116835364114072,-0.6915089508917581,3,7,No
2714,10.58876087025981,1,57,-0.5787189499089014,2.255340013186467,-0.6351644527132432,0.2400592169169135,0.5712065031698962,0,4,No
662,32.53892853178919,7,46,1.0718527286548727,-0.05944396495488946,0.056048946295527126,0.5092649929249059,-0.6626495500597784,2,2,No
1003,21.87899259382707,11,31,0.6497188314056536,0.633952933209529,0.01975042305936161,0.15919013688671996,0.23203707568070275,1,1,No
63,38.968478085767295,15,6,0.3153420177865781,-1.0865350262342919,1.0188112432067427,-0.938544547309233,-0.6746482181823238,4,2,No
285,10.908794683314806,3,20,0.20920249248664097,1.4250793326254454,-1.168634885989372,-0.2886148787694938,1.4442503964023794,0,9,No
2225,11.026943138088132,8,3,-1.4433404427280552,-0.42735477156733853,-1.8436759943961023,-1.029639443148255,0.3171774663719027,3,9,No
4707,50.510774069533525,16,58,0.5180278856478975,-0.6957756819320363,0.5198006759887073,-0.2371999826998396,0.8320511721774977,4,2,No
1880,6.513751199391203,6,33,1.4697838550324989,0.690324897113818,-1.8990334264381703,-1.943120702796382,-0.8300578794980854,0,6,No
3573,47.620487545047105,4,44,-0.5752157624080152,-0.6481467148564317,-0.19272405647228807,-0.23144481705556852,0.12963998463591486,4,6,No
4858,31.80712944189202,8,28,1.5064797290725824,-1.2273020700424757,1.7380565425397494,-2.0039346406275023,0.9472414388155286,1,4,Yes
1204,29.892370881935964,23,10,0.17400498904095704,-1.0305574039231487,0.09525239744746067,0.7695943664067156,0.09649148255783252,3,7,No
1991,48.94636105091751,0,17,-1.4902865899118987,1.8655780310359804,-0.5519253764552517,2.0618382385011476,0.3988543514128821,1,2,No
25,21.577954701519257,17,19,1.0163232025406992,2.2317861454923915,0.7263965131989585,-0.09204253862102917,-0.4319593756539166,1,9,No
4853,694.1562515589983,5,30,0.37916367615230073,-1.532114121438015,0.7921724397484897,-1.1826403070538531,0.7440128215753757,1,2,Yes
4103,15.208829663943588,5,25,0.28779830310251087,-0.7718769921897619,-1.9019763921186892,0.9559568716241071,-0.6958944918246353,3,6,No
4168,11.890475073708831,1,14,-0.09485495905102329,-1.4376930721273014,0.25116658599345254,-0.01823427711111517,-0.8590725853305915,4,5,No
763,69.4088399570908,4,41,-0.261538511375743,0.1752058564044724,0.5840404092553264,-0.38396502593686194,-1.1349400338027669,4,2,No
876,4.671165253948851,23,13,1.0866948134347965,0.46540282731158683,0.7469086177168098,-0.4237234673649248,-1.2297953239663866,4,5,No
4743,29.821015001078802,15,7,-2.810792141051728,-2.423911792319986,0.13681756422597033,0.26618104363804085,-0.47732778346649357,3,4,No
939,84.79948459443636,3,11,1.2852236169217952,-0.010025851986780639,-0.41183950824813503,0.789294377944037,-0.7942043815996842,5,7,No
2688,26.05550283365899,1,24,-0.01863813351867247,-0.324689849220666,-1.2427738861199726,-0.7271304551819447,-1.5460357987209514,0,9,No
3601,87.20359807322494,1,55,-0.3402704314091949,-0.6113323730472958,-0.9207605125604467,0.5068571116919247,1.9614414367255613,1,4,No
2395,13.633584200933827,8,32,0.9598380054009069,1.3134918538469562,0.688977163945762,-0.860169862840881,-1.352172714324218,3,3,No
4568,39.60247877798875,14,9,-0.24480421634595914,1.9078467140058948,0.9362376401596408,1.347764725239012,-2.2420446647815004,3,7,No
4981,130.91780557669583,7,32,-0.2845866974236959,-1.4527044574754282,2.0549761523232943,-0.3287751699102694,-0.6066671966612858,0,3,Yes
4125,69.88470485512276,7,14,0.16409743180842784,-0.20192764367482416,1.023295960449515,1.057112112211438,-1.2142962697100588,5,7,No
4565,54.66416233240896,17,12,-1.0815606171165282,-1.2467405301663381,1.8011263022861765,2.0181540788756562,-0.7341717273338481,0,3,No
386,14.967238462543017,17,50,1.2338424608654335,1.0360779505747895,-0.605639751658333,0.02663418047623251,-1.2825446297039873,1,1,No
3878,45.58387368544362,15,12,0.8688997100233145,-0.40658025335750725,0.5175788540590545,1.0222268248278585,1.0290942410209682,5,6,No
4371,6.9956597911397695,6,1,0.2619485418918083,-0.6192906226800858,-0.3431517544786357,0.24407245352396614,0.04470323124419173,0,8,No
4570,51.72433402974894,11,19,-0.7068059855717972,-0.44723739660245165,1.0243353009241472,-1.7642589329784073,0.22728640055451244,2,4,No
537,19.321697406071657,16,21,2.289500615345755,0.3872760562645462,-0.3238870247205901,0.9561279147750558,0.7023027870213473,2,9,No
2292,103.69778632601214,0,46,1.2379467016632417,1.6241799523204246,-1.122052363884504,-0.6032381417632023,-1.495700709517121,5,1,No
4666,80.29325770888127,4,1,0.618805942645916,0.2803430736426541,-0.6383365612172829,-1.0114605137279529,-0.4023668652200795,0,8,No
3875,9.219216284026146,15,41,1.2711526012530427,1.7535900415141208,1.87397219999096,0.35751352549802157,-0.4615676483544236,3,9,No
937,10.476508770588016,13,1,-0.038755010022321526,1.8422497564744964,0.7884485502923761,-0.5954822864430015,0.7290602191903756,0,5,No
3738,155.15885733566554,12,42,0.4462785885648339,-1.3575436031951795,-3.241672817878376,-1.3262345859312439,0.5949346183951217,3,2,No
4729,45.82600196473914,8,26,0.08195464095801824,-1.73526720763605,-1.5294881941306515,0.15795174640749018,-0.6056815786376138,3,2,No
2361,159.1740861942062,21,1,0.201900088256738,-0.15742281028525582,1.4877149407963515,0.1362145398678148,-0.104796265119467,4,1,No
3508,51.81683156095258,20,58,-1.001729924926869,-2.344187087717185,0.594149926513018,0.4743005091753844,0.0792174519537196,3,7,No
202,135.29828523719902,10,51,0.3853159514734912,-0.010016895116299348,1.9143254086037818,-0.2532287026174467,1.168003385326591,0,2,No
3209,91.9167081704494,10,2,0.6824984315967533,-0.0708434856830502,-0.8773241951342412,0.06612847552784863,1.3417645678095353,1,1,No
1333,79.56255790273592,4,55,0.22805149702524258,-1.425863287831288,1.3642829537022556,-0.46845373575239274,1.6218069283088166,4,9,No
3017,17.62006664530635,20,46,1.3595335585507669,-2.0286577615465737,1.086294730399866,-0.25486553735201345,-1.8090028344144273,3,3,No
3503,62.542313161991565,13,50,1.1894071423900159,1.8536888565143366,-1.6959492874086513,1.082700556837103,0.2252166150695458,3,5,No
2709,44.80224359826877,14,4,-0.44414417420693725,-1.139342863562576,0.9068481504147976,1.504928317812964,-1.091881083759697,5,6,No
4022,47.551481472503866,15,44,-0.8233383932521416,-1.1287427642723622,-1.2406310883307852,0.41365217867655013,-0.2643166020683257,3,4,No
1855,53.256936943691656,16,35,1.2916370135332556,-0.40075158249206044,-1.8937007441190368,-0.22405651450483732,0.48027334824570583,1,6,No
4470,14.628787723953529,7,11,0.2827852021624104,1.0136995777295208,-0.06981912544241038,1.3763845846243552,-0.24875676920769937,1,1,No
2873,11.31788559984247,3,23,0.37031079375770487,0.45061252454172385,0.7404995114285353,-1.9078245768066273,-1.127223371349994,4,8,No
3031,29.969057103966747,14,31,0.05163349006142644,1.5251508973509413,-0.674034167948312,0.926549439829587,0.4571251789523028,5,3,No
1206,16.87422885571784,2,3,1.0643701624194226,-0.6587001661757365,2.6292371178912264,0.19634896406205754,-2.192769042508541,0,7,No
1646,34.93390727170727,3,45,-0.827459855563421,0.10496304895186157,-0.5049045629517913,0.046594167106034326,1.098127467403435,3,8,No
3418,85.15012444098959,19,59,-0.7876808018130168,0.7984331424617431,-0.22682975236570238,-1.048260243557517,0.1618194686026173,1,1,No
3477,3.905943642548576,11,37,0.14567619317600256,1.1914026971815728,0.8673542931617787,1.4863562532722312,-0.672716445581102,4,1,No
2862,62.35652535817604,20,33,-1.8702547092352513,-0.18795598822445234,0.9712848587097637,0.4496974413977428,0.24203300738003705,1,1,No
1793,43.54706896632078,5,28,-0.42436986434765633,0.6096865427839615,1.026986849421954,0.02400061296548023,0.05899479065320935,2,4,No
3798,11.52554895068545,0,12,0.48891663541770936,0.013353032704086863,0.12489552988312355,-0.36231880202337674,-0.9530303395596177,2,1,No
3369,44.8400576977444,7,24,-0.2507605008574842,-0.42907509632434643,0.7250058466395507,-0.21682743459836076,0.09932696059857436,5,2,No
3368,24.949073097671178,15,48,0.3941902562441439,-2.2292269944610985,-0.11398795885256933,0.3867512824095934,0.4772325426010965,5,8,No
3534,47.08388371530202,6,6,0.21261669331475416,1.004099941609387,-2.4233086184977957,-1.7581507104687844,1.2926726244807154,3,6,No
3450,31.888484767644634,7,40,1.0300085757656792,-0.37786346834502943,-0.6489351563696003,-1.9962570359473717,-0.9949014358070649,0,3,No
604,17.67961822845328,4,39,-0.6230338949177128,-0.26857791775539397,0.8764050247371578,-0.544102181614012,-1.9654257515356857,4,5,No
3057,21.291505829411953,9,52,1.4045265377622633,0.1617454329666036,0.2576650999047694,-0.40024852714514314,-0.4656434766159591,5,8,No
4532,44.26230124636183,11,43,-0.2658677603112777,0.09962157868567988,1.9215570746170842,-0.07005456946833895,-1.3318650576054856,5,9,No
127,143.06554633474664,23,9,-0.647047639408727,1.281230563762572,1.1582226687959571,1.132051367210679,-0.36219113405498116,4,2,No
3877,10.770619580851156,4,5,0.08305676139963457,-0.20815442374982535,0.5192892810931562,0.013072700444952321,0.47388526124202135,5,2,No
2936,2.1392747670845393,9,55,-0.05218227019258244,-0.6237388964770473,-0.08235875324045575,1.6534632279233175,0.27306620254692326,2,6,No
3532,27.474048417270485,22,10,1.140016987305268,-0.9595033893998389,-0.8170218474664793,0.6595479624499588,1.4123919752164193,0,7,No
2731,10.28195068649323,22,13,-0.0013247317267035285,0.9431091033115159,-0.9483437679172113,-0.5352212038343268,-0.34003602599335087,0,5,No
828,29.441026022904865,4,48,-0.33688092339515835,0.036201970662628064,-1.0938125066902094,-1.3444970242571812,-1.4989723460483098,2,8,No
1640,27.01029633025129,0,9,0.3641308968735852,0.6604852240267834,-1.5940750739708296,0.3756809225228319,0.6525547024135345,1,3,No
985,48.15314494590402,12,42,0.7961728589883474,1.0740370879876142,-0.8196131598597145,1.4515873718459888,0.9468532535151475,0,6,No
3282,71.42184432604658,15,6,-0.25977696344605955,1.7256720545602533,-1.017933588012447,-1.5596407016407507,-0.4796654842457585,0,7,No
4972,13.124295252843195,18,23,0.935068667188577,-1.5805282447088387,1.0688506496748171,-1.2377046589120908,0.3556180904779369,0,4,Yes
2189,247.38012281273456,4,17,0.9921043229151046,0.4728447798590435,1.2584715640140411,0.25975638693745856,-0.23356027201029736,4,9,No
4613,21.700103175092597,20,41,-0.4234242191202661,2.388931859469875,0.7668313472496889,-0.8535794116265557,0.8221910981043282,5,1,No
2444,69.38651278919494,19,12,0.8945926060417757,-1.6301682090820182,-0.09840994373344757,-0.03423681724311631,0.480467097003245,1,8,No
363,90.00131190176413,16,49,0.9700585902076034,-1.2136027781391423,0.30097927443815886,0.15829703721791577,0.96045507747167,5,6,No
2350,70.06735652066573,0,56,0.7883796935040357,0.2028456983794867,-1.1211597103339774,0.8947128397780704,1.2572322001968785,3,8,No
346,4.207050141793785,22,58,-0.10812083821692123,-0.7451308172306892,0.3819630334848083,-1.3423543374662013,0.014701825279437203,3,2,No
815,17.67115971914892,18,48,1.397010385044599,0.534487954827583,1.9280728302178118,0.5026891340572774,0.30221346357999473,5,9,No
3206,23.503641041629788,8,36,0.5347974688457142,-1.0183281145670218,0.5948443845406568,0.8956390450064181,0.9197421761773324,0,4,No
4161,8.74389060509735,5,0,0.4704217044429879,-0.3210779079774146,-1.2083079189211956,0.6723710196709654,0.5486191775086652,0,8,No
4796,24.21989471726685,20,20,-0.579182353003445,-0.15411452966004202,1.5454320870708445,2.176632487287428,1.6286958162205742,2,1,Yes
3326,43.98752192899575,2,56,-0.4711862625069426,-0.31029484256448153,-1.1324991864515221,-1.2802621910464476,1.8441499719227585,1,4,No
4107,2.948762872986529,13,4,-0.05815324485273307,-0.7976401227997799,-2.141726321770312,-2.5693053802671324,0.12315915874903947,5,7,No
2117,35.25820623780214,5,18,1.1360572262676651,0.1299539566675541,-0.20251712890189022,0.6986604956523964,0.6614492386457271,5,1,No
1835,59.066364500819176,23,18,-0.07540582800391739,0.4869304410933395,0.14182791845640558,-0.2893322870616215,1.528758169376282,0,5,No
794,48.972781291884765,17,29,-0.5461924511472189,0.4944415492128766,0.4992006591385695,-0.8156314336465517,-1.569438894054258,5,8,No
4947,327.936034010827,2,48,-0.7762815177051015,-0.13940389458228042,0.42223653492212554,-1.2696207933584136,0.30009317652551226,1,4,Yes
2675,26.05951197552679,23,45,1.7382953518084499,0.6623794679114026,2.107815578330291,-0.43899036986451573,0.7837206431282451,3,3,No
95,6.126756960813054,2,41,-0.17252198598398413,-1.9498011756530316,-0.3322621562870741,0.007384974130325764,0.16874759522818958,3,9,No
3757,27.14433576084862,23,49,0.9739033630732511,-0.6391774699553207,-0.5796933154921361,-0.7833852750993312,1.9066187707246574,4,4,No
2892,50.481999637052716,7,31,1.1835599230758214,1.4215460579259485,-1.0893414176762264,0.7868042603802599,0.0845008778751851,3,5,No
2372,26.090301337876166,21,1,-0.07277333388596144,-0.18919441984225716,-1.4801345297253927,1.4053961679571554,0.6623300571835197,0,7,No
4150,5.851505364185076,21,57,0.27828867384120826,-0.4285464890314375,-0.19475846606289407,-0.6738460173635946,-0.9528499471404925,3,2,No
4433,56.194983614348615,16,31,0.2606136474595177,-0.4962530338282818,-1.156009298929351,0.4615904770373311,0.2365356939214955,1,3,No
3229,61.28807493362093,15,33,-0.4238513297366296,0.5917936599916467,0.32884205246548087,-0.032858811003856736,1.1482247026050325,2,8,No
2854,42.24132116124789,10,22,-1.1590275532607888,-2.0019624004109335,-0.15019462452352697,0.8155637206624808,-0.5807768951997203,4,7,No
2913,33.078392610619744,1,53,1.3973586138984084,0.13048869973405622,-1.1812704556719156,-1.0309039031989309,-0.37705114920949107,2,7,No
1866,38.75395609785835,8,54,-0.8528469125007474,-1.6960795310323826,-0.6612411185582238,1.8725477782238211,-0.17346669741771467,5,2,No
1858,94.04217931278437,21,11,0.38787413116374564,-0.4930144957171996,0.2066966990397588,0.4307670792802269,1.7781097393755487,3,2,No
2646,28.32029033901136,0,29,-0.9051211921136186,-0.3958534361886095,-0.8608270507861857,1.466968497977134,0.6344759382673829,4,8,No
2244,84.99510111598185,8,52,-0.32003268854583433,1.4191303675543003,-0.3251272494443485,-0.016269663269797518,-0.13874734750172824,4,9,No
2337,527.1240406152065,2,25,-0.7035015624511176,-0.006369747335058674,0.4630868161622686,-1.415156939485918,-0.4489259275676643,3,5,No
951,5.909354433814646,21,47,-0.670730906017404,-0.6204262062534526,-1.4052714472253607,-0.5042100953003512,-1.0813064563962387,2,6,No
3069,264.20130350546066,20,34,1.5759730544406805,-0.01046177906983961,0.33152131582290795,-2.6387282551601836,1.1158226965743765,0,7,No
1121,51.9518474007481,10,41,1.4740077301223429,-0.07665291984680452,0.15905749805409206,-0.5425238799243368,-0.45270247929918994,3,2,No
2598,44.11902601354116,19,12,-0.2628652144820228,-1.027603157722529,-1.4570306026115392,0.9256884324602483,-1.1365664917078266,1,6,No
2205,97.59792226762201,1,12,2.264695928598053,-0.05079167799560296,-1.404756540299123,0.7380441057123723,-0.9810764913178983,1,7,No
420,128.19927504166833,10,44,-2.5364300049480053,0.5953868539788023,-0.2618271931357455,-0.162150420975282,-1.6914440977018532,1,6,No
923,37.30867454454157,12,12,-1.0614298993894336,1.057708703864615,0.08388434784458265,-1.6815678023634413,0.35211206671516615,5,5,No
1255,16.032348749325163,19,18,0.6802540043027369,-0.8463558648348002,-0.5320481369344054,0.21550119980196858,1.2623113126282814,5,5,No
478,10.570443674231823,18,30,-1.2942799496263389,0.12238232360481602,0.9269504179706196,-0.8069654280226208,-0.607167086144011,5,5,No
2036,69.18862918043145,8,59,1.0525610872560116,0.3880098898307735,-1.2031111971400128,1.4942942105249304,-0.26226113901948783,3,2,No
1203,50.41187233173841,5,32,-0.23884873619415106,-1.208741704760657,0.18570803754763732,-0.24644773991810232,2.221992289184527,0,3,No
2627,128.13361383211821,1,1,1.0680074772301238,-0.2609215412202451,0.9774280623608238,0.5452267185212277,0.8276728425567058,4,4,No
4819,130.02360519093548,20,59,1.7440938992641373,-1.9251388533917253,-0.5580237786897317,-0.3131862739333775,1.8678532922640452,1,3,Yes
1971,26.158279502832343,12,56,0.14312608379091765,-0.5890262359910857,0.8330599476100415,0.03877133035603234,0.8390098153007263,3,8,No
3111,41.893050046225945,7,36,0.31020595051186867,0.8814547611838727,-0.4192219442049485,1.2110145228246147,-0.9499173990791543,2,3,No
4019,24.023203111557308,9,35,1.0585999187264579,-0.6231325976056798,0.5326178243018383,-0.9400284851529979,-0.19381339203082212,1,7,No
2152,68.81986288121414,4,51,2.3086545167267882,-0.11024098143654597,0.5198571735005325,0.005199805047380755,-0.34859948840839855,4,4,No
3688,50.778906507347635,19,24,-1.6411240062531611,0.022759236465739074,2.84968068493783,-1.5038634123887549,0.15683560762429954,3,7,No
1998,30.218671066559125,3,43,-0.22493437716977951,-0.692425551419969,0.09758224092846901,0.3099231745993484,-0.3411254938103623,0,8,No
4034,60.03648484565355,4,25,1.9108888805514423,0.010944773766955247,-1.1447756099941109,1.0024274260569954,-0.4788722017984357,0,6,No
3055,21.090540928949153,3,47,0.9821228248537509,0.03258267984302296,0.973080428965212,-0.42368221140226997,-2.0498641409887517,4,7,No
1249,27.89466605662034,9,52,-0.5127130561344487,-0.7119807581846821,0.10020803731607193,-0.16551372896983654,1.19973738564273,3,8,No
2193,12.192915772154775,13,15,-1.6610402580376213,-0.8529792879921535,0.45972070204276977,-0.32989774250221926,0.6144329606007793,0,4,No
2713,30.729745012518077,5,52,-0.12625847068872154,0.08774870839959223,0.08254517025209614,-0.07704166322141158,-0.38777291541602826,3,5,No
993,199.21209368950917,1,53,-0.5019054959014345,0.06968937906109032,1.1036866709514928,-0.8040275211280911,1.0896648122369366,0,6,No
2191,68.44964472569994,8,39,-1.5353063021612068,-0.719667077020741,-0.4335988017356828,1.2017247703113458,-0.5335150599859272,0,5,No
3763,44.837654244597445,19,8,1.018575658528367,0.9821838001750677,-0.3183911168373429,-1.6822279128143822,-1.2831490342543834,0,5,No
3598,18.706369589838662,9,20,-2.4699812446369505,-1.68577290933153,-0.017818135501191584,-0.5868032700067569,-1.236671731958097,0,5,No
1319,7.5003112589358745,4,37,-0.2171759946641017,-0.10750284533086794,0.8392309407882321,0.021306557810573525,-0.21499177018933932,2,9,No
1864,92.21278988249271,9,36,-0.22866038317331258,-0.7751207236137811,-0.8804121395262857,1.6956870090748706,-1.533354771877413,0,1,No
2344,27.42387178154384,3,56,-0.5047894355822636,-2.0050776362118348,-0.23651865183432527,-1.0644060312583128,0.49633198118254557,3,2,No
2450,75.12130214227695,8,16,-0.38095747800739044,1.2752445270824715,-0.539229958429416,0.6677901798734956,1.382812003385717,4,6,No
2137,42.47577487164008,20,16,-1.6232681884604083,-0.20471300513749557,0.753413441171479,0.6019898056649623,-0.2932677378278677,1,2,No
1066,31.17910483408618,5,56,0.6080154356128565,0.11175469744145972,-0.09782643203609806,-0.02269952993722577,0.204552428086255,5,5,No
4961,31.09814409758922,18,54,-0.0065042792952034745,-0.5560256136932047,1.3912745430214137,0.9165878409090229,1.6205979937097434,3,3,Yes
2622,16.725060083006838,2,24,-0.13687369214197828,-0.33304779270025175,0.3632986138605778,-0.9719378301428497,-0.7895374609239515,5,4,No
78,38.80463472135283,16,49,-0.894283021882052,-2.2099444596162092,0.564742258490407,-1.2122100237467663,0.1325697098956523,3,9,No
2899,13.974021244639033,10,16,0.9708189619889586,-0.4185928325751819,-0.39631460366720794,-0.3920665271741145,1.0815088953291279,2,3,No
1315,58.29174097993607,13,27,0.5870140051543722,-0.5072702388090342,-0.5930522922430583,-0.18297348376045655,-0.5520056528140176,1,8,No
4373,10.630180124256983,14,6,0.4597676950576793,0.46794574293884994,2.0825765201900213,0.7424154006604582,0.7592792989687467,5,8,No
873,68.32547456264433,4,41,-1.4544615344029694,0.42988157316148295,-1.0752641014608617,-0.06253919575474984,3.0298383888721423,3,2,No
3851,59.806031341879226,18,51,0.7864879091783632,0.39835736960423607,0.1468130867345109,-0.47299413021175146,1.188616945055597,2,7,No
4788,67.6060630209406,14,57,1.6780107812128362,0.8557751748827913,0.16445180935146653,-0.969322309952907,0.2199342369775243,2,3,Yes
2966,6.686233197824768,14,15,1.0840470499303452,-0.8986400523919903,-0.7152760786981217,-0.8796242873790703,0.15338059690605266,5,2,No
3392,5.890808877479705,20,48,-0.5257044954204685,1.5139895498360523,-1.681827384402176,0.034402720811446956,-0.4059579185913146,0,6,No
2561,47.415844293979575,9,40,-0.3951763214792695,0.2985217613487433,1.244621006793318,-2.22039688644412,0.6230021213018256,2,7,No
4897,135.21155896993417,21,50,0.001153462477691658,-0.21544883887908867,2.1277769693821202,-1.529910853830097,0.2383402468117205,0,4,Yes
2636,110.76657158667904,16,42,-0.9945853921309115,-0.6441599353622527,-0.21226024900341672,0.6939715057754653,-0.3264806735752573,4,7,No
3531,157.77761367594096,6,19,1.2674941456650997,-0.5313201294400655,0.12799926095257327,0.4113808269688882,-1.6168763229347647,1,1,No
376,339.56082801002805,16,32,-1.4821704988805215,0.8514881269138698,-0.007099761909142564,-0.5421852684093387,0.746676303908931,5,6,No
1909,20.70061668764585,21,56,0.32463266249308653,1.2630383091265882,-0.5683142343850899,-0.6097758813206436,1.037878228902577,2,9,No
4333,152.71307199546573,22,4,-1.3283964828831105,-1.5795615705197108,-2.2774756018260125,1.2705275263824707,1.0382189574222174,2,2,No
4380,8.807624721158975,13,56,-0.05781596334284114,-0.7822750809531416,-1.6792150907894845,0.4530579332395031,0.033130278033810745,0,6,No
4028,62.47151182880883,22,16,-1.458136778906071,-0.29530544577545076,0.680320521033843,0.4533010330879061,1.5891194202104135,5,6,No
1605,24.231284793847152,20,24,-0.14837498159026113,-0.44147238325278276,1.8971009488956259,-2.3304759565474984,-1.8733042973073608,2,9,No
1119,47.088766613562726,17,46,2.011925362936854,1.470924452505308,-0.5052673837115664,0.7219027838711753,-0.5939551477478877,4,6,No
3678,60.99799721764496,13,17,0.16087006016667765,0.6888980599656469,0.14366348244046814,1.0996168722418445,-1.0526735155892195,5,4,No
3491,9.851578606283164,17,34,-0.47803868230423474,-0.045718114678612205,-0.14718020683910382,-1.791183150717329,-0.967604546336397,0,1,No
4865,24.509732279350676,1,46,2.0067694365646336,-0.516767581152152,0.5992585748746134,-2.2986522757493395,-0.7341488797920463,0,1,Yes
2959,39.819896808181134,18,6,-0.8827804411640898,1.4687518989470283,-1.1218817465689122,-0.4340587158095934,-0.3202434978198473,4,5,No
1995,36.15689404569237,15,49,-0.5702833418123653,-0.03968143828660047,0.5736700329760898,0.8377449040461442,-0.07747721454355075,5,2,No
4956,716.7864057984743,9,42,0.26037525346385104,0.6517961495996438,-0.11213213480363038,-0.8945777240416162,1.7969214900495056,0,4,Yes
4356,15.631718129372006,22,31,1.7038147826196066,0.8043442517467834,-1.4620208488761948,-0.5311027350228276,1.5409567313601042,0,3,No
2377,54.84135966323953,9,3,-0.3929966050421272,0.9028484364194213,-0.2483871835647762,0.4613683159170215,2.3901359098825514,4,3,No
1343,51.36674760677611,7,27,0.8190300900590537,0.8710031765812385,-0.7131445010457679,-0.701300224181893,0.04530682348474259,5,6,No
321,72.41042946620964,4,46,0.6507394276572277,-0.06554654178296233,0.5768853105986501,-0.18291079018770778,-0.7871176352071059,4,1,No
1620,15.484041476515136,5,29,-0.5125851305276068,-0.3509649215689761,-1.2119009746737657,-1.182150807954398,0.9740340688897365,4,8,No
3714,35.895350537639146,1,28,-0.3058189095149944,-0.3142155182991387,-1.050688262620888,0.25436233453691187,1.377919395197816,4,3,No
2061,7.791204144297232,10,42,0.8834424010104657,0.10136672470890502,-1.6482767488700723,1.3644758516464996,0.31025372726349426,4,9,No
2220,7.496513132500956,19,23,-0.7136934718506799,-0.9640399246508281,-0.23857516342326593,0.4699964857392591,-0.32998298442134943,3,6,No
1674,51.936440527676424,0,15,1.3863099451817955,1.5651133475640908,0.5125586934746691,-0.7752576597574965,-0.5502704310217322,2,4,No
261,26.097153733490853,7,33,-0.12318029575890527,0.6115793650208063,0.6710124272110006,-0.452440339512717,1.091906435761852,3,9,No
4418,45.21411638356514,8,26,1.540693362375532,-0.6826917252204723,0.800703114590455,0.702204403315143,-0.9850782835302282,4,5,No
2040,44.4601304468241,22,43,2.3556898387421086,0.8626132190088737,-0.6448433076577283,0.23701479612274823,0.48078018310931514,3,7,No
902,36.691795849173396,0,47,-0.5062293279069283,0.26485950905612243,0.22575734308475232,1.1576751602807274,-0.1337440823061335,1,1,No
3745,544.4070506027194,10,15,-0.579545248905348,0.041674142271552195,1.2835690915661258,-1.0618528189377991,0.8625274128373749,5,1,No
2027,58.27384581025027,3,17,-0.6264510243605412,-0.8086953154054325,-0.3382457837825317,1.090660885332474,1.1814013025187393,3,6,No
1918,92.32805356314927,1,53,1.1471379815788132,2.0341506600580805,-1.0936654819332468,0.7694844035466659,1.3049645661627276,5,5,No
1829,13.789260654723169,10,19,-0.12479785765439863,-1.2750176995541036,0.40690077169990907,1.0490820361682638,-0.7100436448383542,1,3,No
1574,32.68973884587313,15,35,-0.7725255877786001,-0.9033818751704199,0.33465237796530783,-0.4255071941976285,-1.4330910068036626,5,6,No
4395,10.361528643419742,0,8,-0.054742981984318144,-1.452290329775858,2.1991238053449407,-0.04251659078536873,1.6455904669324242,4,6,No
4209,101.71024341239905,1,46,-1.9669536769666915,-1.2327821283521527,-1.6475038291177622,0.11542925964393813,2.162179278269843,1,1,No
225,36.251827057902425,20,23,-0.12607553636990937,-0.6576861087924688,0.06446892610267248,0.6281492777578134,-0.23626644503100197,1,1,No
724,7.413934796886058,2,53,0.4179591050427642,-0.008698370008834274,-0.5458835838028594,1.2485657807574058,-0.53925748162082,0,1,No
4486,17.443796500039767,10,53,0.23985002251716167,-0.6192200259510887,-0.1306817693387231,0.5250486664400338,0.8848023691041429,2,2,No
1142,3.2556412903139997,15,7,-1.196127732156756,-2.004143883513601,-0.15921038743943566,0.5726085621732409,0.591857319729954,0,9,No
2763,19.423437866697462,23,1,-2.2389372329339685,1.1477327921456575,0.4002646550603094,-0.03307636500909545,-1.980371848235987,0,5,No
847,795.4067979898733,5,55,1.5810486838718745,0.43176100785028515,-1.1772171132734226,-0.47129437903039967,1.5561042383855315,0,3,No
2552,29.718408293737173,12,57,0.09564146659734256,0.9830405206078427,1.2798423103458394,0.20855928185472122,0.3842962366132518,0,2,No
2929,8.581241345045461,12,24,-0.8495035720708591,1.108648119944049,1.9369906566882775,0.029225321895288127,1.8106049431441273,2,3,No
118,33.84706012536218,19,2,0.2725526229714672,-0.2690304842606603,0.43846362477666,0.3416908859581642,-0.3826602608642019,1,3,No
646,28.731577682351713,20,27,-0.6720169285661368,-0.2681036930243923,-1.3033666099160157,-0.3883571089511976,2.574023625273372,1,9,No
4,84.82282899305986,13,19,1.093534588216267,-0.40062891977001125,-1.0433501836173147,-0.4263015880138014,-2.624166777501417,3,9,No
4171,95.72875948657222,11,46,1.2016614990549126,0.3096438081906756,2.3400089084654048,-0.188888008504289,1.046301865705618,3,9,No
468,229.80500900860565,0,19,0.39888180594806727,1.4716733006708778,0.15241546155875524,-0.4116684124769942,0.22434045544277556,1,1,No
6,9.00536484055103,10,19,-1.4712440349069051,0.713047565204533,-0.7711627620999453,-1.6514018324229363,-1.1241405181643607,3,2,No
920,5.0490573981113815,5,33,1.1700709903865816,-0.8046114563319774,0.9756765139022048,-0.43028472181494387,0.14143731921915112,2,9,No
2596,14.545737231626088,15,15,1.3860744288829663,1.2094423599364288,-0.02889140565462234,-0.8990040764132963,0.9238891053320395,0,6,No
1064,102.743395319279,19,13,-0.7055155720327482,-1.8379746392092586,0.7146278895895543,-0.7718335526467314,-0.27369224177536355,0,2,No
2591,14.392934241155913,4,8,0.6210645845728948,-1.35215013370115,1.5468548439766319,0.9013774354094372,-0.0810626927646424,3,2,No
243,5.710300268104545,14,13,-0.39779540582557266,0.548087704082142,1.7727899230910438,0.5799338417292843,-1.518365147539991,3,7,No
1161,10.103981697403032,19,12,-0.7947588117029813,-0.24139746046668173,1.8706392568459225,-0.06331377010258965,-1.144403536143439,3,2,No
2871,5.240686926273309,3,45,-0.4243849816516148,-0.6438118642490992,0.45054040759676534,-0.8781684089460169,-0.3498049642806596,4,6,No
3736,21.19562379600565,2,22,-1.0704836238451765,-1.7043874172568343,-0.5253193731584994,0.12399764195169172,-0.10672825674646987,2,8,No
2398,27.569289214228636,17,21,-0.5243348685996414,-1.168469658855036,0.2778150822312614,-0.49281738971727795,-0.4183066637026055,2,1,No
3518,31.184081374119998,8,9,0.5546609033192447,0.9795792578182033,-0.2952398110881211,-0.19132893964187367,-1.4992457889776019,3,8,No
3422,29.50810599796069,9,59,-1.3635944295890177,-0.04991768630404784,-1.7138719055978027,-0.41042221034142284,0.26276936396272355,1,6,No
2564,178.1068382886996,3,0,1.3603929215566573,-0.42968834141871515,-0.11629470319879494,-0.9931541964265714,0.126590357069789,0,4,No
1606,128.78200560407254,9,55,-1.4369843501669224,-1.0546109511637682,-0.9244057968617817,0.8923365371309138,1.212410431064439,3,3,No
4829,291.90309940879433,2,29,1.9736613539111094,-0.9670590988450947,1.6442469731862208,-1.4074698691789518,0.7137699080516422,1,4,Yes
2325,3.054485900261859,23,7,0.42479863066604534,-0.023530623537210665,-1.2000328302261225,-2.701163913485515,1.2818424820357261,1,6,No
2710,29.566619404765312,8,2,0.8833786920007626,0.24664573482838334,3.3274722864299457,-0.3014334853105098,1.5372923369751301,1,5,No
4399,12.012296183459046,7,23,-2.539733171096944,-0.4574276729451512,1.243953509563246,-0.5118199551739154,-1.092510334774032,3,8,No
1313,16.859023754733375,23,39,0.05066654017957831,0.4021989159965318,-0.5500691093138412,-0.0955321090036399,-0.5836103398832501,3,3,No
3449,19.33082369713128,21,47,1.231274159613204,-0.994561022044537,-1.6120653989685307,1.3944348071696824,0.08051888414133908,5,6,No
3813,19.553353456297444,22,40,1.0530802197635976,1.3674678506273976,0.2850964908938784,1.2291308519186923,-1.361260295329189,1,2,No
4656,30.452785825645645,14,31,-2.117820469365225,1.952967599748431,-0.20371962994842835,0.2014158167540637,-0.624591008755058,2,6,No
2363,23.283267395384556,15,55,0.40508167110485566,-0.22581170155035063,-0.5909935914277588,-0.8616720257369026,-0.12998506576253574,0,7,No
1976,71.51140110880196,19,45,-1.4330459872638408,1.7193651133662835,1.036341887367967,0.7519515707043267,-2.2747307170906392,2,8,No
3515,47.311636985795644,18,28,0.35809104640766465,1.1824130651008447,-0.9830219390269316,3.305498067237659,-0.6627562966884569,5,6,No
1762,15.2167085715811,7,12,0.8781589390245036,1.3420303457444767,-0.814644860838048,-0.2697799647387298,-0.5572658883854549,2,6,No
2740,133.22919569320223,0,18,-1.7814261137368408,-0.9259820257583495,-1.9056791456563793,1.021189493801152,-0.16020473987501962,3,8,No
4845,63.45358533778148,11,0,2.9025613938808235,-0.36673902570053185,-0.11838945744869811,-1.0340440779881692,0.7211400940530436,0,1,Yes
2473,45.95885179434819,12,33,-0.43340192562702723,2.0744864137579895,0.17970531130936,2.128076137201181,-0.4201275549023192,1,1,No
4008,52.968464100382405,10,12,0.4591969531624545,1.0623031903444877,-0.17649064676417128,0.9494629299601434,-0.49108277521316973,1,3,No
1494,11.339573338696937,1,41,-0.3911352507696586,-0.2415491748556903,0.8201336575112773,0.7480248076824996,-0.16542798540458478,3,3,No
4207,33.409667583121575,21,24,-1.436294897317518,1.0998474531673024,-0.9100506506190228,-1.4103155855060505,-0.5956818560191317,0,1,No
2159,65.20165435094084,0,39,0.8133474349467968,0.7952230468450979,1.538319636632596,-0.04920946293737541,0.5301579094915613,0,9,No
1170,23.021227146022753,0,50,0.3897729598726991,-0.3649936867187107,-1.0589409410746784,-0.017055823890483924,0.05209345123512439,2,1,No
4517,74.37482332387043,4,31,1.1193560419486799,0.10033746576937062,1.097674626123744,1.1994103543953505,0.7164507808288902,1,3,No
233,45.40421778976417,19,23,-0.6284376011821333,-2.4999307240823962,-1.0816997176829206,-0.06104798571090735,0.06388422550333159,3,6,No
67,23.36583535104716,9,25,0.8992310718111097,0.5581170119496541,-0.16112351745637007,-1.063148710155423,-0.14007544122496063,4,9,No
1604,7.990364279413022,1,2,-0.6409254095126383,0.2832297772433627,1.0442134732144202,0.5136449558123697,0.7503722402808238,0,2,No
3284,122.06011839816004,16,33,-1.2732432236470463,-0.8793469191581964,-0.24551389015927633,0.9913282184334611,-1.298053012738161,3,2,No
3597,21.594648269071985,19,56,-0.04739745079128287,-1.3463657307595698,-0.715355921485603,-0.2441913513310854,-0.4218853539143755,2,6,No
126,47.31706719914915,2,51,0.17723014526811154,2.4478027535929074,0.17752122551705124,0.022480296153736364,-1.2793900879214963,4,1,No
1297,6.850904400501883,6,0,-0.006572247971360915,0.255861365690068,-0.6579218009832918,0.7649783711048204,0.44117640908112865,3,2,No
1977,4.986971635011642,6,40,0.6828154383005985,-0.4510308135457962,-0.231710216453519,0.6194129389547033,-0.7735783670886788,5,5,No
4518,28.230059006800897,9,13,0.7522553123968237,0.8934604037246472,0.15839014047222033,-0.3122911290400434,0.19138878012921687,5,4,No
4482,31.755955697070313,9,34,1.0954473645869702,-0.7377630176965518,-0.4590172842805163,-0.6644099638900682,1.2298818462402767,2,5,No
2076,9.15106223028736,18,17,0.1820970961865688,0.5722871836498988,0.04705294782287555,0.4802433341567212,-0.8629510169238006,5,7,No
3087,10.363257739964302,1,6,-0.3569341628434746,-0.1982713727109414,-0.5263664510704211,-0.6079740066655511,-0.4921208147483594,2,7,No
4346,47.392290906324,4,1,0.08771152283539381,-1.3889660989063581,-1.3583902344493248,-1.1760064750858763,0.5460581563942406,5,2,No
3346,26.24912776861341,10,37,0.1543587983684132,-0.024880562135931938,0.32026826467315983,0.39836740832480727,0.9221177594810547,3,7,No
4465,88.7811229395843,8,4,0.5314754975299784,0.5798366218536198,0.21179778831928683,0.03087349885571783,0.13719918326664163,5,9,No
2798,25.597093274913124,11,38,2.0258125232364974,0.565786642407897,-1.3328642428947526,0.7072161673989564,-0.7588866078976103,0,6,No
919,129.46734822457745,8,34,1.497743878133629,-0.8566620549615891,0.5034080558164551,1.0366385845910118,0.4501939723114331,5,6,No
1647,29.395193149825605,12,29,-0.07252359178774072,0.4118392739059206,-0.7527500902418349,1.142211549541648,-0.12562646945066996,0,4,No
365,29.22401987780454,8,46,-0.5249325147546792,1.4897222522103726,-0.45987781573702197,0.4208790196723695,0.5946362250040785,1,8,No
3288,96.85914713344607,22,56,2.7969175621793174,0.7753879530249121,1.392104043657002,0.6084165385236938,0.20544338430282574,3,6,No
2126,40.17245572508568,19,37,1.3688815309003928,-0.8558783527822338,-0.9620616975696591,0.23653807820701683,0.7175304970758656,3,4,No
4124,47.30957181771556,13,13,1.154576598907667,0.2323089057207486,-0.10343277594819718,-0.6872446400353684,2.58942660660388,4,8,No
526,21.27354513011644,4,8,-0.13110285595529653,0.556177755731012,-0.4563924298255985,-0.2688519713436714,-0.10011951693658637,0,9,No
56,17.481132417811097,2,28,1.5275320647572548,1.14599030831256,-1.2518522121799116,-0.2640759699918621,-0.9306035546895123,2,2,No
639,59.119519110211556,0,30,-1.1599894396932418,-1.2981590116406168,-0.874428409077624,-0.9705232176642551,-0.4142570241548305,3,7,No
303,78.55727791582022,21,14,-1.3089244768534851,-0.04513738051284493,-0.1706941462188697,0.3797428756279606,1.2391599984204347,2,7,No
2767,5.358315525583956,12,47,0.7695882546233157,-1.4150948481237002,-0.6050183532365482,1.6385781280674787,0.0329472232809357,2,3,No
1277,18.178699488074646,22,13,0.2827797442883831,-0.38422285004697937,-0.44812574970471186,0.17198874992620525,-0.7092881908179942,1,3,No
2056,59.32958797755272,10,38,1.0975824547543822,0.6461164549466722,0.029525586982039678,0.5003377828194732,0.48216574824965835,0,2,No
3645,25.178947661328134,23,34,-0.3412652412228724,-0.1685167519008272,-0.4014666307291741,0.00022231286408052955,0.8994925626872124,2,8,No
4144,22.632233539327583,22,0,0.6389205338864677,4.087923070821299,1.1668738348254042,0.24640731449164488,0.4837915583895675,2,8,No
2879,14.421413693502986,13,39,1.3925821108965455,-0.044687506506034355,-1.382748888380824,0.4986332364495265,1.7860874333652892,3,2,No
4203,56.860989186343545,22,28,-1.1744610760292395,1.1065365127561422,1.602775579143522,1.2690012086029379,-1.4713358440003375,0,9,No
2287,66.51904595014578,21,50,0.586159571074838,0.28047273884460494,0.39078529027585124,0.8120197407652732,0.5188995089994819,2,4,No
2262,15.107944825591055,5,12,-0.059260072319601446,0.12250323310381701,-0.02245202849718196,-2.129108844405882,-1.996946260171668,2,8,No
2297,433.77130012410635,4,41,1.2368798568138026,1.913339744159529,0.33307270710052334,-1.7458297854199043,-0.7004071762641193,2,2,No
1754,18.80948476978187,1,50,-0.0317934801752158,-0.4987904973384019,-0.9474081622389258,-0.31719299236471077,-0.8222230412277458,2,3,No
1969,21.532031562475606,23,16,-0.21939860971382405,0.3960749777694483,0.3087087820510249,-1.0541393890905797,1.193047513728957,2,5,No
4352,10.507582346684513,0,33,0.19083596384853357,1.6043463207015851,0.5762530715770091,-0.5331206920323547,-0.8092244393985357,4,7,No
3118,28.41079105552131,23,29,0.4613630318039141,-1.6424160543297204,1.2152446031855806,-0.7327579655150183,0.6349603346555124,5,3,No
2394,45.09625822354205,20,52,0.8918089839532661,1.3470683889420039,-0.7184678475356595,0.036507772766668604,-0.7656476792661457,5,1,No
524,27.348344949429237,6,43,-0.7487327138158041,1.04785110454799,-0.6521600372369454,0.22532867148920316,0.216682828659415,5,6,No
3901,62.948513516889186,19,43,1.443102014502811,-0.7031716935338241,-0.5009472082492787,0.4006653991575063,-0.8938536326974625,4,3,No
3123,65.86798321375706,22,0,0.8604020506847176,0.5198316428236619,0.6999757042225968,-0.19184598017954668,-0.6315598047024772,1,9,No
4157,47.5222434246158,18,56,1.1267750377257553,0.00021412174900774426,-2.074080750615848,-0.11493380375363482,0.09805030601592607,0,4,No
1970,73.44552908034166,23,14,0.420420589419226,1.9709331303718327,1.1752691693064463,0.2271896281408618,-0.7231068666196236,1,7,No
672,43.4829868751507,5,44,-0.4643356760806351,0.8484918490766015,-0.33728700784195703,1.2397783086070346,-0.039354060310192646,0,1,No
4189,15.9974017460104,8,24,-0.41430794105595076,-1.1271549096224132,-0.045391301493390546,-0.5230176059708987,1.273522794304843,0,7,No
667,6.58201981289092,23,50,0.21151001343247092,0.05451318630965609,0.47173358885013494,-0.09733070953851063,0.9350201907325847,3,4,No
4339,34.09120971723182,7,7,0.5500322023103386,-0.01748464149501632,0.017346390837190865,-0.1573611444875172,-0.5781898430277185,3,1,No
1888,40.43254451215236,17,50,-0.026626751955402317,1.4994799479824774,-0.9172952999115911,-0.02976261961043513,-0.6411581518098584,4,7,No
3267,2.118195641880029,15,30,1.1579684910659946,0.5053181939331423,-0.5708056054436963,-0.14891392558980251,1.5994369045135057,5,5,No
281,53.52470930201104,21,13,-0.5609290008790382,0.35982566628688983,0.13625830625349225,1.199554469825827,1.9554865439637885,1,3,No
1720,8.685175343088106,5,37,0.04985140856587265,0.9589132924551746,-0.7260492083746808,1.4007892553113035,-0.7042839367744695,3,7,No
2948,50.52495760689235,7,49,1.7018954121344898,0.8024398202466396,0.3818881964751942,-0.40258297070391974,-0.599320810825172,1,4,No
900,7.130332947741476,7,59,0.682767512307893,-1.2330510401091301,0.06327025484124159,-0.8082684434326929,-0.3887265175479852,3,4,No
4851,46.08355170999463,3,21,0.8379856376162631,-2.8432039194990093,-0.5603781689039855,-0.7093446728411936,1.1657219908344034,3,5,Yes
761,115.54560113259973,4,1,1.0445095432712728,-0.3419718973601411,-0.8661864131319914,-0.5887181061529682,-0.4148138213660293,0,1,No
1907,34.20494077457501,23,30,-0.9009733698903111,-0.49624111842674784,-1.194280523910846,-0.4032365371678026,-1.1241036012187688,3,5,No
4043,32.093236253609575,16,8,0.5578360302183867,1.9954071135672131,-0.439727099860568,0.20256264433170545,0.5918552606175903,3,7,No
3824,26.823571134860135,7,31,0.0682161214440391,-0.6849644184819287,-0.5469140164585738,0.07329579352648175,-0.328920965680554,4,2,No
4139,12.071528442697634,5,9,0.9503477404275608,0.046859270743957675,-0.10282845434869216,-0.23554334562797236,-0.6173873962326077,3,8,No
3819,157.64582924838734,16,47,1.1879702204550553,0.6447397289052259,0.7841703447973206,-0.6800096253014871,-0.7341137290144423,5,1,No
4301,21.255806826676288,9,20,0.8837408449898644,-0.0020498127759394215,1.5547203946167283,-0.1873992196387847,0.8816918893199777,2,5,No
2594,67.55873889664586,10,28,0.8690691377647088,0.9267649097579255,2.720523127437558,0.38457387218011924,0.11970753644931316,5,7,No
4165,26.428235864709066,0,0,1.1232404917592171,-0.6128486875756598,-0.01941641843247928,-0.8158459588128644,-0.7457893330731347,3,5,No
3032,58.66593194557859,18,19,0.24841192331688916,-1.1583533121046916,-0.6067238436196867,-1.0452523849590778,-0.2766187714886933,0,2,No
3580,8.692462811888863,17,12,-0.7936135565568602,-2.5014337890836615,-0.4621494241944494,-0.03724236650221855,0.4506600215776027,5,5,No
2833,87.400235823194,1,9,0.1949475013950915,0.14699691728869863,-0.6523881861231408,0.5916091341003569,-0.6876557942866617,1,2,No
3473,99.03986159759194,23,58,0.8713311840109494,-1.3410650324708306,0.44664394051276113,1.1291865282456237,0.8872303394087334,3,2,No
138,76.5639674993942,10,3,0.4267689222175041,-0.20677216355189393,0.1297823224618433,-0.911686276328237,0.7805411094965004,3,8,No
2181,276.2050162956228,2,54,-0.29294608184713095,-1.0429363392979336,-0.7586657293387521,-0.24096232837912,-0.49093674763787193,0,8,No
2129,50.51594450019447,21,41,2.2070820654636734,0.43505628776140703,-0.32744121675063403,-1.1333421031098903,1.1804373778973447,2,7,No
3178,39.53237000113339,17,23,-1.31543073288451,1.1965298679793046,1.5432221224850806,0.4255870072771317,-1.5090713985596969,5,4,No
4368,27.68342910109476,21,53,-0.15716025596311492,-1.5837999944633745,-0.2306855580867853,-1.2102839758581856,-0.6520193365636839,0,2,No
4262,101.40141897049415,6,52,0.2219620379814174,-0.9704876395805729,-0.6754974482616108,-1.4286655311177465,0.15334480518107396,4,8,No
4345,18.909657438995307,11,34,0.7926901370504009,-0.6622669514770377,-0.7223247307618578,0.715790589550723,1.4969904970247194,2,2,No
1332,11.304874294212746,15,11,0.4272154004583863,0.2558201900592407,-1.7886553840741175,1.7942556034087618,1.4608135607632065,2,6,No
2018,17.11062959240778,15,13,1.7247093557298234,1.4406073691102246,-0.009150044217235304,3.1083786151818966,1.3507926484737003,3,8,No
2483,41.15890945297535,0,10,-0.653796659903744,-0.58350693521321,0.06160726549294719,-2.041322615969686,-0.47498983672062767,5,4,No
1359,21.969607624980295,10,33,-0.135537126748278,-0.05098717927759595,1.0921863288344187,0.10588708208217844,0.13356891455812855,4,5,No
1330,69.54881658969632,7,28,-0.423468104218468,-0.8189835280507342,0.5372760119561523,-0.897176441405749,-0.32898229175200283,1,6,No
2151,31.077725029200675,13,36,-0.11114939817242687,-0.24384820298240492,1.347625501313754,-0.6305668668769702,0.320278190699021,5,8,No
2123,14.744557255461146,18,23,1.4303897213876449,-0.08516918775752377,-0.3568261282178774,-0.2697156362748927,-0.5034584190775057,0,3,No
3982,25.645299384323412,12,17,1.0132845537675756,-0.4622048142238367,0.6524608705524366,0.265446262965217,-0.44142163320019706,4,6,No
1253,14.925766439691527,16,54,-0.49956219165317295,2.104632598612974,-0.734255656776456,0.34239959795092606,1.0638116766255068,4,7,No
3279,15.389487560522179,5,33,0.27788403311837084,0.4570843569682594,-1.1863315175608131,0.4088386179407861,1.1397761089635698,0,5,No
3375,32.84239187310712,2,23,0.800269684156359,0.621795104950817,-2.2410494576741877,-0.12659255553717957,-1.2140369125253818,1,6,No
2815,33.35497912694424,15,31,1.4255728210777394,0.8286948590409773,0.563756431645642,-0.6909666491187524,0.9854358742941127,3,8,No
1849,22.543570198809043,11,15,-1.5610127225813104,-0.8118547822832325,-1.0540947973877364,0.03645177689936918,-0.5083411145415442,0,5,No
3038,30.087698407402762,22,40,1.6190173506155494,0.3457929007878231,-0.20361948007803102,0.8555565281721951,-1.3671609325214145,2,2,No
389,43.65309476562801,10,1,-1.1382254497502524,0.7419299197089303,0.8180277537237719,0.948895481083506,-0.6083486000324562,2,2,No
236,17.216247498182923,23,11,-0.6542736859843314,0.3389618992411148,-0.3580542792106851,-0.45375773476274617,-1.3360617550554057,5,4,No
1078,549.6110582398686,12,6,-1.2590325406532241,-1.0709502386249343,-0.06949695478649319,2.1333307304321942,-0.672578084039498,2,7,No
1985,15.089865990664357,15,50,-0.5966063267153192,0.5155322850373589,1.1687893483087053,-2.164083689587723,0.08733681890629923,0,5,No
4364,18.240206983533145,17,56,-2.2349557983170003,0.7594867878007212,1.1123977427686944,1.2248049386753013,-0.9446221404569713,3,4,No
3963,55.53372379493217,19,46,0.215236772902594,0.1681863646908236,-1.2648542345545668,-1.183475909305473,0.006466469974647651,5,8,No
771,186.60523466478327,11,36,0.14337017007950356,-0.7917080387974289,-1.828628410337405,-1.7213625463476863,-0.5364631441187353,0,1,No
2166,115.26241761929168,12,23,1.126931916660077,-1.232161706298422,-0.839697497429398,-0.22369908321664078,1.3046236198552499,4,5,No
674,8.874391671374589,2,13,-1.1289243559929987,-1.6994765467864439,-0.004185755631763539,2.898800613559521,1.2662087780945706,0,5,No
250,10.26185241969764,2,7,1.1101541158826773,-0.2135874578832405,1.8313003205774008,-1.7269654855764658,0.9181462252078333,4,5,No
1575,7.73999251129614,4,8,-1.0831630529356961,-0.6698354609330497,-0.17314296900920387,-0.1752459622572007,1.302164273045876,0,3,No
3420,113.11379736903267,22,48,-1.1084223058384672,-0.09939856593778695,-0.5502258104040577,0.7546066219590807,-0.2867519125138717,2,1,No
2082,48.767237729519074,14,59,-0.2607033598943493,0.7367967160363715,-0.06333021839482893,1.2552977728008514,1.2218050071407864,1,4,No
1824,63.08975606937519,13,12,0.27864052270818584,1.4230693252907138,1.1331909788418906,1.496682496209152,1.3686276518030558,3,7,No
717,6.934590835728723,2,34,-0.16822971272552553,-2.139788987753183,-0.1482060863928482,-0.7579800126770487,-0.12972501901058803,2,4,No
4669,211.21255053297784,18,9,0.09396114734153611,-0.06935840743418703,0.07221995276740668,-0.3971836300926006,0.36014479129531807,1,3,No
2049,36.68091746113953,9,16,-1.02777017496102,0.10855369784052744,1.0623168217868415,1.4726909854807058,-1.1478149677194427,4,7,No
4179,4.055597453808288,20,47,1.0507908188324662,-0.3631449908286577,0.23124216041285123,0.2333680239557779,-0.07579961205376942,3,6,No
2725,18.441830812208423,19,22,0.7280203544554797,1.518798209900966,-1.8939835811634371,-1.3253815025727678,-0.11955057756687384,4,3,No
4522,45.529443500593786,3,26,-2.416511538746703,1.2655047723801816,-0.5564164004642931,-0.08565748195305366,-0.0979536094752339,3,3,No
1461,86.74394110774594,6,34,-0.9842411914800846,-1.1017798865748192,0.011690406664868707,0.8478518564904252,1.3065584409873443,4,4,No
1669,43.90182396493225,19,19,-0.7123424766969014,-0.5538025966610233,0.4046733549242198,0.06938370613778329,-1.0951560799128308,5,7,No
2757,62.724955429104334,8,16,1.5189129832353838,0.4018477503100204,1.2611130023073303,2.895212563462882,0.046805341929940215,5,3,No
2001,21.07418897075523,12,11,-1.9000353999779174,-0.15452028268770893,-0.8677115069037835,0.23143333070436067,-0.791010159313637,1,6,No
405,55.76616122261239,11,28,-1.3641538587636903,0.8597640647960797,-1.2605940187998574,0.3920266110599123,0.11434910982059632,2,1,No
385,6.677355746718806,16,50,-0.5423915094682898,1.0748401757026071,-0.13279645294065934,-0.6945135030697719,0.9261077504485437,1,3,No
4536,47.76709287945509,1,59,-1.7795529463962139,0.4463042336647928,2.202456126998669,-0.5729296867092878,-0.6349990317224975,5,8,No
2153,14.20019798500466,2,30,-1.5206674074319642,0.2630233215655902,-0.04229287251264407,0.3122004566335367,-0.07751777776448186,3,8,No
1634,32.55601390785266,18,43,-0.2716206425130341,-0.11024578697649515,1.0733728201306294,-0.7168211756539609,-1.4686024515220615,5,1,No
4587,54.92041100280445,23,3,0.14272012148117136,-0.35056328139207876,-0.17045959074508565,1.7761034608078474,0.4046132212159071,4,1,No
3926,80.50807780827421,17,54,0.35472041603607496,0.7883599282305649,-2.1478314820870046,0.2559718188221542,0.4879464803903447,2,4,No
4159,94.86198186899874,4,24,0.125012513442097,0.0944282238661503,1.7629589668216805,-1.1116535385492778,-0.6672047949160059,2,4,No
224,11.196619784200186,1,37,-0.030427164902642686,1.6879954414684644,-2.834244782633218,-0.9569443489891034,0.005540842791797656,2,5,No
2194,34.35699026388911,18,22,1.0153062826248176,-1.2426849434224,-0.764921905807427,0.22948491553421296,1.5670230080065792,5,8,No
3137,117.4220753617136,3,32,-2.7250460412553847,0.8242123556335571,-1.1016058207050672,0.5674696139964819,0.7549886679706422,5,3,No
1825,13.74063598213648,8,56,0.6474262779104684,1.2183205528638965,1.3990273218566187,-0.7707188130139526,0.657380524931438,0,2,No
4601,69.58889216236034,15,20,0.8963413634818175,-0.6070525352580859,0.5054135116099668,0.3489401777556228,0.23312965616261272,3,3,No
798,95.5093108834785,1,8,-0.40303571436404395,-0.6837676421522828,0.2446226411142813,-1.2954216009991038,-0.11096878133022564,5,9,No
2872,16.818651086113242,23,13,-0.7521557705789111,-1.2867329123808553,-1.110775422918861,-0.571088360924298,-0.4803008188967742,0,3,No
10,14.111020282471662,2,51,-0.2182334445471739,-0.2952804727200515,0.35810361265921586,-2.119103940217333,0.8909098149294582,1,7,No
1945,22.653707592511996,0,25,0.17153279190984858,-0.8967676670185695,0.8005802914488231,0.5922325321771237,-0.7651144563438871,0,7,No
1839,145.22422621965694,5,1,-0.3915165393405067,-0.19043153363102142,-0.32555315716402644,-1.7469441351768673,0.06125325025627931,0,8,No
256,72.04836114168728,20,16,1.7684253285138456,-1.398391910690002,0.5181848827845018,2.071082599216615,0.029750744658861888,4,7,No
4509,13.23569633960196,1,29,0.048079804822832486,1.05320803426037,-0.15345497244086595,1.1419605432591813,-1.623595401441984,2,5,No
1582,28.416618253183763,23,38,0.22700020116483485,0.6442279245428527,0.31696440148470517,0.46903066155617457,-0.32537251416514174,0,4,No
2957,56.32977331084618,16,44,-1.3310324935042994,0.07652391040577229,0.929571126614457,1.0403728809618988,0.5843818340999428,0,8,No
925,28.045891707474023,9,39,-0.8460246155328025,1.5293534541068148,-1.3551233997049725,0.2653361653551545,0.48778464575221486,3,8,No
4430,7.4326887016122996,20,47,2.5164720057403103,-0.3218731121595244,1.0517880745090737,-1.0248440807732424,-0.8290069707889384,3,2,No
2509,81.88037998146858,7,3,0.5093459668615934,0.6235113296280919,1.1458028720454552,-0.6337783362306186,-0.02980946266093038,1,5,No
3776,12.983492267263108,22,30,-1.5522772485686136,0.2047407577514541,-1.3894357560623771,0.5574966800723845,-1.0828062730509687,1,1,No
4137,132.0092820983142,4,6,-1.801608689379469,-1.6677576623589092,0.23132572889787426,-0.38531099728614243,-0.5188006703554023,0,4,No
2780,12.050800414176917,3,56,-0.26260800809400964,-0.8385197864740572,0.06915822501644173,-0.2767055603522557,-0.5132605224634809,1,8,No
540,15.080978155447971,0,30,-1.5265957333647167,-1.3015973511105925,-0.7809819511515705,-2.1390047235719316,1.408030729905615,4,6,No
2746,105.64589056765755,10,15,-0.16413527791459528,1.2534504145614775,1.3055529326788726,-0.6261657605637475,-1.7598693468907316,0,5,No
4499,42.11573206448604,20,55,-0.8451490874996497,-0.750251674611615,0.1385472842460188,-0.1502006644493977,-1.9405799778619113,1,3,No
4572,171.08520237754416,13,25,1.0508039117638954,-0.2651748382130801,1.1804735401659667,0.44877466915805325,-0.38821051962716546,4,3,No
1146,66.02968573476171,3,25,-0.4681531726468855,0.3057152697228355,-1.5413776024637658,0.22109904676821454,-0.7557114591813673,1,6,No
668,53.62775952112208,18,9,1.202489779152562,1.8700485084562146,0.7319613383850628,1.6848830225825389,0.16893599575874238,1,5,No
3020,4.2856478764645445,12,44,-0.5783345815608,0.409327272606196,1.6768678201450633,1.8589455898339076,-0.35489132907558835,4,2,No
358,43.39495713381172,4,59,0.6355104445203323,-1.0229651662224017,0.18086342465483146,-2.3737760535354258,-0.5739401636994166,2,4,No
2832,88.29410058423814,2,3,0.5206583924017935,-1.2613033780259002,0.38028312559085314,0.07888855867289704,-1.3603691840398002,1,3,No
2784,96.15655358699362,12,3,1.042944922262596,0.8356354568912998,-0.46666856955709607,1.209046968605822,-0.9163513631202167,5,6,No
1354,47.116685911269684,14,11,0.17866198269678846,1.4680465286160624,-0.05982268122831417,-1.2136163674392415,0.39210349732174843,0,3,No
471,46.8854996832714,8,50,0.25269648877761,-0.04576206494313917,0.12996629211599667,0.03562971349056658,0.25916987295008204,4,4,No
2704,108.43408774001556,17,9,-0.0963426111909388,-0.2034532346031078,-0.6792564280333756,0.9148623546631615,0.3454685828456818,0,4,No
3331,33.75036346656012,18,13,0.586399238175763,-1.5886373525413418,-0.42036959000438867,-1.5693960291064424,0.7620813660449303,2,5,No
3638,126.01229201613268,10,46,-0.3670291509426011,1.2778750041065372,0.021550019626334203,-0.12643426709623662,0.03356064281594556,0,2,No
1397,60.50054941931177,21,6,0.7882786808212866,-1.2639640425647631,0.5499739566271756,1.005696591169289,-0.02015525502783204,1,6,No
3585,45.10541726725211,18,5,1.972017468022275,-0.3494705830363547,0.7896196190639758,-0.19639779878733077,-0.31211602714839903,1,9,No
4487,180.14574915299815,3,56,0.7529594359712158,0.5890072169265037,1.3443987503738941,1.3029252972552734,2.4148731647140864,3,9,No
3377,61.880922320513754,21,27,2.0278077419724765,0.2837675912658137,-0.09950626104837888,-0.21352387973576128,0.32781665767115503,3,2,No
1257,71.84382772793283,13,26,-2.150761869692567,1.251905211835959,0.07805821426242007,0.20642812298661822,-1.2490537522004106,2,7,No
3513,17.714365022186268,13,47,-0.9188319853984771,0.7765448419411262,0.5857396653217134,-0.1174833139336795,0.05884018857862683,5,1,No
1251,87.12111141592732,18,42,-0.05861196768966943,-0.44852139285721176,-1.6818459689065979,-0.10937050760109031,1.8447544275590961,3,7,No
4808,33.2705028115063,20,42,0.6271935044188046,-0.02490889814753977,0.7674699340549033,-0.7947343238383053,0.9155141574496014,3,1,Yes
4299,177.25146842718013,19,10,0.4552776557136514,-0.19030610421524286,0.04722723501684655,0.5096832881963614,0.13855585804597156,1,7,No
3285,15.791695166930195,13,15,-1.5743858076256896,-0.5089316390068872,0.5422521181730343,-1.483269645691485,1.4113345937089603,4,2,No
2934,95.23862516454324,6,15,-0.9910068910191485,-0.34724398333708834,-1.18993823361941,-1.5453372842841013,-1.1729312838882398,5,5,No
4176,19.868248638166552,0,52,0.3601763071768177,0.32844424052182875,-0.16277648971472744,-0.6603385910658913,-0.19187040417668064,0,6,No
1853,24.548778373485757,5,16,-0.27902575348833913,-1.8212981612694976,0.23203733199831902,0.5060046632553978,1.8598926148183101,0,2,No
4870,74.44418755102372,15,46,1.682349613101199,0.6868844584735203,0.9405126931730827,-1.0385244241845994,-1.3471451816752673,3,5,Yes
2106,19.844731984087634,6,4,0.9107079513000965,0.8126276134697776,0.8394003959799484,0.6996938284365051,0.6143956225060794,5,5,No
134,26.51676840562509,0,17,-0.10328841503855507,0.895780511037257,0.591252942048272,0.17203113678046833,0.5289355469578989,0,8,No
929,26.251697932162383,11,43,-0.5689125979479266,2.078015043633011,-0.8632772922093546,-0.7942573445992704,-0.9975824103098268,1,3,No
824,3.988222133518592,6,53,0.5243681636108437,0.45857168818096145,-0.9280746281357819,0.3730630953751281,0.7915081719465198,5,2,No
4544,12.593823291896534,16,1,-0.22371639508236107,1.5932608457846005,1.2732342584339045,0.9727401918429672,1.1441912463552542,1,2,No
1532,45.122976347240694,17,10,1.5020162454502248,1.8823114896955764,-0.3662300164520345,-1.6684916830731764,-1.383498913069118,1,8,No
1215,2.335653363589252,7,39,1.4959659598217314,0.41388898961429843,0.022898460474464498,1.1479675541882248,2.2427407235897676,5,9,No
505,1.7082529168045137,8,28,0.805244629728022,0.03515057939050897,0.2097189142673235,-0.7535073194282543,-1.448167521302657,3,7,No
4286,179.884531992539,1,12,0.4565677206605929,0.7315199186974262,1.085419614359834,-1.1024265632359114,0.4399089228084279,4,8,No
1997,44.87305151725975,10,0,0.49631439555678053,-0.010504577623915934,-1.191976825952955,2.2181070076744334,1.374739965069977,5,6,No
3073,6.881951482443296,11,2,0.2558130767641639,-0.6140378659858325,-0.3379335399185156,1.6485027085389008,-1.6943511182112838,1,8,No
1959,24.869293859191256,2,19,1.1532370381923354,-0.6288188699353919,-0.9868295693832174,0.7607914630609068,1.376759702300817,5,9,No
1385,5.742538886572472,14,25,-0.4391435945417976,-1.4530581963496891,1.3508186670419104,-1.0996002878799076,-0.1994300133196385,2,6,No
895,24.246048827932913,9,1,0.6370821002889959,2.185025844578322,-0.3015216008772933,-1.0456915008895566,-1.5340598832214616,2,6,No
456,38.868750289456095,19,6,0.035370614347442896,-0.19837994259859598,-0.5744669503553378,1.5846001898035293,-1.1561541195421123,2,5,No
4880,18.844795021256548,10,47,0.4570662889252473,-0.359340721332997,2.114218429692846,0.8343513595051213,0.9927013588858008,2,1,Yes
3710,25.07186325590886,18,17,-2.002377281168779,-0.7156185460664132,0.7510421004504363,-0.40017265563151627,1.4403546763581532,2,4,No
4619,508.41025445223306,12,6,0.7067319254706388,-0.1775407334507545,-1.4371580895433045,0.0949793426629558,-1.5182878104006092,4,8,No
4269,105.42175854028669,3,1,0.05210767782873524,-1.0948045000474982,0.07730752508065647,-0.8145647475681062,-1.8719074945409695,4,7,No
3523,24.233398994171676,1,2,2.7556600769388497,-0.09591115649868673,0.3020360530840401,0.3255035571790636,0.6507563580150041,5,9,No
4135,11.556140455763503,8,51,0.09356652659816053,1.342178934916486,-0.21859009544983754,-0.978176803424628,-1.425137650988379,1,6,No
3603,8.252173727660013,7,20,0.753593771878911,1.1374452807333613,-1.8565691072615604,0.34333991203171665,1.7745711471333594,4,3,No
714,32.71767164510032,8,2,1.0429914373271527,0.7954892582045359,1.021751087651711,-2.772553610053703,1.7335230384421108,0,9,No
4187,49.37897646829348,11,14,-0.4739235395370385,0.4676385663807686,-0.7774350188698199,0.5766801345739193,0.25128713072420833,0,2,No
2215,13.923580774044607,12,55,0.4452886103989797,0.9464003174496751,-0.44592216243667043,0.0875506456902121,-0.29356151296573024,2,3,No
2924,17.383895560078024,18,33,-1.5151176807370699,1.9091402279460612,-0.8844132959221176,-1.4721508867300803,0.28505081980757097,4,2,No
1811,4.698223553611928,1,3,-0.5523475948283516,1.243341502973608,-0.7929542265304419,-0.40973827945847724,-0.23957189145484806,5,5,No
3487,68.91739113638492,1,46,0.5233648559222962,0.3165672027766134,-0.03853014380070047,-1.065438732231649,0.35852837570957735,2,3,No
3142,686.6072327422586,7,34,-0.3891574044662397,2.4666426077773855,-0.9821814763409528,0.06633379283157867,1.230993376626293,5,3,No
1828,157.40407857264557,4,10,0.9285761165630954,1.298501656194275,0.33543606678279403,0.35578571124444075,0.7501848652146249,3,5,No
1156,36.98872448599439,7,5,-1.3637638078299683,0.8537127471277668,-0.41557388777808274,0.6534195111193511,0.935566025656127,1,8,No
1325,41.62787558047654,12,2,0.5941875540922819,0.48760572364888405,-0.7788038284757912,-0.6777097573460621,-0.28859466168605025,4,8,No
4313,34.5860362616321,7,50,-1.3208874796599568,0.3644823476182103,-0.8224836304887156,-0.20493563272476223,-0.5057500701083459,4,5,No
511,6.952085225385615,16,41,-0.8691759087306522,-0.26051215419971874,0.9478498441840553,1.4871671934581916,-0.770866172095378,4,8,No
1681,7.384111499371852,22,47,-1.1748701365740277,-0.3592884450277593,-0.6428931486594057,-3.257367642666575,-0.34676862653340684,3,9,No
500,7.425642179518011,5,53,0.7149518910399967,0.6059325076467968,-0.7883579708732686,-1.1682643693180517,0.01576368975179213,2,7,No
4537,13.269191946121758,6,36,0.65759804058411,-0.35870210099753347,-0.802536962838005,1.3161299445374746,-0.7745707596394721,5,7,No
1857,27.97603488157485,15,28,1.2140162509340595,0.6601163728463529,0.6854393017616939,-1.0410231230551354,1.3731770839291852,0,7,No
1389,46.3583273714956,14,48,1.7725229312021364,-1.018149935002941,0.3379641936723808,-0.256733926420855,-0.43062535018479275,1,4,No
3720,43.85349191046485,11,9,0.215119275433445,-0.48342632454889223,-0.13369560789033313,1.017486985312624,1.3890237402016365,1,4,No
2387,6.627272227005021,17,49,0.5032232044264245,-0.6896034260842834,0.9976170770685008,-0.39328457127305777,-0.5904366372401125,0,9,No
3237,99.21879947800204,16,42,-1.687772100038897,0.6212488102038947,0.5546194474402841,3.348603365716259,1.0263596583858323,0,8,No
1541,25.51075625121634,7,45,-0.708091550341236,-0.3010913218376905,0.08963707490168742,0.17767660776220065,0.43876248352132075,3,3,No
1218,3.491097728161789,12,42,1.0901340044757244,1.5860555320964014,0.2369646640681163,-0.03573306828069045,0.703560482618621,3,8,No
2682,26.53338708513635,22,7,-0.294576022281766,1.1660715328312998,-1.0913314471765445,-0.20749938217683683,0.21725848727518682,3,7,No
2994,361.4857821422566,17,44,-0.6557926354372655,0.1024059648661051,-0.21591341968182035,0.03277258128831034,0.24258992124307144,2,8,No
1192,90.69577473601807,4,3,-0.5438279692764925,-1.4317076828771276,-1.1552674431897259,0.44439786247942287,-0.0893407336625143,4,9,No
1543,41.970013068358185,7,58,-1.7381314443842815,-0.6753208982646495,1.2324287096787758,1.8300491631535343,2.2859924846717004,2,3,No
3302,260.290718057797,9,33,-1.2449522480086155,-0.5087765195334119,-1.3476901458414752,-0.33209117526989923,-0.5782112759799829,1,2,No
3325,82.2778138621974,1,7,0.8609419596818413,-0.1142023651018572,-1.1212124936776773,2.247088742879062,2.3852003725157993,3,1,No
2540,62.25496729513944,11,51,-0.5118867500884194,0.4515035201263798,0.01946069441244697,0.46636959051922316,-0.2872410645747687,4,4,No
954,10.356053416083137,12,6,1.0664335878643247,-1.0441890268698575,-0.30072563218375337,-0.22508566935421595,-1.1565188004995823,1,6,No
4331,207.86631772399272,2,11,-1.0195349912217828,-1.6923958208608505,-0.13878184335042867,0.5207358588973382,-0.4604813483109736,1,1,No
733,57.32511408375162,18,31,-0.5646464662118963,-1.7580706600036133,1.380305727730805,-0.07008380102765632,-1.7567338533628292,2,2,No
1157,33.15985132705522,5,36,-1.7247424929332238,-0.8179500752718084,-0.2559500046039573,2.2611735286081216,1.7980024701022121,0,8,No
3295,18.485860015172026,23,32,0.5481351272544526,0.4033675143178838,0.010495357596030005,0.13596315669708497,1.3491381119962318,3,7,No
2983,27.23158925743198,12,47,-1.847048136953879,1.3321502719800584,-0.6351851627682736,1.3235179341800154,-0.7226684855549192,2,4,No
2157,46.17933081837875,14,24,0.43065898532838315,1.9877592372562929,0.9792593032537936,1.4332175871290809,0.6536616875430717,5,1,No
1063,20.979145141310177,12,55,0.16772916771597735,-0.5278983273258481,-0.4330662059269771,0.5999004339828999,1.18453924551438,0,6,No
2617,32.86580328475279,6,12,0.6651006952212376,0.737461531349306,0.29567984468732983,-0.29576488052991046,-0.4933749859308093,0,3,No
1168,200.68609035536295,9,58,-1.544074765979174,0.5538925587589626,1.2926224103393442,1.0190393252802818,-2.0963794369104556,0,5,No
3223,6.2870696028856585,18,38,-0.7220075800415701,0.006276041496476446,-0.183911446264022,0.1910182531120885,-1.410655101537971,1,6,No
3637,25.44221620977574,16,37,-0.4555382847366319,-0.3558473656683313,-0.3504892306963654,0.9107280780043294,-0.08817059256739312,5,4,No
2939,22.170111671723113,18,56,-1.546714963227221,0.37750358635139036,0.7285439734227724,0.2189226209320635,0.5024414852067237,0,8,No
4492,13.416931615976972,20,24,0.9671713267863056,-0.6965341718858925,-0.07268294838859898,0.48359945104486557,1.7872604528244793,4,7,No
3141,27.405789958688555,9,23,-0.8222073064247665,1.0082710055912514,0.4038409447856066,-0.2519109383554564,2.363240471917498,2,6,No
144,43.28090143681423,3,26,-1.469857516107135,0.2238927070680576,1.613440960225359,0.2031664767410382,-1.382761606092826,4,6,No
3578,39.88709522561151,15,27,0.027098395908505466,-0.20250768212911482,0.09602128384811984,0.7512497341153255,-2.1175125836644315,2,4,No
2783,54.65744482074331,18,3,-0.39338007358947663,-0.489793107535516,1.1265048512429316,-0.3215701682136016,0.11085260207313039,3,3,No
718,65.74272609963805,20,0,-1.0392756292315644,-1.2807174367183787,1.222691482570892,-0.9696576133676534,0.00033162525635355324,1,1,No
1820,25.512576881000147,11,26,-1.223121399852933,0.8179306627322034,0.5593778371839864,0.2323989624142109,2.191707947151051,4,9,No
2503,90.80082359129642,21,10,0.2633988390950769,0.8838955762448353,0.6687066203052989,0.293674479130845,-0.18858505354499697,1,4,No
4361,47.108926115140285,15,27,-1.2612021038830508,0.1788444618839156,0.05414915556033511,0.18442342112453017,0.9413892528547549,5,3,No
4172,60.76739840832646,9,16,0.6780224403960575,0.8325627895749692,0.7763265766431535,-3.2367349954632108,-0.06867725574860199,1,6,No
396,38.02490850866427,19,17,0.5679043134945333,-2.046429699548382,0.43970738841463686,-2.468530124571636,-0.2268467266984575,0,2,No
4837,6.573709906854909,7,32,1.1991536486327365,-3.0380537145993434,1.6175674679137542,0.4993562876748321,0.5768182285739519,3,5,Yes
4493,15.874860196807576,15,52,0.3162976237247731,0.19942753035386462,1.3304694776464394,-0.831422286969875,0.23040640029562715,5,4,No
1366,48.27663932039119,3,2,-0.9041337882702167,0.8297006157301556,-0.9294750220625191,0.8176034060217474,0.5456903431210129,0,2,No
4559,73.07592229179035,20,18,-0.9045815738774516,-1.4821638624169777,-0.7192972826975448,-0.8993200314129962,-1.2169977027143706,0,9,No
596,21.68006974397227,17,37,-0.8140102948787449,-0.45803886237965,0.6369553630869581,-1.0212535834826066,-0.1780665966402057,0,7,No
3953,30.99442554887067,11,22,0.7557824798918011,-1.044599540308037,1.6314426369190653,0.3890031784725915,0.8304244809091642,4,8,No
2915,47.34044348650333,23,31,-0.808400452489977,-1.6192913819294215,0.06458822773864592,1.0670093949527026,0.7073087885423386,4,3,No
2327,3.598531125040901,3,21,0.8216401840551621,-2.102638993812386,0.12820633609125687,0.9321218244806693,0.8908564470181395,5,8,No
3767,83.48769007771354,8,13,-2.270736260677002,0.10239317903487564,-0.6340035274000658,-0.16763410164223533,-0.34854401672172486,0,9,No
3441,240.38944606695648,18,35,0.9601600541549278,1.2303988738119769,-0.7073927356328455,-1.5153157720515884,-1.0065285463614138,5,9,No
3852,15.768063155063643,22,6,-1.2113225716252298,-1.6447577725929852,1.2003341995299794,1.424255057632078,1.0862765134458998,3,7,No
4133,46.98234147033924,0,25,-0.026450629914230542,1.1671773015444824,1.9479420578929818,-0.4220250535832728,0.5393597372271918,4,4,No
4592,155.3835349750459,0,46,2.0588989334384515,-0.7029164973989354,-0.5855517944236049,-1.0607146054929013,1.1841793597024541,0,9,No
2144,49.118593498563676,6,24,0.5351664545013418,-0.02738254891043338,-0.7880996460025648,1.4881169365693359,-0.6977934544676601,5,3,No
1572,26.577479045059217,1,24,-0.0006334968757647034,-0.06404169065102566,-0.24412011848328874,-2.1668956700131257,0.7188068057478623,1,9,No
4080,19.886136360914463,9,8,0.45147704141158146,0.7015819154576518,-0.8917160753746192,-0.2621266575213602,-0.23902267684882603,5,3,No
1123,15.645552037222247,12,44,1.47817344442331,1.3401825668912142,-0.6746068069868952,0.009509733763120209,-0.8153627923831708,2,1,No
2787,33.475106895177795,23,59,-0.4425970401709636,0.3967337784225923,1.0814192976234094,0.7696965582609097,0.676032107932891,5,7,No
2968,16.749785420449196,5,7,-0.44147010037488016,0.3077149482220616,-0.8860050469788258,-1.1247698544713458,0.7320818474768084,1,8,No
2505,111.91338092168814,12,31,-0.6413014942783173,1.258098998719208,0.7111877956738906,-0.4345499315116685,1.1035937772380797,1,1,No
3466,260.83669860335675,4,57,-0.0338154875490854,-0.7931730739628388,1.4044883410529638,-0.8712125417599786,-0.6900233694681914,0,6,No
676,46.9625569026333,23,19,-0.755182158201408,-1.7069700047844523,0.3229552929000445,-2.043658086173129,-0.3011035951355401,2,2,No
2809,43.74305859677305,4,9,1.6847372202078401,-1.6244245132406705,-0.06838335587272262,0.1979872141780293,0.04828701403031597,3,4,No
3349,56.7868368313467,11,1,0.4543365030451948,-0.6642532572330104,0.2872825540392328,-0.014509918388057284,-0.7967463579644916,5,2,No
729,10.58924730289891,1,45,-0.8302258796410609,-1.2475384605973305,-0.8095945829555786,0.3923337524143584,0.3436022623597101,1,6,No
413,16.8059931824592,18,42,-1.1014142111807836,-1.0411214673926061,-1.0242252710980422,-0.3603275874259869,-1.2285902159118463,3,8,No
3147,76.37190766898287,8,7,0.468199056023288,-1.2373514975055364,1.9591671616419648,-0.7129763448856498,0.26857129518005507,4,1,No
1517,16.20181767496516,20,16,-0.183187017295841,0.4812486200590785,0.39021936058413886,1.3258476830884123,-1.888704629155429,5,2,No
826,34.09360897297191,21,13,-2.0985217749066836,-3.1194749238680104,-0.13178182295492516,2.3202303751428555,1.7967795237914266,3,6,No
3268,31.85106436506314,13,23,0.6641455686574609,0.2151914879034248,-0.37281811864700987,-0.7434205622581251,-0.010098941733217,1,5,No
3975,16.973641344829453,2,2,-0.6272972369618022,0.6622381922875238,0.16321445074010568,0.880200751152149,-0.8257599536026291,2,4,No
617,67.6143430935178,10,56,-0.18037225252830674,-0.9646474228665894,-1.6877105518433855,-0.17210943144837143,-1.2692045713626225,3,1,No
115,35.59230659828746,15,14,0.39203039805752304,2.2726589908933312,0.20535568225145748,-0.7756094792616043,0.4103687026715378,3,6,No
418,124.92157398352948,13,27,-0.7355057076430367,-1.3221338980832993,0.7960506174863278,-0.2157556233478209,2.0387736888178853,2,1,No
3070,14.220428179851481,5,50,-0.9366804071695294,0.9620453857951156,1.0187492964379552,-0.650916612739569,1.0559644269640553,0,6,No
1626,102.72466857318689,0,24,-0.6906899402746245,0.8592521140760645,0.23307029372674537,-0.06917332944659019,-1.0397681490714896,4,2,No
4951,244.56129021419343,16,47,-0.6227794158127289,0.3359091026636847,-1.4021963497275478,0.7220972452756778,0.2758550144148525,1,1,Yes
4186,48.63453908790017,0,4,-1.540729020135706,1.0933470002668417,0.3781356321799411,0.7025750118764507,0.3135413242314296,0,1,No
2897,88.13249800319349,11,1,-0.21861693366010385,-0.830048505589191,0.6651586806116184,1.025971992761923,-1.9386849171297538,5,4,No
4672,21.197312221741328,13,29,1.4805341033529265,-1.2558038977351875,-0.35579104488085384,-0.12897062122852448,-0.4704506689872728,1,2,No
2083,10.447106849797056,10,5,-0.9926626572282403,0.05401544115475644,0.6561282493076209,-0.8352829312605818,0.7869261855643823,3,4,No
754,256.917661646503,16,50,0.07934788405171923,0.8132973539202071,1.0128091542036002,0.26679184579466836,-0.8144914878614082,5,9,No
2547,24.2425338558394,18,46,-0.32454331835599154,1.2285868990015936,0.29528621360115204,0.07565796369986828,0.2601361591231718,1,9,No
3970,11.766764730994373,19,58,0.909833584673663,1.3860406677078836,0.18626455075536774,0.2758753129723287,-0.03679952527581304,0,7,No
3374,18.4693584870278,16,55,-0.23645003179603927,0.4138200935533031,0.6259840786266159,-0.11833962674372245,0.9223300850147598,1,1,No
4108,118.68475766304442,7,44,0.624941300679053,1.5451810351485515,-0.09445853876958991,0.26844013141836437,0.27691589708350783,2,3,No
2445,75.13925288022659,20,44,0.1712727615456816,0.5264302725454784,1.0074549626330378,-0.3585516533841505,0.7756816410154472,4,5,No
4381,231.54222114444644,6,13,-0.47030859916608486,-1.3213068791307137,1.0253190489211343,1.2390365926043918,1.9225835705521892,2,5,No
1067,11.33661154065814,1,32,1.183939123891834,-0.7039057844255335,-1.0298879761750954,-0.061707347873850876,-1.1305664567563476,0,3,No
3914,8.842563764011073,17,50,0.6175581695364014,-0.29351432765736535,-1.646423768116458,1.1708606234339867,-0.44840136608260234,5,5,No
3499,26.273299682796942,10,39,0.22286672362886126,-0.5532358731765745,1.0353845870457408,1.0291903943055845,-0.11310103618975793,5,4,No
2739,386.92992556250977,15,54,-1.135144011963411,-0.8145923168666186,0.28761068318139993,-1.6458644750411904,1.3935494894640366,1,4,No
4001,42.65755980057024,5,12,-1.2643871485968394,0.617238349663786,-0.9205451504917389,-0.10758574061931014,-1.2274431219538922,2,8,No
1569,68.69769684056375,11,48,-0.37051690936918447,-0.9607071494755755,1.9719318519694005,-0.954502561261438,-1.1301019997344715,1,5,No
2428,18.599812999005135,10,31,-0.09080210376820547,-0.6597491609091383,0.9128103798272368,0.2992162104100391,0.24066408805704353,0,7,No
3747,6.254130134424016,23,15,0.7547208439553558,1.005090050142526,1.2033232233270192,0.37139083412097873,-0.2632126798285532,3,6,No
4640,18.075374953192973,16,51,1.3342235360036605,0.08485133575552457,-0.7284537337486449,-0.5598561806015284,-1.182113073810646,2,9,No
1688,42.43389956567062,18,19,0.7260469332902094,0.10031594215870858,0.43007319551003853,-0.7350378345613403,-0.3879680723577459,5,9,No
852,20.292468697738922,15,4,1.7453450188024677,0.5678891541116129,1.1262162317783488,-1.2091045736219388,-0.12682249565295442,4,4,No
3547,164.92377258077107,0,9,-0.12777124825616512,-0.9013495210163825,-0.2538313729583662,0.5748756443304629,0.38971494781487126,3,3,No
896,94.56993470094942,9,7,-0.9245997419342306,-0.7273208126785566,-0.32399103753117203,1.2242568721459834,-1.2873021984803101,2,3,No
4593,42.10100081114822,0,51,-0.599044183916615,-0.9438531223449588,-0.2893116461188475,1.0198790281123857,0.04152504594956233,5,8,No
336,9.810368637704215,15,44,-1.1280032084435256,1.4639264045143334,0.8303977491075424,1.3190393359152313,1.3877212696709238,4,5,No
2840,35.708885206184036,1,8,0.2579265907812854,-0.5351103063364816,1.4372374313120264,-1.472683822319886,-0.5904651816510577,0,9,No
3088,13.391695651121871,22,22,0.9534108426429804,-0.025118668810001635,1.1181749473009739,-0.591800076748272,-1.2013628376116197,1,5,No
1349,82.75879580129163,17,2,-0.4541261638378336,-1.4125004006152988,-0.2861131818665387,0.5450342885346998,-0.06602170513374042,5,3,No
1016,11.92879039764334,20,26,0.27631657297638046,-2.974399562757699,0.0633431536948447,0.9321195252553444,-0.1823270125679794,5,2,No
2817,7.671733614101267,14,48,0.3728002566626673,-0.8919008374075167,-0.1675565497658116,-0.953536225042117,0.18757157769779925,0,9,No
1632,14.428856404454294,15,54,1.0322202605548654,0.021982730571983654,0.9487279358149685,1.6461587487764429,0.52061473409956,1,6,No
2490,33.041017873773534,1,4,-1.1382803821845036,0.42338828424553665,0.37698927076568955,-1.454332430262492,0.08697811014293372,2,9,No
3731,15.867103595945137,1,3,-1.0656082226952288,1.5668289286788983,1.3402080969802712,-0.9966167331842901,1.7103090860835093,0,4,No
3252,31.66674465795323,21,6,0.2768810727622422,-0.5015525602929783,-0.7506698347844635,-0.7593016033646541,0.4002519256968462,4,5,No
4635,45.29680623091338,10,31,0.9885460357458825,0.07579007975343713,-1.3573392481727724,0.02635351760441556,-0.8984524255275947,0,9,No
2071,23.51990559649608,12,50,0.7856048394415386,1.305925908632233,1.3348948234548708,0.0016024602480376217,-0.4882116645955765,5,3,No
4453,8.634480977705262,23,1,-0.9648663187289667,0.4481546868619883,-0.4948742552984696,0.5180522441060428,-0.933026523634666,4,2,No
4883,32.37647299187775,22,7,-0.1599633815785786,1.1517110501555958,0.4079962993712807,-1.4209626449002108,-0.6792511380183093,0,2,Yes
1636,97.95568288488488,11,36,-1.190521567346379,-0.36741288910217135,0.3380789907165799,2.1151691570430904,0.2177815128199371,2,7,No
2480,25.026402638451074,6,33,0.6493311122795312,-0.0039314396099758234,0.5045071285069141,-0.49608199744484854,0.9028459907819298,0,5,No
2266,72.92026293973005,18,57,0.5472375963384396,-1.1958611200346472,0.7731199730922478,0.009304497385398744,0.5910376189165157,5,7,No
2960,232.97787283592575,11,34,0.10647331828592477,0.6147273543853687,-0.40184086256024953,0.3742226239402479,0.07896683847823306,1,5,No
4732,24.735174040209206,20,7,0.6318158189181722,-2.148325272498505,1.4449078526326142,0.14964671981164007,0.3693003168050253,0,9,No
3060,24.14821619585814,11,57,-0.6317187011989623,0.6730158262926322,1.3159205451927378,-0.06879953947176984,0.5542384154368255,5,7,No
2142,23.755913053374453,21,5,0.5246381201649862,-1.0079153247547583,0.5019970879162784,-0.9407944822975665,0.17707927926181868,4,3,No
3119,14.524970600304773,11,38,-0.8009698165942107,0.7160815269607016,-0.621346980719567,0.7685320881911486,-0.5951903587280902,3,5,No
4726,102.46100764135579,22,18,1.0195152801088379,0.7273191640651129,1.0376311549021258,-0.6161139906205659,0.6487959108387116,4,1,No
4046,28.521687503668357,6,21,0.31789018945904873,-0.7777347234675455,-0.3445588908290005,1.1109854320988037,1.52761021378965,4,7,No
3357,17.78824831818915,9,39,0.10902742134336145,-0.7449330371514816,0.19227012259332638,0.5439845313447714,0.06507906809798011,0,7,No
2745,91.79069379124483,11,4,-0.025774651363980147,0.8228490983695855,-0.8735192693432408,-0.7327059449816715,0.4075910714568796,2,8,No
3507,27.6263206616922,14,44,-0.04942267967736986,1.928000319732121,-0.6598108189614814,1.4459400382797327,1.2099372215357787,2,2,No
1680,25.013096636583587,15,59,1.6457800627539385,0.5137934123852327,0.44808134697505675,-0.3437313885581705,0.26786178466784333,5,1,No
4250,143.40318927725227,3,32,-2.105775658252976,1.3203985251958321,-0.1705490728576534,1.2943874171083836,0.6986973646912629,5,5,No
3148,29.549995954451877,7,8,-0.43431367790342057,0.2413262450066115,1.7573474752102989,2.280933975912983,-0.17514287392427544,2,9,No
2295,106.15968737668918,17,44,2.146544792323574,-0.31329848598180216,-1.3218815325797542,-0.2345830986138149,0.19429310341952244,4,2,No
581,2.974506176717184,2,47,-0.7229813466010591,0.3954532632965579,0.6885145981148411,0.04986884400147382,2.407325721474793,1,6,No
1471,36.94703347944331,13,6,0.4264281541259961,0.06700434180048112,-0.21604828844197785,-0.6239222907829078,-0.034605999530600194,4,5,No
4071,26.586564939781272,20,1,0.6797047502176703,-0.311084075317558,-0.10659842602405876,-0.7037657333489795,0.31812003431479535,5,2,No
3344,72.3943486550779,7,0,0.13776551439784068,0.8290616210133757,-1.2514085262635708,-0.6150223087465371,0.1700541615798145,3,4,No
4584,120.06893909252926,20,31,0.8252108039220228,0.4938724649915877,1.8540822598415427,0.006254074605306513,-0.40331554781072704,1,1,No
3673,58.39152193908322,18,41,-0.09906848821849237,-1.0025197867431639,1.5593177156879934,-2.9446407983737357,0.03846555891285745,0,3,No
560,13.615416089517279,0,32,0.17974676957280186,-1.0155666619054864,1.5731790288732976,0.4932832333941253,1.7945630283820548,0,4,No
2850,87.88103723422034,2,5,1.2968382324450054,-1.0313875001615005,0.5066238221933962,0.2625093986304683,1.233368458255322,1,9,No
513,36.57911587402411,21,35,-1.035002230140867,-0.35245055222043675,0.9150785243742204,-0.1295486377843279,-0.4933854685332102,0,8,No
1082,28.467194475647645,19,17,0.8117644468277492,-0.22061633669438788,0.5419841750055955,-0.18112544925218838,0.7170004347155992,3,4,No
1665,109.00455172382244,17,41,-0.9568469736229859,0.10900398957959404,2.883283555780828,-2.5041899196462913,0.23314699633545147,4,4,No
1013,20.070583913731166,0,28,-2.0835571546060407,1.5892986945378342,-0.20389095886661496,1.2458941822708518,-2.033526578967956,5,4,No
1932,22.11835665181006,5,7,-0.24568792774209228,0.5375588822049737,0.8746940500325806,0.4618049060391806,0.42746307581686693,2,1,No
1151,39.807599300853006,4,37,0.6216023775187822,1.0843533746678506,-0.6097199233466377,-0.20692749498440183,-0.20277357076466468,4,6,No
2839,109.54544493216898,4,2,1.4169984722933255,1.3375693341483217,-0.06630492879003086,-0.9443861425023862,-0.8271063496226796,5,1,No
117,41.790799654907666,4,3,-1.0110326867032555,1.892168830399606,0.4664928167495073,0.5723951080293523,0.8833995689324271,3,5,No
741,90.17438418457496,13,0,0.937791538525052,0.8320751882917314,0.19500006716769022,-0.4420152804694056,0.10776208867632091,0,3,No
4807,647.7609171979099,3,4,0.23780766819077492,-0.32322846837464736,1.0995876117599572,-0.8022537584452847,0.18075073138775888,3,5,Yes
3676,238.29786787008712,13,36,0.35561895123829007,1.9474904481245392,-0.9181011679319183,0.6726083691938968,-1.2642926226492786,4,2,No
831,49.20198038573793,9,56,-0.48616419417270906,0.3494512232841407,0.9199888455514643,0.6688085075182737,0.3487197254894737,5,8,No
120,26.066328157846907,3,17,-1.1094210304392413,0.2086419064870071,0.2023181805583551,-0.8112963347867491,-0.1749298820038401,2,9,No
4854,8.790747320198145,7,53,0.7416714395908515,0.4016634950695911,2.684738194077696,-0.8166477594629897,0.07838687770933483,0,2,Yes
4739,74.68338756507356,0,21,0.26593554254576357,2.085685445649907,-0.8487863844475944,-0.3697559234517329,0.11130367991567955,5,7,No
636,24.87285504946149,17,47,-1.568507838037595,1.5182689127654503,-1.529803490494998,-1.0376866876706978,0.4136198854746102,5,8,No
4466,56.74104540216417,13,12,0.543872601264414,-0.36869101971730817,0.4533919623624512,1.5509884600090031,-0.45715754039035617,4,5,No
4365,3.7195160286008258,5,1,-1.9152457504853029,-0.620537215993961,-1.0841081396307675,0.3345263327879486,-1.6314479053743183,4,7,No
4143,44.04112433299417,23,56,1.6897790792438219,1.6614678366691877,0.15620569456403222,1.023402767025942,0.2613058276417852,1,9,No
992,145.36887981740279,4,31,2.1055880368415036,-0.35198811250705603,-0.45495724782394165,1.1073036591039138,1.1736860507455957,2,4,No
877,32.70999560117246,1,44,-0.6478025583831176,-0.7280239948197764,1.2210192603799375,-0.4572452051410914,-0.410559913834402,4,1,No
5,4.706595445686322,18,16,0.8247427465479676,-1.8863049279833795,1.1618663608635478,0.820599294997656,1.2520435636986627,2,1,No
3052,13.010554801521627,20,0,0.19193806817034087,0.6854461615682045,0.15473897535489242,0.649675032992064,-0.8435490902853326,4,4,No
3125,42.20945598116407,12,34,1.5047567056729299,-0.7876346695403152,1.923389968356058,-0.07060179168104015,0.7225708222563542,4,6,No
2661,12.081690366582674,8,41,0.45307150382591327,1.4126981141600155,-0.9499731890155309,2.014241793116171,-0.7746394337498207,1,3,No
2492,16.415615619671797,5,40,1.0315387534870497,0.6832381559814402,0.6804013501198701,1.7134915557639816,-0.329977464800349,2,8,No
3855,36.28942727624316,1,34,2.0720634139637366,1.718483243097777,-0.8218662759746158,-1.7538716759368522,0.16901834495488696,5,1,No
1716,37.58468713054213,19,3,0.04489283262282717,0.013521426126866038,-0.5775148740084471,1.4225884603978132,-1.5314842965779947,3,1,No
1149,91.74781695464631,13,46,0.20015575508852576,-0.343632309592346,1.5466471833172766,-0.18476372001034996,0.05872049224453354,4,4,No
3262,11.10968969382886,11,28,-1.6592256446967404,-0.37970511241478616,-1.0199476454453398,0.18598745648786194,-1.3098766175398993,5,6,No
575,40.038576138470106,9,33,1.2837619981986996,-0.6552311189383428,-2.242068720135671,-0.9967707518051554,-1.0970650388685572,4,5,No
3770,70.13511209208684,1,33,1.143758508569315,0.1310265815368399,-1.1327146225648415,0.19076806633558357,-1.187919559609834,3,2,No
3737,20.32761077172428,8,43,-0.9825399825450981,-0.4883461809004396,-0.5671973260030546,1.0980855654873265,0.2639158534832956,5,1,No
4147,36.39095142014556,11,17,0.35945008955460284,-0.32447837374768584,-0.4102309858272735,-0.8793021850031161,0.10027392890704176,3,7,No
854,34.16103229154002,12,3,0.3406161246754489,-0.4128497482022511,0.03787162958997776,0.16471726997003286,0.39987568473357277,3,2,No
1983,34.15972096750883,11,21,-1.0712560191947291,-0.5952575869087924,1.5416708468091938,-0.11830257501622099,-1.0068279759903038,4,8,No
2775,21.594434844546953,2,47,-0.5375786542794382,-0.30568250452696094,-0.8172275256330216,1.159404481948041,-2.769830911675961,5,1,No
1167,386.61296109888326,2,59,0.18565353544526975,-0.9095628762477181,-1.8180793836014721,0.6870109581123818,-0.8690873594774133,1,2,No
972,29.779435439731532,14,11,-0.007113751303377705,0.13843451934986478,0.1830496008171349,-0.9041214070421014,0.8986823824811988,2,5,No
2702,10.891206773557942,16,4,1.6746882374711909,0.22727581636916705,0.9863634917197626,0.4577039580481548,-0.3432672162101475,0,2,No
4496,8.389235034274659,10,51,3.1931320378016963,1.9398514095724797,0.1439450410199166,0.8510162673097027,1.0209480375208757,3,6,No
3848,512.6042644285528,17,31,0.5818412626718295,-0.9218966804693111,-1.9338350464862688,0.14426944786343035,-0.5670839824261295,4,8,No
2369,13.691844571720816,1,12,0.06606968804030436,-0.6702412395388759,-0.9248236759798047,-0.42685000647234383,0.39557726622524236,0,2,No
4116,18.015690567000807,11,15,-1.6314257294979615,0.06303906250812634,1.1828175562629524,1.2130932656456406,1.044992191386581,4,2,No
4132,15.386331540859782,21,32,0.3064555709818186,-1.0903071397086832,-1.0702908751696045,-0.6627959824791435,1.3654183407376688,1,3,No
2951,10.281272115094689,11,3,-1.074605523091488,-0.03445813279777493,0.631330605707724,0.08269855532482104,1.1494175066197203,5,8,No
525,134.80393535315287,7,46,-0.7391845378218174,0.8803069520925639,1.7316565943253943,-0.5838034222561184,-1.8352320764450323,1,4,No
2456,36.21932323247767,10,31,-0.7896397522873732,0.35544586284517415,-1.2381320527936235,-1.1341010782630543,0.9001632676405831,1,5,No
1842,33.481247752751706,18,4,-1.3381007846778628,0.41618867867357234,1.761776380570226,0.2650235741702826,-2.1593841017636466,2,6,No
538,104.35647274014138,22,13,0.3184734127743923,-1.1858702302449369,0.6663343957412341,-0.022945369627187417,0.2810092554868121,1,7,No
2807,186.0717542148184,9,8,-0.20673488668989076,1.372199801115334,-1.982429760812106,-1.2958201301610395,-2.4965997950630507,2,8,No
4342,101.67527444064582,21,4,-1.829839257035478,0.15371046811195918,-0.8172437602800985,0.36679394484608846,-0.7996469348401211,4,6,No
3176,5.69000197567768,17,27,0.5940329275619539,0.3306476758996663,0.5550212208093948,-1.7928917086883331,-0.49317960205361616,1,5,No
785,33.49665017621846,1,46,-0.7241092231036228,0.7167330077054214,0.9563902663419689,-0.018759959423630203,-0.8162192266205438,0,7,No
4058,67.59002834267102,23,46,-1.7840606506264338,-1.9244783029318628,-0.06809271589879815,-0.477775547990721,-0.9099771999321457,2,5,No
1410,55.32361275076684,3,50,1.597448306064415,1.5912672056641302,-0.23226375803886393,0.47355539694023474,1.2407332491412106,1,6,No
2538,6.540900670375669,18,44,1.3484520608444754,-1.0340745976463839,0.20176941933177958,0.219310314122081,-0.2304373527647899,1,9,No
155,31.38146553911522,9,11,-0.9633320704695443,-1.0838962896056503,-1.3321457556916456,0.7954598748704036,0.29005009166375534,3,5,No
3010,69.38225928859613,8,37,-1.2143079469326943,-0.16342129812592304,-2.240866980677666,-2.0078398230193537,-0.3342821734617308,5,9,No
1687,19.33049299702508,14,46,-0.8978639286931384,0.38879866688123427,1.6082059274456812,-1.6799927673875972,0.4890079549689279,0,9,No
2902,8.11325685819666,17,5,-0.33735095423623346,-0.21408044070346283,-1.5129692970010697,0.49219844060642215,0.5017700257768325,1,5,No
4950,176.06114848961593,23,23,1.4367287142755578,-1.1865257172597525,3.811220838938044,0.06771886591492049,0.746538077683567,2,2,Yes
3864,171.18319552976567,19,30,-1.2144813466427977,-0.2507755447630036,-0.6693227750786918,0.9829062133688924,1.549943200851714,0,3,No
2734,20.856388297442344,1,7,-0.4178292318442006,-0.8534381724935188,-0.05302547355694728,-0.3959516548742255,-0.9886077978129807,2,6,No
1896,18.511757406773636,6,41,-0.34200345172828295,-0.2311059313610249,0.9107696512920799,-0.8063430794948594,-0.08875531114611628,1,6,No
570,39.96378174181914,20,51,0.9542236554333953,-1.3505500487458946,0.8626190317989219,0.5090419685934918,-1.6712343852795908,2,2,No
1817,64.35107724074476,0,11,0.8961998392929678,0.9417022421330418,0.4890946992298039,0.9679251293892988,-1.576603338267461,5,1,No
2066,27.858243460224823,14,17,0.0384080843685186,0.32926358440985865,-1.4197710467742473,0.6606743221179475,-0.8303855240436768,3,1,No
128,10.086893881328301,15,52,0.7825181806723981,1.55356466849423,0.36814655519840694,1.9748910853573585,0.8971944180330614,1,2,No
3395,59.36985139769131,22,29,-1.6922703182653593,1.9910085635023296,-0.14524399811826655,-1.6066275072025784,-0.6928475149144372,5,2,No
3328,35.30896163424877,2,36,-1.179215497221173,-2.047589271482304,-0.8900123319978817,-0.4595209809131707,0.9777803770591094,3,1,No
4987,104.42341540903034,15,48,3.1025213805686693,1.0799605673667663,0.9620283590076977,0.8775556629895052,0.696157277421421,0,3,Yes
2976,45.51303163063491,18,30,-0.35232785333659916,0.48758353987003694,-0.23821976916259646,-1.740437149108308,0.8192995137226473,2,9,No
981,52.63439513939334,6,23,2.829219162208502,0.19409162950317882,-0.06763053927601673,-0.9869218947506514,1.528266367208985,2,6,No
2301,20.282893579121904,13,43,1.0346436733255826,0.7907293385893434,-0.6750980312359129,0.6362125515697836,0.4654664273365452,0,9,No
191,185.61334519978712,11,14,1.9484265541011465,-0.06196721303448301,-0.5323778492992332,-0.9199801110736965,0.9769641504287125,0,9,No
1140,33.2414054712338,23,38,-0.8291436361661667,-0.656843222137597,-3.028022563068214,-1.0118019704119208,1.0572413725125822,4,7,No
700,27.082705357723448,12,48,0.5635322106974137,0.49757827469419513,-0.3462896403271577,-1.6540661652606898,0.4563781853794524,4,1,No
4781,44.67249537673829,6,21,-0.8918615828770942,-2.3323464376487197,1.5668356044158418,-1.4753675440630412,2.25220908623315,2,2,Yes
607,71.0175111350697,11,2,-0.9425292672276969,1.1461893776648633,-3.2632667025240267,-0.442797321531621,-0.04588609413545871,1,4,No
4277,71.24922677792922,5,58,0.7496752044237853,-0.4561441372485651,1.1835819268440433,0.25669205791420835,0.057947425476303105,1,4,No
302,7.143040993159094,23,19,-0.042146813712690696,-1.0461822197305883,-1.6848628355091249,0.8318314520963794,-0.5467784222642238,2,1,No
3421,33.38123879868543,20,44,-0.02299597610505746,1.3155359455935842,-0.14812829208209022,-0.5529641639281685,-0.8638049500185812,0,5,No
4821,38.7972628703938,7,12,-1.2295700775691485,-0.7433665057458181,1.2448649047002147,-1.5884575944377384,0.22378084341565196,3,6,Yes
1061,28.397891391653904,2,43,-1.0915294565655804,0.7446013762128753,-1.4051165420684941,-0.9286547819223209,0.5343141282719811,0,7,No
2566,12.915942457722961,15,27,0.5192928558543685,0.6792928806699192,1.4881707557791632,1.2375700661171865,-1.0848782331087696,2,4,No
4995,109.18677583566685,10,59,-0.2249379236409037,-2.06899244150192,0.9729970079371604,-1.7388342057463335,1.7099395382196148,2,4,Yes
1070,30.65034198838368,5,5,-0.17758006980172836,0.8546131950644287,-1.2263188392972721,0.578558258784181,-0.6780144585204808,5,6,No
2525,219.8727314216683,11,57,1.8320032850557326,-1.1745899960844401,1.0011000918459154,1.134717244566627,-1.4768461549088636,1,1,No
2206,24.67158746520265,23,54,-0.5005056602039589,-0.35472025149075065,-1.313501949329265,-0.7020136616597602,1.019944247863435,5,8,No
1244,19.472894938090306,19,49,0.18439373758862196,-0.1740018310855592,-0.48949441125702076,-0.36406959250345405,-0.7940351866750697,0,3,No
17,47.882533081447455,18,42,0.010575205529075074,0.7953554137930766,1.6464930754838332,0.585486232246082,0.803314223624267,1,2,No
3121,46.226305151855414,4,26,-0.4113417479801493,-0.7895980898743715,0.42685823443891907,-0.49373383579925434,1.4587864497461098,3,7,No
4643,79.91179494362176,2,33,0.6285133389776545,0.888809106876808,-1.014750446354195,0.7071730663350833,0.33686943620519444,4,3,No
816,45.21608264594014,2,57,0.9559986056401223,-2.445466020015286,-0.5862528572757782,0.022930350567612473,-0.7897623234133629,5,6,No
3068,51.17514460149768,16,41,-0.932020075650535,1.3302358991105523,0.9919595139646692,-0.7419614995316888,0.9249098283594475,2,2,No
4785,72.10803401323469,17,23,2.0762215910498023,0.17271247399057632,1.7072404810979096,-2.145637949283741,1.204894620386235,2,2,Yes
960,49.80105541514644,7,11,0.09826706011048876,-0.30333275327249254,1.0739695414377377,-0.30849793050286634,-0.2345413991506094,4,8,No
226,41.605331917131814,6,16,-0.007436346645589392,-1.740319565334422,0.46155391796127865,-0.4510012294467944,1.2615350748110512,1,8,No
3355,23.449358366708143,14,13,0.06806229650933039,0.19975094028884885,-2.11112962590805,-1.1809385843936873,-0.04417688187012046,4,5,No
2486,29.53800773869513,16,24,-1.4479934059605262,0.5932367006148741,1.3975436186143861,-0.4066018713159627,1.5627617502434605,5,4,No
563,34.85309904667883,17,29,-1.4265130788738078,0.5651280405088313,1.6249860481773497,0.18955084591416504,0.9993036997022059,5,6,No
3437,17.26403973170309,19,15,-1.2436794471208619,0.38054477934070446,-2.1303902027093113,-1.1774896769240053,0.19881618802038667,1,6,No
1694,19.455357967914445,2,43,-0.459505981481222,-1.271764657108261,1.8292022978652303,0.7373419355929418,-0.021975631580239508,4,4,No
1046,14.024334249271487,23,37,-0.16520512073152382,-0.857417446351554,0.335139949282455,-0.28874174991938856,-0.904800083738726,4,6,No
3447,21.729324882985594,3,14,0.9894290622144151,-0.7953226974445985,1.3652977661621113,0.3194062551291095,0.16988334632839508,5,2,No
4566,37.26682292439734,9,39,-0.2807933030136654,-1.6267764926212422,2.3074640161842224,-1.8160137756217858,0.2121050711442457,0,9,No
955,16.24683236063808,21,48,-0.35640234025119183,-1.441233333364019,0.17697776408547883,1.16285630331634,0.8421161461652679,1,3,No
4986,108.03139325323515,13,44,3.0394168017030525,-0.36644273859175924,1.4441052525922862,0.8401398992288966,0.45924913226235775,2,3,Yes
2736,22.136261569578025,15,37,0.09303681061097219,-0.4457067568314786,-1.2296215128794679,0.7661317455737034,1.5935467921920556,1,4,No
4904,82.29974971676234,16,58,0.0461316029713954,-0.35016227366008124,1.5529785193195764,-1.5124655620216212,0.19887011579853509,3,6,Yes
4736,32.99351326283458,9,29,-0.6574686493926422,0.29990843386112664,-0.34933219897751994,-2.643065205448611,-1.2189867203519418,0,9,No
4824,33.998430172009215,12,4,3.2056446006857913,-0.6910274046150617,1.862982390573796,-1.8436018594512016,0.392628577476647,2,6,Yes
1219,10.020580475866023,16,15,-0.17567789932136524,-1.4610343171899207,0.12745550483907234,-0.440966891743302,-0.2425521640183039,3,2,No
1528,27.92749190608168,17,58,-0.5456955064146043,-1.4669626257534132,-0.46940273163385776,1.3014497372195053,-1.0455755423353477,5,4,No
3988,51.41469192257774,22,30,-0.3931295106967442,0.35274330110013347,0.06904149629940481,-0.5721224805284093,0.11303952262772723,4,2,No
1301,34.93473571134858,3,54,-1.4951440475767068,-1.0390639415988954,0.5420929443455513,-1.7546164725683715,-1.4493445718460223,5,1,No
4892,12.337849189880496,10,35,-1.0958090745925826,0.04998181208492458,1.7526628703372533,-1.2260131457733208,0.09358706334444944,3,6,Yes
161,12.614957811405713,2,53,-0.21424454337091037,0.14587197828259946,-0.7012259926314353,0.43881652336169663,1.4520881320393144,1,1,No
4068,30.729940397511093,7,15,0.3097002513759764,0.8960840720296066,1.3584127442822826,0.09361160187692935,-1.094775431437547,2,1,No
957,20.40887526866105,23,41,0.4860450682678211,0.026925901748040507,-1.2156361295986817,-1.4197173831764305,-0.35460901581739546,2,7,No
3792,155.82374962905706,16,41,-1.3418702060347765,1.166925030104652,0.49253013132496903,0.2911735486469627,-0.004823783895256624,1,2,No
3235,20.394581206873703,0,11,-0.1942304393492519,1.0769743824250069,-1.2130272878543464,0.6565105169690351,1.0336732727884839,5,5,No
2870,58.688419242352026,2,11,0.6290667951915221,0.0033630003668177356,1.02002762862038,0.22976882434929377,0.754956030606311,2,1,No
3778,52.452094447180485,10,59,1.7255984995346183,0.41679814012023036,-0.3576571274890048,0.4279161636397303,-0.42994800737373934,4,6,No
4434,48.32565726987972,17,45,1.5259470580225225,2.192803090152836,1.252902571660937,0.2774085575280851,-1.637266794738393,4,5,No
2962,32.21933202405742,6,44,-2.7260386833447767,0.4881743968238727,0.95495136850919,-0.21607677801246578,0.9280900847818052,0,2,No
2201,19.306943886702896,21,33,-0.2700928477579016,-1.0254625750431887,0.8686680157067189,-0.908055425577215,0.2918037041313899,0,9,No
99,49.39129661174027,7,24,-0.8751096421946959,-0.9936849198426648,-1.7339224032296623,1.5326278923931278,1.371067390768662,2,2,No
2558,76.67441579806719,6,43,-0.8211550417688822,0.7531382351203657,-0.9819850811261792,-2.150330825608929,-0.748063647230787,2,6,No
3184,58.260089122815145,5,44,0.28910138492964804,3.6825095059822104,-1.7051546673252722,-1.7199269732363143,0.994260567933725,3,3,No
254,12.34366432813465,5,10,-0.06398565562856524,0.4889100117578045,-0.45385985835418646,-1.209121304680956,1.7350739625142755,2,7,No
3924,64.44635019811491,9,20,-0.4224566444148316,0.534514757201677,1.7132378478469674,-0.40924814789921293,-2.6469108160636288,4,2,No
4200,45.5263465146335,10,28,1.712295284694428,-0.5104832738658133,-0.48950522152066184,-1.0306697654625794,1.3679247297344348,3,9,No
1446,44.25818811503941,1,56,-1.1861163817288356,0.7031597458613295,2.84882512731232,1.4535381312573497,0.1335133803912118,4,4,No
1649,27.69757407909634,9,24,0.46027571216071417,0.6622598757704032,0.7970441968980189,-0.0014668935388082768,0.38356194091782453,4,4,No
4683,17.756840403947173,21,20,-0.8064825913760211,-0.6435625337709185,0.44811278378512026,-0.25733829891542803,-0.02866417635496403,2,2,No
4724,23.182287643441057,1,4,0.34179979976361696,-1.1145315849202633,-1.8710179111344463,-0.008315239353181809,-1.8993786083087356,5,7,No
3992,11.773942894639813,5,56,0.6011371911866729,-0.4369081798358277,-0.4547776361186857,1.8641624376481394,0.9387247016836515,1,6,No
1697,20.785005454760437,4,30,0.2629671427671633,1.6979508797892537,-0.5027641700610439,0.6479551493306358,-0.880443583007951,3,3,No
3192,14.55834987510974,21,35,0.36994736619662705,0.018122234087035862,0.01278043502973612,-1.559765177706711,-0.9065680538145977,2,5,No
4500,20.081221833289508,9,2,1.2384094868990556,-0.7056480655056492,0.15484251022920514,0.9723113095655427,0.8343459227134823,5,2,No
1155,66.54090284810482,10,27,-0.7641565033062317,2.2879743747346946,-0.10947882333060471,-1.1712941449900325,-0.984341766213772,5,2,No
2256,10.150768610503643,5,32,-1.0653993306026128,-1.1315928661217227,0.3470818234980053,-0.05442251028191393,-0.4155073778401859,4,9,No
1683,19.34025458604219,10,55,0.28171302442411916,0.7112469185631435,-2.426634420831104,2.089051583278826,1.5897298447133985,1,5,No
3171,95.98668547285769,6,31,0.2195962557529683,-1.2193367972931106,0.9720495825584275,0.1025671806553637,0.2600177481534508,1,6,No
2057,20.229465528938846,4,54,-0.6810771326794941,0.19850109982821082,-2.6186794132702413,-0.03264754142036228,1.0929824711059881,2,5,No
4091,322.6404965362366,6,26,-1.1568783951357542,-0.44941960556272476,-0.3817124302875526,-0.8041738102065689,1.2511133018190026,2,5,No
3109,9.083823012868123,8,27,0.23271782750501074,0.638274589873962,-0.626217485903185,1.1272032556361231,-1.666277691581314,5,3,No
4549,37.96468958381159,23,30,-0.48787394775796245,-1.1168254005786553,0.0866123725631,1.0843822821233247,-1.2744199089880062,2,5,No
3724,82.37055288885762,16,9,-0.003584025583877192,0.4023087071149271,-0.10150386771522495,1.0772237738493302,0.4337531513945975,4,2,No
2050,10.772999428824331,15,38,1.109187575735034,0.35959645428368786,0.6802960760798054,-1.3602490209065226,-0.5719874842699945,0,4,No
3644,17.332611664364798,19,10,0.6562036422686036,-0.18155923056207843,-0.2879031284145349,2.4751773853640233,-1.29305116830348,0,2,No
4928,96.67410841622377,6,33,0.4072221926289021,-0.5597401912242322,-0.23970681152515616,0.8047518283580517,1.5126442124059176,1,3,Yes
624,17.820225314452266,3,59,1.6774193600142666,0.7064877557971356,0.35654237829544994,-1.8622769680124747,0.15675816288069885,1,7,No
263,41.769645420869274,1,0,-0.5401535540724726,-0.05502796639029617,0.1340044761679099,-0.6163570532651123,-0.12875857572966917,4,8,No
3370,37.51336530649828,3,4,1.1392341863148012,-0.30834174443895124,2.850589233202246,-0.7664777977330396,1.007196913880258,0,9,No
4062,95.91946455037358,10,51,-1.142535401878337,-0.6336229864725234,1.082007171583658,-1.2972425802224925,-1.163802195357527,5,5,No
1803,24.424170521898777,22,56,0.35168141647078477,1.7560743221487412,0.06938963461353378,0.4522970861121,-0.2349234458819979,2,9,No
4737,15.1629887475179,1,2,0.20231866941631382,-1.5775365213350239,0.6347756760793756,-0.2780442467075762,0.6979579142753379,3,9,No
4993,34.867115020084356,11,43,0.5406117812868391,-0.6578693204242586,2.2414187479386936,1.393722698982226,1.3148535456789103,2,5,Yes
2386,17.919960882633237,7,27,0.9592583999199787,-1.7736666252424869,-0.9790027452004435,-0.7313738994719998,0.21887153850827396,0,9,No
1960,18.429421092248408,5,22,0.7278085448741498,0.7453876530851291,0.1489427913794047,0.19237362473699957,0.09819533680280466,5,5,No
2977,15.115814158955391,4,49,-0.5082822652555984,-0.2116601525003606,0.011832518237234323,0.023844997277525003,1.3690197450945223,2,8,No
489,14.13229792431686,13,2,1.5657704754544142,0.44847381007323184,1.3277728955142192,-0.3600083573099114,-0.7405254112502966,4,6,No
1844,7.408491407914214,15,10,-0.1555034692598096,-0.5160055636374792,-0.6832820926623819,0.567899527128155,0.46282604614592426,4,3,No
1735,19.756632501641313,19,37,-0.5444608900142378,-0.13686788936666924,1.9574300019179927,0.17217721589256915,0.5328672079740328,5,9,No
2912,218.74878512969224,0,24,0.18160807680054034,-1.9119497884148662,-0.7166607603462448,-0.735143352915445,-0.6004567663178756,2,6,No
3220,90.1823714546428,6,17,0.035154344478332454,-0.1133232907820763,1.0516712986540218,-0.010774200199863703,0.5550057449823378,2,4,No
147,17.955620773652853,3,41,1.0259321315802274,-1.5112226864959049,1.0644704608191784,-0.1651991591304367,-0.09583449964285712,3,6,No
1987,40.38187964155799,20,0,-0.7049459469369983,-0.1837499538705739,0.695517347469211,1.0325621693267832,-0.1478746844438469,5,6,No
1370,86.45210193806865,16,0,-0.7618113825596522,-0.5802393195274274,-0.6106781375454329,-0.7258608518557548,1.0439109964164817,5,6,No
2812,23.001779486987022,11,59,0.5254368627202523,-1.4804001953296708,0.28123970380651714,1.3167806635714312,0.1717669548113143,4,7,No
660,23.95574801561599,5,36,-0.242461397323753,-0.47551249838778537,0.955848582613206,0.6727627681666226,0.642252150088298,3,6,No
1795,5.1957352486723085,4,25,1.244707665832734,-0.9283825705313375,0.2770533383899935,-0.06846613357016398,0.0679268250947688,4,6,No
2512,182.50318782768935,7,46,1.6015454843855395,0.38158370156277943,0.07321895306977201,-0.6923708198604551,0.8023851549305044,4,4,No
3398,25.52788462546751,9,52,-0.46649948217885445,1.4645080626293492,-0.2446342998992029,-1.2518353012375592,2.5788151225514846,1,8,No
4283,73.5421859653159,16,31,-2.4215042311863146,0.5420660296269624,-0.43401681944676307,-0.29861391310590335,-0.23401650687553005,3,2,No
1148,22.55042893147962,7,14,1.1890336088401876,0.3690531760065605,-0.35381584747966704,-0.9087433226862226,-1.084253917587093,5,9,No
3273,27.730212226231185,17,44,0.4240562762269059,2.6700310384744697,1.4732968955542045,-1.0787404979733752,-0.5187886816093837,2,3,No
609,6.137409101195948,4,33,-0.40936692967583616,-0.03351279066031383,0.20841786186378186,-0.9201543513715253,-0.23393995767839035,1,9,No
3583,35.81798461378553,20,27,-0.5747009551584255,-0.11487723791158005,0.09542788731785279,-2.2853055362966956,-1.7535399818052029,5,2,No
1931,5.934832861253367,19,14,0.879314983395656,2.068771855120066,-0.25767250469905323,0.8541566653663792,1.4846253176907442,1,8,No
198,22.318030115413997,0,30,-0.5234466424801542,-0.34643625218509994,1.7114227989324904,-1.0042345261302041,-0.942118821850772,3,5,No
2932,79.01800648576928,14,41,-0.6651528638060755,0.46116676477351143,0.8314594195090657,0.701936224014839,-0.6752167163510698,2,2,No
2328,144.0178472224857,19,6,-2.747182706515698,1.6134686895722739,0.33040495357337474,1.3346512716780043,-1.1746344769133745,1,8,No
4390,163.53513494006427,18,36,0.08497570986669034,-0.23860912362544964,1.5746192676909097,-0.9755208750058288,1.0351461561034292,2,9,No
767,36.00367719014908,16,37,-0.34829911914855655,0.8315580224838186,1.162336567811155,1.0841883470160967,-1.1854716336476838,2,6,No
4497,20.52146692339277,20,46,-0.2621704370825809,1.2556704097349487,1.269433027079119,1.561918878692175,0.2659985697587513,5,3,No
4219,184.76949403684725,14,9,0.8005008534488093,0.792958065081439,-1.3879229054102005,0.7534415749898677,1.0732643780420765,4,5,No
3256,46.618779682152876,11,11,-0.9111579558649258,-1.7273305213236536,-0.5111111571670296,-1.4012509239661861,0.9600962946083287,3,3,No
203,36.25527568690293,12,56,0.72166195980949,1.0837307806073746,-0.9573927260743923,0.02407740648391172,-1.3815791735290779,4,9,No
3511,55.185925569956375,2,9,0.8690129272813477,0.008573411840353923,0.34458834765612395,0.2536238214523404,-2.1102569754710068,1,5,No
1734,7.830460060132604,12,34,-0.1970532768892231,-1.936218413430874,0.29655486129806496,-0.0023837097571301727,-0.3567903536395394,2,3,No
2778,20.825944864088964,0,9,1.193728770482258,0.2628672732028384,1.8269651576585,-0.8490459226554354,-0.8509804020326048,3,5,No
1708,42.94017452375298,5,0,1.425687234919314,1.391400860599534,0.15565930182094104,-0.5999943867003046,1.3059540444042912,5,4,No
3475,8.943302674231461,4,45,0.228577936751324,0.5030603803192918,1.4604428034247465,0.2505541836365928,-0.19117464531234538,5,8,No
855,43.753688355198115,18,39,-1.4665969654870044,0.08428085127349749,-1.7472173373247617,-0.3236609949936378,-0.5091898301117628,2,2,No
4738,81.43668377583504,4,56,0.8851128738587222,1.9278125513531286,-0.6584400690494011,-0.999612030325955,1.0228860541324831,5,2,No
4098,75.01676382772212,20,23,-2.5205895975447494,-0.1984308619237716,-0.11837721280315727,-0.24104162959350006,-0.7186441978495999,4,6,No
2161,19.6575473811207,0,56,-0.05803200641519668,-0.5999091184624037,-0.2508175117603908,1.036770787041004,0.7312405173250732,3,3,No
699,13.261218641991071,0,43,1.3164399478541957,-0.18791502669300522,-1.0233112807658922,-0.016698613086298133,0.34870199801863844,0,6,No
4948,100.24836915208954,16,3,0.7570454236804829,0.5262774130120955,2.144896658409775,-0.460355310231479,1.38259022185962,3,4,Yes
3000,23.709581914405927,2,54,0.9598803995820612,1.3042597005739716,-0.2867132351963696,0.8194689058741319,-1.2961882955734396,2,4,No
3697,16.456950352970985,9,36,-1.0616052669576297,-0.21820893626891905,0.07269130725085587,-0.637248639115465,-0.46480102654614863,0,6,No
1637,5.66767898983052,3,19,0.6962155518302443,-0.577660814366683,2.3020600734300767,-0.024383352293952932,0.2363753203557955,5,4,No
3458,12.89500562605494,11,46,0.10856129348601495,-0.31667037334641124,0.17425903692465192,0.06845665960602013,-0.5049086095761036,1,5,No
3582,258.40938595932687,10,7,0.7358089214115483,-0.8199104270178882,-3.070855988088598,-0.23686301052294362,-0.2309662091167659,4,3,No
1292,21.347744496354988,10,5,-2.560906817931806,-1.0086317825741715,1.6022097613659732,0.36860021295899326,-0.3765238553450964,5,7,No
4660,12.87215130725663,15,30,0.60528098066921,1.1768041214255074,-0.5656075822022671,-0.827915700768788,2.4687056719474993,2,8,No
1854,64.85242571642472,16,2,0.9668361511758767,0.5196209309353098,-1.0068016328441245,-1.0649266807425117,0.09719675228381489,0,8,No
3764,59.75904576960937,5,22,-0.36778818378256706,1.4213027867696928,0.3428331414857675,0.045667930631577265,-1.0407726192025808,3,6,No
3305,726.6988788754969,19,23,1.3823500160221647,0.11485545277709149,-0.21901325478235495,-1.0739104462458848,1.2088363683673755,3,2,No
4913,100.52889278684626,12,26,0.5875188735968563,-0.6228286353841946,1.518919810887213,0.07795361772021137,1.226061587784847,0,3,Yes
3744,62.29023669907827,15,41,-0.9116735015242096,-0.19703293279770606,-1.7934639640876766,0.14592376448049135,-0.2945084966017974,1,5,No
3446,23.83321341943036,12,20,0.626110217557537,-0.6227991789061939,-0.011337004714896822,-0.2248712870908689,0.5997668408069873,4,3,No
1999,19.47590716883906,13,44,0.23752674683135086,0.45659200019442725,-0.42240938607498574,-1.5620111153292136,-0.08330053089783662,1,4,No
664,23.515483142721383,16,26,-0.042352938157114994,0.656883511240392,0.8361981156808681,0.10821760163053258,0.9558335730808833,1,3,No
4780,69.1515530761431,5,7,0.2750309000842672,-2.168007315510942,1.2661883964965566,-1.0078601166582908,-0.0821319251909578,0,5,Yes
3749,16.007782993635775,6,20,-0.8333446735086815,-0.6761820213704531,0.09503572663339595,-0.9311872114942111,1.1063299275807599,2,4,No
4414,15.610929494075437,21,43,0.9469531002394159,1.0478132263203508,-1.0576868679287315,-0.4026096786175421,0.6669728023030699,3,6,No
4745,27.43997518397538,17,23,0.802973566791272,-0.3255848936124145,-0.3534831388037694,1.2557191335756837,1.0249824044552234,2,4,No
710,63.27464466620629,6,29,0.5693690867420935,0.870952517251484,0.7583542335444021,-0.3543979441938586,1.279164902965326,2,4,No
1283,4.418929203706724,1,14,1.9053231974548321,0.10586015317114122,0.5424127411908184,0.9878938809484459,0.05495844967245965,4,5,No
2676,47.72652605163689,5,32,2.1455426264063693,-0.7681482693953166,-2.2317340032225883,-0.7079493091648544,-2.008323661747371,1,8,No
4030,40.30173842061335,23,45,-1.3216371813560446,2.5869827518543587,0.6514363063683817,0.051880729295031965,1.8418669098004679,3,4,No
1307,12.226202248946139,4,55,-0.94767413830335,-0.33120127739626604,-0.9409403929929648,-1.4132735845645044,-2.104984945837922,4,1,No
2238,30.25942138175239,14,24,0.011208859479515595,0.6741977605660634,0.09469814704959638,-0.3118625396642448,-1.1727097548638747,0,5,No
3303,84.72582220123611,8,25,0.439786020145902,-1.1075035674330105,0.7400771128429109,1.638225980376139,0.8699091685662161,5,8,No
2039,12.259511968359389,7,6,0.035005756152338266,-0.11576618737057508,-1.4177684830656132,0.3725030898738332,2.154317740207277,2,8,No
1530,61.39212566879519,19,47,1.3381791668583911,0.4745366851389799,1.0288177791774493,-1.3155893009900326,0.654828453157915,3,7,No
1664,199.99406696300932,10,37,0.4001238323252412,0.39052649896701547,1.8571044190632442,0.5202207318217247,0.541107171140971,2,9,No
4935,42.78918608921968,16,53,1.1375489375664,-2.088583073290698,1.5307231020371235,-1.4553916831329552,0.5438948442259737,2,3,Yes
4954,8.205035375561696,3,47,2.9675617619585664,-2.216398820041737,0.986203157698335,-1.8560957972445622,-1.3496329320868472,2,2,Yes
3628,13.117168696414803,6,17,0.8101745149746348,1.7837582299786434,-0.33750648687751095,-0.66739215574352,-0.4292296206787462,3,1,No
2694,22.97216382199632,14,25,0.08093332580685558,1.1024964410603724,1.2992634419885658,-1.7569336953291947,-2.177697562880629,3,3,No
3061,107.60324984783028,13,35,-1.155715981200465,-0.6687234082638018,-0.5064733341147655,0.8275241487147456,-0.25191772205116547,0,5,No
1598,42.03912746547869,12,59,-0.025016722818516402,-0.003727997985697524,-2.0374365056904526,-0.38866588724738077,1.355479399613551,4,6,No
2730,9.351807487816508,0,23,0.15108185737972077,0.9641179787064542,-0.2753053409111772,-2.1085304612637246,0.5135701828168205,1,6,No
2626,28.35680024105176,4,20,-0.28738616294741903,1.1918253180160974,0.6677808126642371,0.5340402268622355,0.44088213894866324,1,7,No
3158,25.445088797611337,0,18,0.5344558217785341,1.5813086374574774,0.8467610404467162,-0.34953175858877167,1.3054883036324958,5,3,No
3315,98.24404322404423,15,33,1.498627694740107,-0.6433228568458644,-2.2091711824013527,0.3654662865553487,-1.1142565425626332,4,8,No
1723,17.06959126098495,0,29,0.6107947758868288,1.2595886124323863,-0.6433417016248717,-0.7457535805149944,-0.28718753877243436,0,1,No
1060,51.662223004880836,4,8,0.2360081284201745,-2.428890309093365,0.6465257458594902,0.14994219622025123,0.5640488652435708,1,2,No
4637,1.4280840175061502,1,39,0.5250954351258919,-0.12594563430016648,-0.4887309781259798,-1.4026621297346962,0.9368914057122862,2,7,No
3243,42.928750039771934,4,19,-0.885945387440795,0.29977095659229863,-1.0347781277086976,2.0696568802183926,-1.6393848940848423,4,4,No
1679,16.022354482758065,20,34,-0.03590275159667653,-0.3350126492563195,0.34256985170420967,1.6111939354362215,0.24988939427925833,2,2,No
1758,319.7834998647866,4,59,-0.517233861067875,0.9332567682302587,-0.3224200582703233,1.0140288476007093,0.34665086683888213,1,5,No
4192,75.33442495924811,19,24,-1.5063012089098053,-2.0592376505028547,-1.8490836665711425,-0.044721799461061425,-0.3079419962508205,1,7,No
564,15.40149715529125,19,51,-1.8739478071432591,0.7804109582286599,-1.5472313265890145,-1.2778188460326472,0.5140252049614028,2,9,No
2791,145.41480371695013,22,37,0.2148429760558284,-0.7165832297446689,0.12391518068607582,0.7230790030071444,-0.1762590206173354,4,7,No
864,36.01663817856317,19,3,0.5276065148892575,1.6428176678484692,2.0360182121711525,-0.23348367787266236,0.6731736721563578,4,8,No
1485,72.06795766187005,5,7,0.3882273927391748,-0.9612844126119443,-1.1711785562297325,-0.10110593350525482,-0.6797763803957657,4,1,No
207,14.250182728814254,9,26,-1.1336916855468007,1.2421386186275805,-0.26231452558099516,-0.9044532262960451,0.1971032508712023,3,1,No
4489,50.78678682488552,9,5,0.11567361239353575,0.34571957007825255,2.0825539212369795,-0.9491998952143296,1.5401929848656268,2,2,No
871,43.766307431629734,4,46,-0.5418440893798766,-0.148472068406966,-0.0045433567934511625,0.21732162748104863,1.1098307622400312,5,4,No
4494,12.555790288406651,11,42,1.232583335459925,0.8290171765016697,0.0338794045681714,-0.26137899435549206,0.0002219095423826803,3,6,No
503,16.127401256312083,18,30,1.277259557212047,-0.1176556587864825,-0.3501367739746331,-0.6691829830386058,-1.8170870291201529,1,2,No
1029,32.962383843527284,2,6,-1.3984252007158473,1.045407615324468,-0.05736661964721288,-2.2688650753773305,0.17832958726323747,4,5,No
3841,8.30835661764943,0,17,-1.0179454338200378,0.036110156221710585,-1.5912467426429304,-0.05731102236315014,0.3854085388217769,0,1,No
2691,9.211965198305773,21,30,-0.5503192989837563,0.657106089760963,1.0305650779142739,-0.714420840471543,-1.9975965075836535,2,2,No
1571,33.95814412899958,19,9,-0.49561731205497855,1.4799936990975222,-0.12131196039145109,1.0919866014965909,1.2268384471093907,5,4,No
2774,28.113106634722982,17,14,-1.0840136458084366,-0.22951649867539514,0.355972823031185,1.364575655223326,0.06506752586240412,1,5,No
2732,9.00757085504261,2,26,-1.6254229161113314,1.0973136179781766,0.4243984786736575,-0.1988673323428531,0.34511614863477913,2,7,No
805,119.98072580682197,22,20,0.6772576303532128,-0.8429598658458911,-1.0202239067705932,-0.3266037965965932,0.06076509764441081,0,3,No
3646,7.558647300546352,0,22,-0.16361665803038167,-0.45273759254281193,1.3775151656656583,0.543924862372721,0.108473121143375,0,9,No
2455,21.965345612268848,6,0,-1.0258031906239433,-0.6832366692929935,-1.117802175304829,0.21778658358668515,1.223888793650001,4,1,No
4599,107.82691066278038,0,25,-1.6151655188735192,0.3910500067843521,0.49210095140153687,0.9397443593992006,0.6552013290501952,1,9,No
3105,30.854555583285446,2,38,-0.43408697541210967,0.21290166362990579,-0.505491138155891,-1.8961962578243126,1.1402006107627027,5,6,No
4876,40.00658757683367,16,36,-0.31818836300740494,0.2475964347087256,0.3419725533229029,1.4463244528926074,0.42144317383283403,1,6,Yes
201,46.41276591170004,22,16,2.0744513948094574,1.4855214886442982,-1.5051279426706532,-0.5367380603433028,0.4214507405553377,0,4,No
3100,59.81884402859307,9,59,1.1275293428717001,2.1382365117749007,-0.06119892705183975,-1.6614592002832689,-0.7061372242607193,4,5,No
2279,19.172217137056087,0,5,0.7159609751718123,0.6301657072365295,0.023585433883416867,-0.04904941732733615,-0.08729830906975687,3,5,No
3562,37.09085851450069,4,22,0.31656414600726424,0.8020434760763433,0.014309186619549868,1.3638153884891353,0.8234164029758364,4,4,No
4475,16.804557361823502,6,31,-0.7298060520533185,1.0480033874839145,-0.3794863353468965,-0.7519747735310397,0.5951567206298836,0,7,No
4515,36.280984903935156,17,19,-0.6338473531372394,0.4500609550258328,2.0738937864068006,-0.35470979854213036,1.023104191827511,5,9,No
392,34.96521063799558,19,56,-0.7007926109189417,-0.7230075427232033,-1.157128648593915,1.3062853865193034,1.1210044069163025,0,5,No
1496,10.979296517982355,13,23,0.3377968746369915,-0.05668914743077159,1.2036868668429943,1.2593384762119868,0.5318881192017995,3,9,No
2696,86.00008882413019,10,38,0.24355110083159448,0.20002245551464987,-0.8594390986237331,-0.7429872862089923,2.234108876781497,5,3,No
2028,2.4549629879669888,2,10,-0.006411752877750488,-1.0082354924860506,-0.2970745132500433,-1.2642341879976393,1.1630552371530958,5,7,No
2569,5.421556932298134,16,25,-1.2671702674073555,0.5092147968178518,0.16400656054818072,-0.049711794235579934,-0.1282815381413193,2,3,No
65,67.43920867037649,2,58,-0.7077387794799367,-1.6022747273509945,-0.03402600268307527,1.295952688284265,0.1609421366160508,3,3,No
3885,15.554551294889976,13,22,-0.5226613062439679,2.255053583520935,-0.06832663218454633,1.074664086224138,0.29970713416582134,3,5,No
2063,43.50441895143894,4,10,1.378937830644556,0.5833329633576567,-1.0674231909764418,1.0975215056449055,-0.3094698518563403,2,6,No
493,24.87221374312276,2,56,-0.3032490294105138,0.936429279466497,-0.17820094286302327,1.0234097774482882,0.4233044842091017,5,3,No
380,20.953392554700184,0,33,-0.3030561853656883,1.0280680199603225,-1.844496993811034,-0.38150601970371084,-0.4817546473645869,5,3,No
4860,51.584271990446766,21,57,0.7166594072446261,-0.8904643192360968,-0.0436742377971131,0.397519551934326,1.711084506323166,1,5,Yes
3994,16.60444483760301,7,43,1.1100511748216575,1.599591543315416,-0.25149671481485364,-1.3130562544181579,1.6435929314017126,1,7,No
4888,416.3964138460984,13,19,0.960787432745296,0.2510256239526115,0.8823816848094389,-1.7900381079400778,0.9339662667062665,3,3,Yes
1077,123.84282208568806,5,1,0.4397413956031783,-1.0827358820240034,0.7800583361303581,0.3129413364899617,-1.202110758836501,3,7,No
879,29.861794470143845,20,49,0.9146523840739345,-0.1487345907672074,-0.62306906995688,0.017878432508401983,0.585578769772898,2,2,No
338,45.24125860802974,14,1,1.3360485972587004,1.6966917372324548,-1.0229499281807124,-0.48499807829086855,-1.0329792256985308,0,3,No
1017,34.889060196736885,10,9,0.5521894854346522,-1.1484699743750089,1.1886886516093707,-0.05599299169806913,-0.9350242741115493,4,6,No
1276,33.89797628899094,23,52,-1.0994314383411499,-0.10991931740976253,0.8913325662630432,0.06524712797985452,-1.1479412824546105,0,1,No
3799,76.646301714032,9,16,0.4978516734690871,-0.12957027610366778,-0.014813524355927483,-0.7202107280616544,0.5030617517382614,0,7,No
4552,16.818172312769242,1,52,0.48752264313920374,-0.6582780536303676,0.8002242939145273,1.3865235312807536,0.10016050907470601,2,4,No
3343,179.0299373258074,11,22,-1.1141271642675874,0.6743496395665937,-0.7267288124769339,0.03853644025176734,-1.3246649339361583,0,5,No
4912,118.57364018604991,15,18,2.0257330230083443,-0.9774132517856362,2.813979472966592,-0.9629130450481076,1.8677701137322984,3,1,Yes
996,47.121066040002354,13,32,-0.08553040194807149,-0.7840644374778307,0.010816519422534776,0.05808640659177093,-0.9002499779015097,1,5,No
1982,18.90734613987816,16,13,0.6217130633225604,1.1833798847028856,-1.221838044246514,0.9956599530478653,0.9307787443246629,0,1,No
4298,17.124365011266175,20,47,-0.5621834271826401,0.5507544194505164,0.46391383049082485,1.0509700255841425,0.5023203703787291,5,9,No
162,16.03500164068731,3,48,-0.48315855529730695,-0.43679556010782966,1.9984658747459307,1.0017092200148388,0.9443223521182641,4,1,No
4799,39.86173399865229,11,29,2.089737773002882,-1.5448554622933008,2.776448474754181,0.6930591857700084,1.3038148259520579,1,6,Yes
1501,18.79714665071598,15,43,-1.0713295982937014,-0.31796710127038064,1.1757860250752543,1.9730945361387187,-0.9930909993087541,4,8,No
3844,210.70588135826458,18,45,-0.258442860940471,1.2204250437782804,0.45054796700316324,0.12289933087278894,0.1638841903756143,3,1,No
2614,22.37119037466325,7,45,0.5625504401416662,-1.208934042079654,-0.5637022175942242,0.3489708595380674,0.7024121600035143,2,2,No
3462,8.063590891964507,4,24,0.3155278770590623,-0.30285767252022616,-0.4056910644244185,-0.6689931346949402,1.0823036890287159,4,5,No
1022,45.42433027518328,0,46,1.3905462536893474,-0.7801445841439879,0.08890283621543264,0.9582704040053237,-0.7761142901972499,4,7,No
3074,71.57163112352536,8,37,0.578837152502387,1.9710082512979954,0.9385156470752223,0.38412371373769705,-0.4667295584178887,1,4,No
3944,66.88839331581713,3,36,0.8936549854229597,1.3824586434633244,-0.9221030622701349,1.434985565629998,-0.036939122950685695,4,3,No
1586,6.547520849185841,22,49,-0.5780509205370341,-1.5731160600611571,-0.4273725318120172,0.6407776171080019,0.3940600890770358,3,7,No
1956,11.887305750511173,0,59,0.24279181109512263,0.025515733053315382,1.1256110262097088,-0.5827487610688902,-0.4977358118931173,3,7,No
3153,50.3248542099206,14,49,-0.11986934630206782,-0.985811230121146,0.09985243078313219,-0.7144891224134624,-2.0506727984488626,5,7,No
35,61.31223545245608,0,4,0.3358456728858239,-0.7362648901421949,-0.1856109348070501,0.8488665360350706,-0.6987634188148159,2,8,No
4015,39.289423172701625,19,58,0.12675276138400132,0.729976663352469,0.8727358859610387,-0.14431406945552114,1.510815752663758,0,2,No
776,40.56060506297142,14,36,-0.45123692825054373,-0.6741990181979842,-1.6403620405597799,0.07803072552008439,0.16201275198811943,2,1,No
2557,4.058419683971222,12,9,0.2856783753269752,-0.5414145075417328,0.9664751638852932,-0.7072556052356674,-0.05136778900174049,5,2,No
1479,22.405856988879698,10,20,0.024222455852962142,0.47932036954528806,-0.1550997518988721,-0.008957896397085302,0.4184369279091314,1,6,No
1364,78.41380926360168,8,45,1.9454719481145941,0.5607424000624197,1.4254059223124789,-0.2087982064229208,0.3455030494903224,4,6,No
2613,18.120097609408017,23,17,1.7632030849927454,-0.47266830028352164,-1.3890351291241942,-0.5249820389162893,0.6530200861861699,4,7,No
2825,33.42062579585634,20,11,0.09169717741232955,0.5000495643384668,-1.8316789397250854,0.2413092743812357,1.6401829295660564,4,2,No
2042,64.07392480105949,5,52,-0.5252846828114393,-0.9969432550763406,0.04146462478482887,0.3430881752521303,-0.4685971139654719,4,6,No
242,30.136511573721805,21,53,0.5147842369624097,-1.1837213277652818,-1.6462336889699805,1.99274280083532,-0.6424266797084363,4,1,No
2062,185.37113340284972,20,44,1.4992207445612984,0.20102689621612732,0.6172873224960682,0.3711859306174261,-0.3428677067016797,0,8,No
2364,53.53492774231457,14,23,-0.2371220219746366,0.3084904245684206,1.3643850146676004,0.4904140351801323,0.2602009815728582,3,1,No
601,55.44604595182593,3,10,-0.8772724411405676,-0.374156594389209,1.1327623061066514,0.9230647018766497,-1.0580404013792908,4,5,No
2436,12.704908302331917,17,26,0.4758485710704116,-0.548644971209072,0.9733853159903573,-0.9861575978626317,-0.9895243764115682,5,3,No
2889,22.26031930497292,2,30,0.18215204290688525,-0.12230736793299765,0.5501743213841611,-0.5849122775679194,-0.045904860460539515,5,7,No
647,61.267943827455774,0,16,-0.6116880361817151,-0.04263339565643339,0.1300507521936395,-0.4190697071457578,0.5300591957711293,2,6,No
3891,9.82074653287238,6,24,0.07201266385512482,-1.3121163947476666,-2.09488084782995,0.8938667968394352,-0.5215551635352856,0,7,No
3557,26.801380487545032,16,13,0.42284579164075303,1.1647469863827606,-0.9203076446654892,-0.5294682949528937,-1.3524476485539856,5,3,No
3203,24.380848365018647,11,53,-0.24450089587780263,-0.7927718559371189,0.532275195327016,-1.023524299325639,-0.3385545899861459,3,2,No
1529,3.916922749058905,6,44,-0.6980938248973473,-0.43344445795307723,2.114035637102753,-0.6818130653154276,-0.1439819498221597,5,9,No
1268,64.20502859039756,20,50,0.8435123440601495,-0.48674069666583025,-0.2889687029167053,0.5702168440443536,-0.19879639754518968,2,5,No
1900,11.293914505919552,18,59,-0.38636688860688695,-0.5053510053971071,0.6894735644077659,0.5444439135088993,-2.6217011659238003,2,4,No
4659,17.796258617779323,23,9,1.1856245375433752,0.9922045257157448,0.0388943058824578,-0.08111969794811269,-1.15208725721457,2,6,No
3006,20.85259948592054,12,28,-0.48154350600559304,1.1460579129001776,-0.533791358997568,-2.643494534849144,-0.1506303851819964,4,7,No
2735,32.277194868858615,19,50,0.7387923852598552,-0.42249955247731835,0.9695493139349181,-0.4326501646030613,0.35496995250337543,2,7,No
190,172.59156931414586,19,24,1.264779847050035,-1.4469455214256013,0.5666839069710864,1.2214722002075706,0.07822881435683716,1,4,No
1807,53.35859801745283,17,19,-0.3044182401973722,0.48331382243250304,-1.3296224467920323,2.3433571725871025,0.020993543384299318,5,2,No
976,11.686243342991988,23,23,0.05480985982330186,1.2746411561953968,1.3320807259278715,-1.6462343078348034,0.6478346730955673,0,3,No
2748,20.700021745549876,4,52,0.7891218174389276,0.49713129455943234,0.6102029710561815,-1.542002039785738,-0.6263260365922575,4,5,No
2048,54.48486377898153,20,7,-0.4026071427527276,-0.15510053930068352,-0.5360428189522269,1.4056916228062777,-0.018906536873635343,2,7,No
2559,139.07400172706824,5,7,-0.5349979717561932,0.055478323491008334,0.02239967301675527,0.6218985488643262,-1.611709924425648,2,4,No
1083,51.03922484556437,21,57,-1.1124834482237107,0.7937323297297773,-0.2721839946689551,-0.11582790036690063,-0.24110190597014827,3,6,No
475,61.50823799471476,12,55,0.46892165184105333,-0.19196574246248815,1.5657885492389845,-0.4180746289811456,0.17861184089478324,0,9,No
2905,22.00128607911311,12,47,0.4258573655865509,-0.9278434655416381,0.7895422277588717,-1.6785060499351645,-0.32042184893432685,5,7,No
4844,17.992779043091872,20,52,0.02592375369144173,-0.446712441488804,0.1637516099303109,-0.5096311201492719,0.34216787156192263,2,5,Yes
4118,87.76455264467066,11,31,-1.2217581248342775,-1.2360294195615307,-0.42058707172787446,0.9919890295413409,0.9731509811406687,2,9,No
3386,50.710041430720736,9,11,-0.05593449180980837,0.8182327638123443,-0.08170728783595751,-0.5161512516470967,-2.206236516191091,3,1,No
4556,167.93670928446238,9,24,-0.5440659384063772,0.13487292916062318,-0.3552666307927185,-0.5825630399927341,0.054424848992284273,3,5,No
1185,32.76501477342554,22,9,0.3854653447387619,0.8484010562037961,0.5808514262675121,0.5498925265620268,-0.7907517820564913,2,5,No
2434,36.68883066195684,0,25,1.2034912255235453,0.29328886128435216,0.549379686156372,0.45343362333953136,0.45787164743455405,3,3,No
2392,67.08562219320864,6,17,1.8013558167627286,0.4997085907082238,-0.40400601806041114,-0.49107021242102733,-0.2501772410127606,0,2,No
770,178.00588638088328,6,41,1.5921196479887945,-1.402989985154711,-0.18070859639001138,-0.6999776844392276,-0.9754225203773388,1,8,No
1686,62.816241291462866,15,3,-0.28196160304474394,-0.26191209792050607,0.4955882556329172,0.3683744264070565,0.7222251549233616,4,9,No
131,22.4253092182003,13,5,-0.23971377853080178,0.05261207591138063,-0.8653776604065087,0.7166310664731552,1.3666791787182826,4,3,No
2920,82.44673067259286,6,15,-0.6575263913405929,0.5875760103912714,-0.45287755126834034,-0.806964686439436,1.789809902248607,3,6,No
3172,65.93119518022604,13,40,1.2905606858558847,-0.4075186424710115,0.7610317708949567,0.7720274578280699,0.4178706098415265,4,8,No
3445,100.08364551483474,22,57,-0.17803510258060412,1.233429756732715,-0.8167750158266772,-0.35987974211178314,-0.38788238637446554,1,6,No
4427,39.277504159897376,16,26,1.2256599081264363,-0.3135474654787633,1.1857181018530027,-1.6345722694022016,-0.6130030194101572,0,1,No
467,24.700127692347543,15,47,-0.2961455921908937,-0.4262648726777842,0.23193750862858806,0.41081558919945615,0.19835916731883396,4,3,No
3093,84.55286558123046,16,34,-0.5572080183009285,-1.7490442929426302,-0.6054120256941014,0.07189206863294748,0.7670775671525658,2,8,No
3773,50.418699386632625,14,15,-0.8360025977655835,-0.48504775635180314,0.05308102561752765,1.323912718668183,0.3332789404714951,4,4,No
861,12.40352343422143,13,44,1.0383480042493285,1.2015196772347811,0.05293407405354185,-2.076295623491663,0.027881041500013633,0,8,No
